"../../../Engine/Content/EditorResources/S_Actor.ubulk" 0
"../../../Engine/Content/EditorResources/S_Actor.uasset" 1
"../../../Engine/Content/EditorResources/S_Actor.uexp" 2
"../../../Engine/Content/EditorResources/S_BoxReflectionCapture.uasset" 3
"../../../Engine/Content/EditorResources/S_BoxReflectionCapture.uexp" 4
"../../../Engine/Content/EngineResources/DefaultTexture.ubulk" 5
"../../../Engine/Content/EngineResources/DefaultTexture.uasset" 6
"../../../Engine/Content/EngineResources/DefaultTexture.uexp" 7
"../../../Engine/Content/EngineResources/DefaultTextureCube.uasset" 8
"../../../Engine/Content/EngineResources/DefaultTextureCube.uexp" 9
"../../../Engine/Content/EngineResources/DefaultVolumeTexture2D.uasset" 10
"../../../Engine/Content/EngineResources/DefaultVolumeTexture2D.uexp" 11
"../../../Engine/Content/EngineResources/DefaultVolumeTexture.uasset" 12
"../../../Engine/Content/EngineResources/DefaultVolumeTexture.uexp" 13
"../../../Engine/Content/EditorResources/S_Trigger.ubulk" 14
"../../../Engine/Content/EditorResources/S_Trigger.uasset" 15
"../../../Engine/Content/EditorResources/S_Trigger.uexp" 16
"../../../Engine/Content/EditorResources/S_TriggerBox.uasset" 17
"../../../Engine/Content/EditorResources/S_TriggerBox.uexp" 18
"../../../Engine/Content/EditorResources/S_TriggerCapsule.uasset" 19
"../../../Engine/Content/EditorResources/S_TriggerCapsule.uexp" 20
"../../../Engine/Content/EditorResources/S_TriggerSphere.uasset" 21
"../../../Engine/Content/EditorResources/S_TriggerSphere.uexp" 22
"../../../Engine/Content/EngineMeshes/Sphere.ubulk" 23
"../../../Engine/Content/EngineMeshes/Sphere.uasset" 24
"../../../Engine/Content/EngineMeshes/Sphere.uexp" 25
"../../../Engine/Content/EngineResources/GradientTexture0.uasset" 26
"../../../Engine/Content/EngineResources/GradientTexture0.uexp" 27
"../../../Engine/Content/EngineResources/Black.uasset" 28
"../../../Engine/Content/EngineResources/Black.uexp" 29
"../../../Engine/Content/VREditor/LaserPointer/VR_LaserPower_01.ubulk" 30
"../../../Engine/Content/VREditor/LaserPointer/VR_LaserPower_01.uasset" 31
"../../../Engine/Content/VREditor/LaserPointer/VR_LaserPower_01.uexp" 32
"../../../Engine/Content/VREditor/TransformGizmo/TransformGizmoMaterial.uasset" 33
"../../../Engine/Content/VREditor/TransformGizmo/TransformGizmoMaterial.uexp" 34
"../../../Engine/Content/VREditor/TransformGizmo/TranslucentTransformGizmoMaterial.uasset" 35
"../../../Engine/Content/VREditor/TransformGizmo/TranslucentTransformGizmoMaterial.uexp" 36
"../../../Engine/Content/VREditor/TransformGizmo/PlaneTranslationHandle.ubulk" 37
"../../../Engine/Content/VREditor/TransformGizmo/PlaneTranslationHandle.uasset" 38
"../../../Engine/Content/VREditor/TransformGizmo/PlaneTranslationHandle.uexp" 39
"../../../Engine/Content/VREditor/TransformGizmo/BoundingBoxCorner.ubulk" 40
"../../../Engine/Content/VREditor/TransformGizmo/BoundingBoxCorner.uasset" 41
"../../../Engine/Content/VREditor/TransformGizmo/BoundingBoxCorner.uexp" 42
"../../../Engine/Content/VREditor/TransformGizmo/BoundingBoxEdge.ubulk" 43
"../../../Engine/Content/VREditor/TransformGizmo/BoundingBoxEdge.uasset" 44
"../../../Engine/Content/VREditor/TransformGizmo/BoundingBoxEdge.uexp" 45
"../../../Engine/Content/VREditor/TransformGizmo/Main.uasset" 46
"../../../Engine/Content/VREditor/TransformGizmo/Main.uexp" 47
"../../../Engine/Content/VREditor/TransformGizmo/Xray.uasset" 48
"../../../Engine/Content/VREditor/TransformGizmo/Xray.uexp" 49
"../../../Engine/Content/VREditor/TransformGizmo/SM_Sequencer_Node.ubulk" 50
"../../../Engine/Content/VREditor/TransformGizmo/SM_Sequencer_Node.uasset" 51
"../../../Engine/Content/VREditor/TransformGizmo/SM_Sequencer_Node.uexp" 52
"../../../Engine/Content/EditorMaterials/Camera/CineMat.uasset" 53
"../../../Engine/Content/EditorMaterials/Camera/CineMat.uexp" 54
"../../../Engine/Content/EditorMaterials/Camera/MI_CineMat_Rig.uasset" 55
"../../../Engine/Content/EditorMaterials/Camera/MI_CineMat_Rig.uexp" 56
"../../../Engine/Content/EditorMeshes/Camera/SM_CraneRig_Base.ubulk" 57
"../../../Engine/Content/EditorMeshes/Camera/SM_CraneRig_Base.uasset" 58
"../../../Engine/Content/EditorMeshes/Camera/SM_CraneRig_Base.uexp" 59
"../../../Engine/Content/EditorMeshes/Camera/SM_CraneRig_Arm.ubulk" 60
"../../../Engine/Content/EditorMeshes/Camera/SM_CraneRig_Arm.uasset" 61
"../../../Engine/Content/EditorMeshes/Camera/SM_CraneRig_Arm.uexp" 62
"../../../Engine/Content/EditorMeshes/Camera/SM_CraneRig_Mount.ubulk" 63
"../../../Engine/Content/EditorMeshes/Camera/SM_CraneRig_Mount.uasset" 64
"../../../Engine/Content/EditorMeshes/Camera/SM_CraneRig_Mount.uexp" 65
"../../../Engine/Content/EditorMeshes/Camera/SM_CraneRig_Body.ubulk" 66
"../../../Engine/Content/EditorMeshes/Camera/SM_CraneRig_Body.uasset" 67
"../../../Engine/Content/EditorMeshes/Camera/SM_CraneRig_Body.uexp" 68
"../../../Engine/Content/EditorMeshes/Camera/SM_RailRig_Track.ubulk" 69
"../../../Engine/Content/EditorMeshes/Camera/SM_RailRig_Track.uasset" 70
"../../../Engine/Content/EditorMeshes/Camera/SM_RailRig_Track.uexp" 71
"../../../Engine/Content/EditorMeshes/Camera/SM_RailRig_Mount.ubulk" 72
"../../../Engine/Content/EditorMeshes/Camera/SM_RailRig_Mount.uasset" 73
"../../../Engine/Content/EditorMeshes/Camera/SM_RailRig_Mount.uexp" 74
"../../../Engine/Content/EngineMaterials/T_Default_Material_Grid_M.ubulk" 75
"../../../Engine/Content/EngineMaterials/T_Default_Material_Grid_M.uasset" 76
"../../../Engine/Content/EngineMaterials/T_Default_Material_Grid_M.uexp" 77
"../../../Engine/Content/EngineMaterials/T_Default_Material_Grid_N.ubulk" 78
"../../../Engine/Content/EngineMaterials/T_Default_Material_Grid_N.uasset" 79
"../../../Engine/Content/EngineMaterials/T_Default_Material_Grid_N.uexp" 80
"../../../Engine/Content/Functions/Engine_MaterialFunctions01/Opacity/CameraDepthFade.uasset" 81
"../../../Engine/Content/Functions/Engine_MaterialFunctions01/Opacity/CameraDepthFade.uexp" 82
"../../../Engine/Content/EngineMaterials/WorldGridMaterial.uasset" 83
"../../../Engine/Content/EngineMaterials/WorldGridMaterial.uexp" 84
"../../../Engine/Content/ArtTools/RenderToTexture/Meshes/S_1_Unit_Plane.ubulk" 85
"../../../Engine/Content/ArtTools/RenderToTexture/Meshes/S_1_Unit_Plane.uasset" 86
"../../../Engine/Content/ArtTools/RenderToTexture/Meshes/S_1_Unit_Plane.uexp" 87
"../../../Engine/Content/EditorMaterials/ParticleSystems/PSysThumbnail_NoImage.ubulk" 88
"../../../Engine/Content/EditorMaterials/ParticleSystems/PSysThumbnail_NoImage.uasset" 89
"../../../Engine/Content/EditorMaterials/ParticleSystems/PSysThumbnail_NoImage.uexp" 90
"../../../Engine/Content/EditorMaterials/ParticleSystems/PSysThumbnail_OOD.ubulk" 91
"../../../Engine/Content/EditorMaterials/ParticleSystems/PSysThumbnail_OOD.uasset" 92
"../../../Engine/Content/EditorMaterials/ParticleSystems/PSysThumbnail_OOD.uexp" 93
"../../../Engine/Content/EditorLandscapeResources/SplineEditorMeshMat.uasset" 94
"../../../Engine/Content/EditorLandscapeResources/SplineEditorMeshMat.uexp" 95
"../../../Engine/Content/EditorLandscapeResources/SplineEditorMesh.ubulk" 96
"../../../Engine/Content/EditorLandscapeResources/SplineEditorMesh.uasset" 97
"../../../Engine/Content/EditorLandscapeResources/SplineEditorMesh.uexp" 98
"../../../Engine/Content/EditorResources/S_Solver.ubulk" 99
"../../../Engine/Content/EditorResources/S_Solver.uasset" 100
"../../../Engine/Content/EditorResources/S_Solver.uexp" 101
"../../../Engine/Plugins/Media/MediaPlate/Content/SM_MediaPlateScreen.ubulk" 102
"../../../Engine/Plugins/Media/MediaPlate/Content/SM_MediaPlateScreen.uasset" 103
"../../../Engine/Plugins/Media/MediaPlate/Content/SM_MediaPlateScreen.uexp" 104
"../../../Engine/Content/EngineMaterials/DefaultBokeh.uasset" 105
"../../../Engine/Content/EngineMaterials/DefaultBokeh.uexp" 106
"../../../Engine/Content/EngineMaterials/PreintegratedSkinBRDF.uasset" 107
"../../../Engine/Content/EngineMaterials/PreintegratedSkinBRDF.uexp" 108
"../../../Engine/Content/EngineMaterials/MiniFont.uasset" 109
"../../../Engine/Content/EngineMaterials/MiniFont.uexp" 110
"../../../Engine/Content/EngineMaterials/WeightMapPlaceholderTexture.uasset" 111
"../../../Engine/Content/EngineMaterials/WeightMapPlaceholderTexture.uexp" 112
"../../../Engine/Content/EngineMaterials/DefaultWhiteGrid.ubulk" 113
"../../../Engine/Content/EngineMaterials/DefaultWhiteGrid.uasset" 114
"../../../Engine/Content/EngineMaterials/DefaultWhiteGrid.uexp" 115
"../../../Engine/Plugins/2D/Paper2D/Content/PlaceholderTextures/DummySpriteTexture.ubulk" 116
"../../../Engine/Plugins/2D/Paper2D/Content/PlaceholderTextures/DummySpriteTexture.uasset" 117
"../../../Engine/Plugins/2D/Paper2D/Content/PlaceholderTextures/DummySpriteTexture.uexp" 118
"../../../Engine/Plugins/2D/Paper2D/Content/DefaultSpriteMaterial.uasset" 119
"../../../Engine/Plugins/2D/Paper2D/Content/DefaultSpriteMaterial.uexp" 120
"../../../Engine/Plugins/2D/Paper2D/Content/OpaqueUnlitSpriteMaterial.uasset" 121
"../../../Engine/Plugins/2D/Paper2D/Content/OpaqueUnlitSpriteMaterial.uexp" 122
"../../../Engine/Plugins/2D/Paper2D/Content/MaskedUnlitSpriteMaterial.uasset" 123
"../../../Engine/Plugins/2D/Paper2D/Content/MaskedUnlitSpriteMaterial.uexp" 124
"../../../Engine/Plugins/2D/Paper2D/Content/DummySprite.uasset" 125
"../../../Engine/Plugins/2D/Paper2D/Content/DummySprite.uexp" 126
"../../../Engine/Plugins/2D/Paper2D/Content/DefaultPaperTerrainMaterial.uasset" 127
"../../../Engine/Plugins/2D/Paper2D/Content/DefaultPaperTerrainMaterial.uexp" 128
"../../../Engine/Content/Functions/Engine_MaterialFunctions02/WorldPositionOffset/CameraOffset.uasset" 129
"../../../Engine/Content/Functions/Engine_MaterialFunctions02/WorldPositionOffset/CameraOffset.uexp" 130
"../../../Engine/Plugins/Animation/ControlRig/Content/M_Manip.uasset" 131
"../../../Engine/Plugins/Animation/ControlRig/Content/M_Manip.uexp" 132
"../../../Engine/Content/EngineMaterials/DefaultMaterial.uasset" 133
"../../../Engine/Content/EngineMaterials/DefaultMaterial.uexp" 134
"../../../Engine/Content/BasicShapes/Cylinder.ubulk" 135
"../../../Engine/Content/BasicShapes/Cylinder.uasset" 136
"../../../Engine/Content/BasicShapes/Cylinder.uexp" 137
"../../../Engine/Content/BasicShapes/Cone.ubulk" 138
"../../../Engine/Content/BasicShapes/Cone.uasset" 139
"../../../Engine/Content/BasicShapes/Cone.uexp" 140
"../../../Engine/Content/EditorMaterials/PreviewShadowIndicator.ubulk" 141
"../../../Engine/Content/EditorMaterials/PreviewShadowIndicator.uasset" 142
"../../../Engine/Content/EditorMaterials/PreviewShadowIndicator.uexp" 143
"../../../Engine/Content/EditorMaterials/PreviewShadowIndicatorMaterial.uasset" 144
"../../../Engine/Content/EditorMaterials/PreviewShadowIndicatorMaterial.uexp" 145
"../../../Engine/Content/EditorMaterials/PhAT_UnselectedMaterial.uasset" 146
"../../../Engine/Content/EditorMaterials/PhAT_UnselectedMaterial.uexp" 147
"../../../Engine/Content/EditorMaterials/PhAT_NoCollisionMaterial.uasset" 148
"../../../Engine/Content/EditorMaterials/PhAT_NoCollisionMaterial.uexp" 149
"../../../Engine/Plugins/Editor/SpeedTreeImporter/Content/SpeedTree9/game_wind_noise.ubulk" 150
"../../../Engine/Plugins/Editor/SpeedTreeImporter/Content/SpeedTree9/game_wind_noise.uasset" 151
"../../../Engine/Plugins/Editor/SpeedTreeImporter/Content/SpeedTree9/game_wind_noise.uexp" 152
"../../../Engine/Plugins/Editor/SpeedTreeImporter/Content/SpeedTree9/UnpackDirection.uasset" 153
"../../../Engine/Plugins/Editor/SpeedTreeImporter/Content/SpeedTree9/UnpackDirection.uexp" 154
"../../../Engine/Content/Functions/Engine_MaterialFunctions02/ObjectLocalBounds.uasset" 155
"../../../Engine/Content/Functions/Engine_MaterialFunctions02/ObjectLocalBounds.uexp" 156
"../../../Engine/Content/Functions/Engine_MaterialFunctions02/Utility/BreakOutFloat3Components.uasset" 157
"../../../Engine/Content/Functions/Engine_MaterialFunctions02/Utility/BreakOutFloat3Components.uexp" 158
"../../../Engine/Content/Functions/Engine_MaterialFunctions02/UVs/BoundingBoxBased_0-1_UVW.uasset" 159
"../../../Engine/Content/Functions/Engine_MaterialFunctions02/UVs/BoundingBoxBased_0-1_UVW.uexp" 160
"../../../Engine/Content/Functions/Engine_MaterialFunctions02/Utility/VectorLength.uasset" 161
"../../../Engine/Content/Functions/Engine_MaterialFunctions02/Utility/VectorLength.uexp" 162
"../../../Engine/Plugins/Editor/SpeedTreeImporter/Content/SpeedTree9/UnpackInteger3.uasset" 163
"../../../Engine/Plugins/Editor/SpeedTreeImporter/Content/SpeedTree9/UnpackInteger3.uexp" 164
"../../../Engine/Plugins/Editor/SpeedTreeImporter/Content/SpeedTree9/SpeedTreeCameraFacing.uasset" 165
"../../../Engine/Plugins/Editor/SpeedTreeImporter/Content/SpeedTree9/SpeedTreeCameraFacing.uexp" 166
"../../../Engine/Content/Functions/Engine_MaterialFunctions02/WorldPositionOffset/ObjectScale.uasset" 167
"../../../Engine/Content/Functions/Engine_MaterialFunctions02/WorldPositionOffset/ObjectScale.uexp" 168
"../../../Engine/Content/Functions/Engine_MaterialFunctions02/SafeNormalize.uasset" 169
"../../../Engine/Content/Functions/Engine_MaterialFunctions02/SafeNormalize.uexp" 170
"../../../Engine/Plugins/Editor/SpeedTreeImporter/Content/SpeedTree9/SpeedTreeWindMotion.uasset" 171
"../../../Engine/Plugins/Editor/SpeedTreeImporter/Content/SpeedTree9/SpeedTreeWindMotion.uexp" 172
"../../../Engine/Plugins/Editor/SpeedTreeImporter/Content/SpeedTree9/SpeedTreeBranchMotion.uasset" 173
"../../../Engine/Plugins/Editor/SpeedTreeImporter/Content/SpeedTree9/SpeedTreeBranchMotion.uexp" 174
"../../../Engine/Plugins/Editor/SpeedTreeImporter/Content/SpeedTree9/SpeedTreeWind.uasset" 175
"../../../Engine/Plugins/Editor/SpeedTreeImporter/Content/SpeedTree9/SpeedTreeWind.uexp" 176
"../../../Engine/Plugins/Editor/SpeedTreeImporter/Content/SpeedTree9/EmptyNormal.uasset" 177
"../../../Engine/Plugins/Editor/SpeedTreeImporter/Content/SpeedTree9/EmptyNormal.uexp" 178
"../../../Engine/Plugins/Editor/SpeedTreeImporter/Content/SpeedTree9/Empty.uasset" 179
"../../../Engine/Plugins/Editor/SpeedTreeImporter/Content/SpeedTree9/Empty.uexp" 180
"../../../Engine/Plugins/Editor/SpeedTreeImporter/Content/SpeedTree9/SpeedTreeMaster.uasset" 181
"../../../Engine/Plugins/Editor/SpeedTreeImporter/Content/SpeedTree9/SpeedTreeMaster.uexp" 182
"../../../Engine/Plugins/Editor/SpeedTreeImporter/Content/SpeedTree9/SpeedTreeBillboard.uasset" 183
"../../../Engine/Plugins/Editor/SpeedTreeImporter/Content/SpeedTree9/SpeedTreeBillboard.uexp" 184
"../../../Engine/Plugins/Editor/SpeedTreeImporter/Content/SpeedTree9/SpeedTreeBillboardMaster.uasset" 185
"../../../Engine/Plugins/Editor/SpeedTreeImporter/Content/SpeedTree9/SpeedTreeBillboardMaster.uexp" 186
"../../../Engine/Plugins/Runtime/MeshModelingToolset/Content/Materials/M_DynamicMeshComponentVtxColor.uasset" 187
"../../../Engine/Plugins/Runtime/MeshModelingToolset/Content/Materials/M_DynamicMeshComponentVtxColor.uexp" 188
"../../../Engine/Content/Functions/Engine_MaterialFunctions02/Utility/CameraDirectionVector.uasset" 189
"../../../Engine/Content/Functions/Engine_MaterialFunctions02/Utility/CameraDirectionVector.uexp" 190
"../../../Engine/Content/Functions/Engine_MaterialFunctions02/Utility/MakeFloat4.uasset" 191
"../../../Engine/Content/Functions/Engine_MaterialFunctions02/Utility/MakeFloat4.uexp" 192
"../../../Engine/Content/Functions/Engine_MaterialFunctions02/Utility/BreakOutFloat4Components.uasset" 193
"../../../Engine/Content/Functions/Engine_MaterialFunctions02/Utility/BreakOutFloat4Components.uexp" 194
"../../../Engine/Plugins/MovieScene/MovieRenderPipeline/Content/Materials/MovieRenderQueue_WorldDepth.uasset" 195
"../../../Engine/Plugins/MovieScene/MovieRenderPipeline/Content/Materials/MovieRenderQueue_WorldDepth.uexp" 196
"../../../Engine/Content/Functions/Engine_MaterialFunctions02/Utility/MakeFloat3.uasset" 197
"../../../Engine/Content/Functions/Engine_MaterialFunctions02/Utility/MakeFloat3.uexp" 198
"../../../Engine/Content/Functions/Engine_MaterialFunctions02/Utility/BreakOutFloat2Components.uasset" 199
"../../../Engine/Content/Functions/Engine_MaterialFunctions02/Utility/BreakOutFloat2Components.uexp" 200
"../../../Engine/Plugins/MovieScene/MovieRenderPipeline/Content/Materials/MovieRenderQueue_MotionVectors.uasset" 201
"../../../Engine/Plugins/MovieScene/MovieRenderPipeline/Content/Materials/MovieRenderQueue_MotionVectors.uexp" 202
"../../../Engine/Plugins/MovieScene/MovieRenderPipeline/Content/Materials/MoviePipeline_StencilCutout.uasset" 203
"../../../Engine/Plugins/MovieScene/MovieRenderPipeline/Content/Materials/MoviePipeline_StencilCutout.uexp" 204
"../../../Engine/Plugins/MovieScene/MovieRenderPipeline/Content/Blueprints/UI_MovieRenderPipelineInfoTableRow.uasset" 205
"../../../Engine/Plugins/MovieScene/MovieRenderPipeline/Content/Blueprints/UI_MovieRenderPipelineInfoTableRow.uexp" 206
"../../../Engine/Content/ArtTools/RenderToTexture/Textures/127grey.uasset" 207
"../../../Engine/Content/ArtTools/RenderToTexture/Textures/127grey.uexp" 208
"../../../Engine/Plugins/MovieScene/MovieRenderPipeline/Content/Blueprints/M_MoviePipelineRenderPreview.uasset" 209
"../../../Engine/Plugins/MovieScene/MovieRenderPipeline/Content/Blueprints/M_MoviePipelineRenderPreview.uexp" 210
"../../../Engine/Plugins/MovieScene/MovieRenderPipeline/Content/Blueprints/UI_MovieRenderPipelineScreenOverlay.uasset" 211
"../../../Engine/Plugins/MovieScene/MovieRenderPipeline/Content/Blueprints/UI_MovieRenderPipelineScreenOverlay.uexp" 212
"../../../Engine/Content/EngineFonts/Faces/DroidSansMono.uexp" 213
"../../../Engine/Content/EngineFonts/Faces/DroidSansMono.uasset" 214
"../../../Engine/Content/EngineFonts/Faces/DroidSansMono.ufont" 215
"../../../Engine/Content/EngineFonts/Faces/DroidSansFallback.uexp" 216
"../../../Engine/Content/EngineFonts/Faces/DroidSansFallback.uasset" 217
"../../../Engine/Content/EngineFonts/Faces/DroidSansFallback.ufont" 218
"../../../Engine/Content/EngineFonts/DroidSansMono.uasset" 219
"../../../Engine/Content/EngineFonts/DroidSansMono.uexp" 220
"../../../Engine/Plugins/MovieScene/MovieRenderPipeline/Content/Blueprints/DefaultBurnIn.uasset" 221
"../../../Engine/Plugins/MovieScene/MovieRenderPipeline/Content/Blueprints/DefaultBurnIn.uexp" 222
"../../../Engine/Plugins/Interchange/Runtime/Content/Pipelines/DefaultTexturePipeline.uasset" 223
"../../../Engine/Plugins/Interchange/Runtime/Content/Pipelines/DefaultTexturePipeline.uexp" 224
"../../../Engine/Plugins/Interchange/Runtime/Content/Pipelines/DefaultSceneLevelPipeline.uasset" 225
"../../../Engine/Plugins/Interchange/Runtime/Content/Pipelines/DefaultSceneLevelPipeline.uexp" 226
"../../../Engine/Plugins/Interchange/Runtime/Content/Pipelines/DefaultSceneAssetsPipeline.uasset" 227
"../../../Engine/Plugins/Interchange/Runtime/Content/Pipelines/DefaultSceneAssetsPipeline.uexp" 228
"../../../Engine/Plugins/Interchange/Runtime/Content/Pipelines/DefaultMaterialPipeline.uasset" 229
"../../../Engine/Plugins/Interchange/Runtime/Content/Pipelines/DefaultMaterialPipeline.uexp" 230
"../../../Engine/Plugins/Interchange/Runtime/Content/Pipelines/DefaultAssetsPipeline.uasset" 231
"../../../Engine/Plugins/Interchange/Runtime/Content/Pipelines/DefaultAssetsPipeline.uexp" 232
"../../../Engine/Plugins/Animation/ControlRig/Content/Controls/DefaultGizmoLibraryNormalized.uasset" 233
"../../../Engine/Plugins/Animation/ControlRig/Content/Controls/DefaultGizmoLibraryNormalized.uexp" 234
"../../../Engine/Plugins/Animation/ControlRig/Content/Controls/ControlRig_Wedge_solid.ubulk" 235
"../../../Engine/Plugins/Animation/ControlRig/Content/Controls/ControlRig_Wedge_solid.uasset" 236
"../../../Engine/Plugins/Animation/ControlRig/Content/Controls/ControlRig_Wedge_solid.uexp" 237
"../../../Engine/Plugins/Animation/ControlRig/Content/Controls/ControlRig_Wedge_3mm.ubulk" 238
"../../../Engine/Plugins/Animation/ControlRig/Content/Controls/ControlRig_Wedge_3mm.uasset" 239
"../../../Engine/Plugins/Animation/ControlRig/Content/Controls/ControlRig_Wedge_3mm.uexp" 240
"../../../Engine/Plugins/Animation/ControlRig/Content/Controls/ControlRig_Wedge_1mm.ubulk" 241
"../../../Engine/Plugins/Animation/ControlRig/Content/Controls/ControlRig_Wedge_1mm.uasset" 242
"../../../Engine/Plugins/Animation/ControlRig/Content/Controls/ControlRig_Wedge_1mm.uexp" 243
"../../../Engine/Plugins/Animation/ControlRig/Content/Controls/ControlRig_Triangle_solid.ubulk" 244
"../../../Engine/Plugins/Animation/ControlRig/Content/Controls/ControlRig_Triangle_solid.uasset" 245
"../../../Engine/Plugins/Animation/ControlRig/Content/Controls/ControlRig_Triangle_solid.uexp" 246
"../../../Engine/Plugins/Animation/ControlRig/Content/Controls/ControlRig_Triangle_3mm.ubulk" 247
"../../../Engine/Plugins/Animation/ControlRig/Content/Controls/ControlRig_Triangle_3mm.uasset" 248
"../../../Engine/Plugins/Animation/ControlRig/Content/Controls/ControlRig_Triangle_3mm.uexp" 249
"../../../Engine/Plugins/Animation/ControlRig/Content/Controls/ControlRig_Triangle_1mm.ubulk" 250
"../../../Engine/Plugins/Animation/ControlRig/Content/Controls/ControlRig_Triangle_1mm.uasset" 251
"../../../Engine/Plugins/Animation/ControlRig/Content/Controls/ControlRig_Triangle_1mm.uexp" 252
"../../../Engine/Plugins/Animation/ControlRig/Content/Controls/ControlRig_Star4_solid.ubulk" 253
"../../../Engine/Plugins/Animation/ControlRig/Content/Controls/ControlRig_Star4_solid.uasset" 254
"../../../Engine/Plugins/Animation/ControlRig/Content/Controls/ControlRig_Star4_solid.uexp" 255
"../../../Engine/Plugins/Animation/ControlRig/Content/Controls/ControlRig_Star4_3mm.ubulk" 256
"../../../Engine/Plugins/Animation/ControlRig/Content/Controls/ControlRig_Star4_3mm.uasset" 257
"../../../Engine/Plugins/Animation/ControlRig/Content/Controls/ControlRig_Star4_3mm.uexp" 258
"../../../Engine/Plugins/Animation/ControlRig/Content/Controls/ControlRig_Star4_1mm.ubulk" 259
"../../../Engine/Plugins/Animation/ControlRig/Content/Controls/ControlRig_Star4_1mm.uasset" 260
"../../../Engine/Plugins/Animation/ControlRig/Content/Controls/ControlRig_Star4_1mm.uexp" 261
"../../../Engine/Plugins/Animation/ControlRig/Content/Controls/ControlRig_Square_solid.ubulk" 262
"../../../Engine/Plugins/Animation/ControlRig/Content/Controls/ControlRig_Square_solid.uasset" 263
"../../../Engine/Plugins/Animation/ControlRig/Content/Controls/ControlRig_Square_solid.uexp" 264
"../../../Engine/Plugins/Animation/ControlRig/Content/Controls/ControlRig_Square_3mm.ubulk" 265
"../../../Engine/Plugins/Animation/ControlRig/Content/Controls/ControlRig_Square_3mm.uasset" 266
"../../../Engine/Plugins/Animation/ControlRig/Content/Controls/ControlRig_Square_3mm.uexp" 267
"../../../Engine/Plugins/Animation/ControlRig/Content/Controls/ControlRig_Square_1mm.ubulk" 268
"../../../Engine/Plugins/Animation/ControlRig/Content/Controls/ControlRig_Square_1mm.uasset" 269
"../../../Engine/Plugins/Animation/ControlRig/Content/Controls/ControlRig_Square_1mm.uexp" 270
"../../../Engine/Plugins/Animation/ControlRig/Content/Controls/ControlRig_Sphere_solid.ubulk" 271
"../../../Engine/Plugins/Animation/ControlRig/Content/Controls/ControlRig_Sphere_solid.uasset" 272
"../../../Engine/Plugins/Animation/ControlRig/Content/Controls/ControlRig_Sphere_solid.uexp" 273
"../../../Engine/Plugins/Animation/ControlRig/Content/Controls/ControlRig_Sphere_3mm.ubulk" 274
"../../../Engine/Plugins/Animation/ControlRig/Content/Controls/ControlRig_Sphere_3mm.uasset" 275
"../../../Engine/Plugins/Animation/ControlRig/Content/Controls/ControlRig_Sphere_3mm.uexp" 276
"../../../Engine/Plugins/Animation/ControlRig/Content/Controls/ControlRig_Sphere_1mm.ubulk" 277
"../../../Engine/Plugins/Animation/ControlRig/Content/Controls/ControlRig_Sphere_1mm.uasset" 278
"../../../Engine/Plugins/Animation/ControlRig/Content/Controls/ControlRig_Sphere_1mm.uexp" 279
"../../../Engine/Plugins/Animation/ControlRig/Content/Controls/ControlRig_RoundedTriangle_solid.ubulk" 280
"../../../Engine/Plugins/Animation/ControlRig/Content/Controls/ControlRig_RoundedTriangle_solid.uasset" 281
"../../../Engine/Plugins/Animation/ControlRig/Content/Controls/ControlRig_RoundedTriangle_solid.uexp" 282
"../../../Engine/Plugins/Animation/ControlRig/Content/Controls/ControlRig_RoundedTriangle_3mm.ubulk" 283
"../../../Engine/Plugins/Animation/ControlRig/Content/Controls/ControlRig_RoundedTriangle_3mm.uasset" 284
"../../../Engine/Plugins/Animation/ControlRig/Content/Controls/ControlRig_RoundedTriangle_3mm.uexp" 285
"../../../Engine/Plugins/Animation/ControlRig/Content/Controls/ControlRig_RoundedTriangle_1mm.ubulk" 286
"../../../Engine/Plugins/Animation/ControlRig/Content/Controls/ControlRig_RoundedTriangle_1mm.uasset" 287
"../../../Engine/Plugins/Animation/ControlRig/Content/Controls/ControlRig_RoundedTriangle_1mm.uexp" 288
"../../../Engine/Plugins/Animation/ControlRig/Content/Controls/ControlRig_RoundedSquare_solid.ubulk" 289
"../../../Engine/Plugins/Animation/ControlRig/Content/Controls/ControlRig_RoundedSquare_solid.uasset" 290
"../../../Engine/Plugins/Animation/ControlRig/Content/Controls/ControlRig_RoundedSquare_solid.uexp" 291
"../../../Engine/Plugins/Animation/ControlRig/Content/Controls/ControlRig_RoundedSquare_3mm.ubulk" 292
"../../../Engine/Plugins/Animation/ControlRig/Content/Controls/ControlRig_RoundedSquare_3mm.uasset" 293
"../../../Engine/Plugins/Animation/ControlRig/Content/Controls/ControlRig_RoundedSquare_3mm.uexp" 294
"../../../Engine/Plugins/Animation/ControlRig/Content/Controls/ControlRig_RoundedSquare_1mm.ubulk" 295
"../../../Engine/Plugins/Animation/ControlRig/Content/Controls/ControlRig_RoundedSquare_1mm.uasset" 296
"../../../Engine/Plugins/Animation/ControlRig/Content/Controls/ControlRig_RoundedSquare_1mm.uexp" 297
"../../../Engine/Plugins/Animation/ControlRig/Content/Controls/ControlRig_QuarterCircle_solid.ubulk" 298
"../../../Engine/Plugins/Animation/ControlRig/Content/Controls/ControlRig_QuarterCircle_solid.uasset" 299
"../../../Engine/Plugins/Animation/ControlRig/Content/Controls/ControlRig_QuarterCircle_solid.uexp" 300
"../../../Engine/Plugins/Animation/ControlRig/Content/Controls/ControlRig_QuarterCircle_3mm.ubulk" 301
"../../../Engine/Plugins/Animation/ControlRig/Content/Controls/ControlRig_QuarterCircle_3mm.uasset" 302
"../../../Engine/Plugins/Animation/ControlRig/Content/Controls/ControlRig_QuarterCircle_3mm.uexp" 303
"../../../Engine/Plugins/Animation/ControlRig/Content/Controls/ControlRig_QuarterCircle_1mm.ubulk" 304
"../../../Engine/Plugins/Animation/ControlRig/Content/Controls/ControlRig_QuarterCircle_1mm.uasset" 305
"../../../Engine/Plugins/Animation/ControlRig/Content/Controls/ControlRig_QuarterCircle_1mm.uexp" 306
"../../../Engine/Plugins/Animation/ControlRig/Content/Controls/ControlRig_Pyramid_solid.ubulk" 307
"../../../Engine/Plugins/Animation/ControlRig/Content/Controls/ControlRig_Pyramid_solid.uasset" 308
"../../../Engine/Plugins/Animation/ControlRig/Content/Controls/ControlRig_Pyramid_solid.uexp" 309
"../../../Engine/Plugins/Animation/ControlRig/Content/Controls/ControlRig_Pyramid_3mm.ubulk" 310
"../../../Engine/Plugins/Animation/ControlRig/Content/Controls/ControlRig_Pyramid_3mm.uasset" 311
"../../../Engine/Plugins/Animation/ControlRig/Content/Controls/ControlRig_Pyramid_3mm.uexp" 312
"../../../Engine/Plugins/Animation/ControlRig/Content/Controls/ControlRig_Pyramid_1mm.ubulk" 313
"../../../Engine/Plugins/Animation/ControlRig/Content/Controls/ControlRig_Pyramid_1mm.uasset" 314
"../../../Engine/Plugins/Animation/ControlRig/Content/Controls/ControlRig_Pyramid_1mm.uexp" 315
"../../../Engine/Plugins/Animation/ControlRig/Content/Controls/ControlRig_Octagon_solid.ubulk" 316
"../../../Engine/Plugins/Animation/ControlRig/Content/Controls/ControlRig_Octagon_solid.uasset" 317
"../../../Engine/Plugins/Animation/ControlRig/Content/Controls/ControlRig_Octagon_solid.uexp" 318
"../../../Engine/Plugins/Animation/ControlRig/Content/Controls/ControlRig_Octagon_3mm.ubulk" 319
"../../../Engine/Plugins/Animation/ControlRig/Content/Controls/ControlRig_Octagon_3mm.uasset" 320
"../../../Engine/Plugins/Animation/ControlRig/Content/Controls/ControlRig_Octagon_3mm.uexp" 321
"../../../Engine/Plugins/Animation/ControlRig/Content/Controls/ControlRig_Octagon_1mm.ubulk" 322
"../../../Engine/Plugins/Animation/ControlRig/Content/Controls/ControlRig_Octagon_1mm.uasset" 323
"../../../Engine/Plugins/Animation/ControlRig/Content/Controls/ControlRig_Octagon_1mm.uexp" 324
"../../../Engine/Plugins/Animation/ControlRig/Content/Controls/ControlRig_Hexagon_solid.ubulk" 325
"../../../Engine/Plugins/Animation/ControlRig/Content/Controls/ControlRig_Hexagon_solid.uasset" 326
"../../../Engine/Plugins/Animation/ControlRig/Content/Controls/ControlRig_Hexagon_solid.uexp" 327
"../../../Engine/Plugins/Animation/ControlRig/Content/Controls/ControlRig_Hexagon_3mm.ubulk" 328
"../../../Engine/Plugins/Animation/ControlRig/Content/Controls/ControlRig_Hexagon_3mm.uasset" 329
"../../../Engine/Plugins/Animation/ControlRig/Content/Controls/ControlRig_Hexagon_3mm.uexp" 330
"../../../Engine/Plugins/Animation/ControlRig/Content/Controls/ControlRig_Hexagon_1mm.ubulk" 331
"../../../Engine/Plugins/Animation/ControlRig/Content/Controls/ControlRig_Hexagon_1mm.uasset" 332
"../../../Engine/Plugins/Animation/ControlRig/Content/Controls/ControlRig_Hexagon_1mm.uexp" 333
"../../../Engine/Plugins/Animation/ControlRig/Content/Controls/ControlRig_HalfCircle_solid.ubulk" 334
"../../../Engine/Plugins/Animation/ControlRig/Content/Controls/ControlRig_HalfCircle_solid.uasset" 335
"../../../Engine/Plugins/Animation/ControlRig/Content/Controls/ControlRig_HalfCircle_solid.uexp" 336
"../../../Engine/Plugins/Animation/ControlRig/Content/Controls/ControlRig_HalfCircle_3mm.ubulk" 337
"../../../Engine/Plugins/Animation/ControlRig/Content/Controls/ControlRig_HalfCircle_3mm.uasset" 338
"../../../Engine/Plugins/Animation/ControlRig/Content/Controls/ControlRig_HalfCircle_3mm.uexp" 339
"../../../Engine/Plugins/Animation/ControlRig/Content/Controls/ControlRig_HalfCircle_1mm.ubulk" 340
"../../../Engine/Plugins/Animation/ControlRig/Content/Controls/ControlRig_HalfCircle_1mm.uasset" 341
"../../../Engine/Plugins/Animation/ControlRig/Content/Controls/ControlRig_HalfCircle_1mm.uexp" 342
"../../../Engine/Plugins/Animation/ControlRig/Content/Controls/ControlRig_Diamond_solid.ubulk" 343
"../../../Engine/Plugins/Animation/ControlRig/Content/Controls/ControlRig_Diamond_solid.uasset" 344
"../../../Engine/Plugins/Animation/ControlRig/Content/Controls/ControlRig_Diamond_solid.uexp" 345
"../../../Engine/Plugins/Animation/ControlRig/Content/Controls/ControlRig_Diamond_3mm.ubulk" 346
"../../../Engine/Plugins/Animation/ControlRig/Content/Controls/ControlRig_Diamond_3mm.uasset" 347
"../../../Engine/Plugins/Animation/ControlRig/Content/Controls/ControlRig_Diamond_3mm.uexp" 348
"../../../Engine/Plugins/Animation/ControlRig/Content/Controls/ControlRig_Diamond_1mm.ubulk" 349
"../../../Engine/Plugins/Animation/ControlRig/Content/Controls/ControlRig_Diamond_1mm.uasset" 350
"../../../Engine/Plugins/Animation/ControlRig/Content/Controls/ControlRig_Diamond_1mm.uexp" 351
"../../../Engine/Plugins/Animation/ControlRig/Content/Controls/ControlRig_Circle_solid.ubulk" 352
"../../../Engine/Plugins/Animation/ControlRig/Content/Controls/ControlRig_Circle_solid.uasset" 353
"../../../Engine/Plugins/Animation/ControlRig/Content/Controls/ControlRig_Circle_solid.uexp" 354
"../../../Engine/Plugins/Animation/ControlRig/Content/Controls/ControlRig_Circle_3mm.ubulk" 355
"../../../Engine/Plugins/Animation/ControlRig/Content/Controls/ControlRig_Circle_3mm.uasset" 356
"../../../Engine/Plugins/Animation/ControlRig/Content/Controls/ControlRig_Circle_3mm.uexp" 357
"../../../Engine/Plugins/Animation/ControlRig/Content/Controls/ControlRig_Circle_1mm.ubulk" 358
"../../../Engine/Plugins/Animation/ControlRig/Content/Controls/ControlRig_Circle_1mm.uasset" 359
"../../../Engine/Plugins/Animation/ControlRig/Content/Controls/ControlRig_Circle_1mm.uexp" 360
"../../../Engine/Plugins/Animation/ControlRig/Content/Controls/ControlRig_Box_solid.ubulk" 361
"../../../Engine/Plugins/Animation/ControlRig/Content/Controls/ControlRig_Box_solid.uasset" 362
"../../../Engine/Plugins/Animation/ControlRig/Content/Controls/ControlRig_Box_solid.uexp" 363
"../../../Engine/Plugins/Animation/ControlRig/Content/Controls/ControlRig_Box_3mm.ubulk" 364
"../../../Engine/Plugins/Animation/ControlRig/Content/Controls/ControlRig_Box_3mm.uasset" 365
"../../../Engine/Plugins/Animation/ControlRig/Content/Controls/ControlRig_Box_3mm.uexp" 366
"../../../Engine/Plugins/Animation/ControlRig/Content/Controls/ControlRig_Box_1mm.ubulk" 367
"../../../Engine/Plugins/Animation/ControlRig/Content/Controls/ControlRig_Box_1mm.uasset" 368
"../../../Engine/Plugins/Animation/ControlRig/Content/Controls/ControlRig_Box_1mm.uexp" 369
"../../../Engine/Plugins/Animation/ControlRig/Content/Controls/ControlRig_Arrow_solid.ubulk" 370
"../../../Engine/Plugins/Animation/ControlRig/Content/Controls/ControlRig_Arrow_solid.uasset" 371
"../../../Engine/Plugins/Animation/ControlRig/Content/Controls/ControlRig_Arrow_solid.uexp" 372
"../../../Engine/Plugins/Animation/ControlRig/Content/Controls/ControlRig_Arrow_3mm.ubulk" 373
"../../../Engine/Plugins/Animation/ControlRig/Content/Controls/ControlRig_Arrow_3mm.uasset" 374
"../../../Engine/Plugins/Animation/ControlRig/Content/Controls/ControlRig_Arrow_3mm.uexp" 375
"../../../Engine/Plugins/Animation/ControlRig/Content/Controls/ControlRig_Arrow_1mm.ubulk" 376
"../../../Engine/Plugins/Animation/ControlRig/Content/Controls/ControlRig_Arrow_1mm.uasset" 377
"../../../Engine/Plugins/Animation/ControlRig/Content/Controls/ControlRig_Arrow_1mm.uexp" 378
"../../../Engine/Plugins/Animation/ControlRig/Content/Controls/ControlRig_Arrow4_solid.ubulk" 379
"../../../Engine/Plugins/Animation/ControlRig/Content/Controls/ControlRig_Arrow4_solid.uasset" 380
"../../../Engine/Plugins/Animation/ControlRig/Content/Controls/ControlRig_Arrow4_solid.uexp" 381
"../../../Engine/Plugins/Animation/ControlRig/Content/Controls/ControlRig_Arrow4_3mm.ubulk" 382
"../../../Engine/Plugins/Animation/ControlRig/Content/Controls/ControlRig_Arrow4_3mm.uasset" 383
"../../../Engine/Plugins/Animation/ControlRig/Content/Controls/ControlRig_Arrow4_3mm.uexp" 384
"../../../Engine/Plugins/Animation/ControlRig/Content/Controls/ControlRig_Arrow4_1mm.ubulk" 385
"../../../Engine/Plugins/Animation/ControlRig/Content/Controls/ControlRig_Arrow4_1mm.uasset" 386
"../../../Engine/Plugins/Animation/ControlRig/Content/Controls/ControlRig_Arrow4_1mm.uexp" 387
"../../../Engine/Plugins/Animation/ControlRig/Content/Controls/ControlRig_Arrow2_solid.ubulk" 388
"../../../Engine/Plugins/Animation/ControlRig/Content/Controls/ControlRig_Arrow2_solid.uasset" 389
"../../../Engine/Plugins/Animation/ControlRig/Content/Controls/ControlRig_Arrow2_solid.uexp" 390
"../../../Engine/Plugins/Animation/ControlRig/Content/Controls/ControlRig_Arrow2_3mm.ubulk" 391
"../../../Engine/Plugins/Animation/ControlRig/Content/Controls/ControlRig_Arrow2_3mm.uasset" 392
"../../../Engine/Plugins/Animation/ControlRig/Content/Controls/ControlRig_Arrow2_3mm.uexp" 393
"../../../Engine/Plugins/Animation/ControlRig/Content/Controls/ControlRig_Arrow2_1mm.ubulk" 394
"../../../Engine/Plugins/Animation/ControlRig/Content/Controls/ControlRig_Arrow2_1mm.uasset" 395
"../../../Engine/Plugins/Animation/ControlRig/Content/Controls/ControlRig_Arrow2_1mm.uexp" 396
"../../../Engine/Plugins/Animation/ControlRig/Content/Controls/ControlRigXRayMaterial.uasset" 397
"../../../Engine/Plugins/Animation/ControlRig/Content/Controls/ControlRigXRayMaterial.uexp" 398
"../../../Engine/Plugins/Animation/ControlRig/Content/Controls/ControlRigGizmoMaterial.uasset" 399
"../../../Engine/Plugins/Animation/ControlRig/Content/Controls/ControlRigGizmoMaterial.uexp" 400
"../../../Engine/Content/EngineSounds/Master.uasset" 401
"../../../Engine/Content/EngineSounds/Master.uexp" 402
"../../../Engine/Content/EngineResources/WhiteSquareTexture.uasset" 403
"../../../Engine/Content/EngineResources/WhiteSquareTexture.uexp" 404
"../../../Engine/Content/EngineMaterials/Widget3DPassThrough.uasset" 405
"../../../Engine/Content/EngineMaterials/Widget3DPassThrough.uexp" 406
"../../../Engine/Content/EngineMaterials/Widget3DPassThrough_Translucent.uasset" 407
"../../../Engine/Content/EngineMaterials/Widget3DPassThrough_Translucent.uexp" 408
"../../../Engine/Content/EngineMaterials/Widget3DPassThrough_Translucent_OneSided.uasset" 409
"../../../Engine/Content/EngineMaterials/Widget3DPassThrough_Translucent_OneSided.uexp" 410
"../../../Engine/Content/EngineMaterials/Widget3DPassThrough_Opaque.uasset" 411
"../../../Engine/Content/EngineMaterials/Widget3DPassThrough_Opaque.uexp" 412
"../../../Engine/Content/EngineMaterials/Widget3DPassThrough_Opaque_OneSided.uasset" 413
"../../../Engine/Content/EngineMaterials/Widget3DPassThrough_Opaque_OneSided.uexp" 414
"../../../Engine/Content/EngineMaterials/Widget3DPassThrough_Masked_OneSided.uasset" 415
"../../../Engine/Content/EngineMaterials/Widget3DPassThrough_Masked_OneSided.uexp" 416
"../../../Engine/Content/EngineMaterials/Widget3DPassThrough_Masked.uasset" 417
"../../../Engine/Content/EngineMaterials/Widget3DPassThrough_Masked.uexp" 418
"../../../Engine/Content/EngineMaterials/STBlueNoise_vec2_128x128x64.uasset" 419
"../../../Engine/Content/EngineMaterials/STBlueNoise_vec2_128x128x64.uexp" 420
"../../../Engine/Content/EngineMaterials/STBlueNoise_scalar_128x128x64.uasset" 421
"../../../Engine/Content/EngineMaterials/STBlueNoise_scalar_128x128x64.uexp" 422
"../../../Engine/Content/EngineMaterials/RemoveSurfaceMaterial.uasset" 423
"../../../Engine/Content/EngineMaterials/RemoveSurfaceMaterial.uexp" 424
"../../../Engine/Content/EngineMaterials/DefaultCalibrationGrayscale.uasset" 425
"../../../Engine/Content/EngineMaterials/DefaultCalibrationGrayscale.uexp" 426
"../../../Engine/Content/EngineMaterials/PPM_DefaultCalibrationGrayscale.uasset" 427
"../../../Engine/Content/EngineMaterials/PPM_DefaultCalibrationGrayscale.uexp" 428
"../../../Engine/Content/EngineMaterials/DefaultCalibrationColor.uasset" 429
"../../../Engine/Content/EngineMaterials/DefaultCalibrationColor.uexp" 430
"../../../Engine/Content/EngineMaterials/PPM_DefaultCalibrationColor.uasset" 431
"../../../Engine/Content/EngineMaterials/PPM_DefaultCalibrationColor.uexp" 432
"../../../Engine/Content/EngineMaterials/PhAT_JointLimitMaterial.uasset" 433
"../../../Engine/Content/EngineMaterials/PhAT_JointLimitMaterial.uexp" 434
"../../../Engine/Content/EngineMaterials/NaniteHiddenSectionMaterial.uasset" 435
"../../../Engine/Content/EngineMaterials/NaniteHiddenSectionMaterial.uexp" 436
"../../../Engine/Content/EngineMaterials/InvalidLightmapSettings.ubulk" 437
"../../../Engine/Content/EngineMaterials/InvalidLightmapSettings.uasset" 438
"../../../Engine/Content/EngineMaterials/InvalidLightmapSettings.uexp" 439
"../../../Engine/Content/EngineMaterials/M_InvalidLightmapSettings.uasset" 440
"../../../Engine/Content/EngineMaterials/M_InvalidLightmapSettings.uexp" 441
"../../../Engine/Content/EngineMaterials/GizmoMaterial.uasset" 442
"../../../Engine/Content/EngineMaterials/GizmoMaterial.uexp" 443
"../../../Engine/Content/EngineMaterials/BaseFlattenEmissiveMap_VT.uasset" 444
"../../../Engine/Content/EngineMaterials/BaseFlattenEmissiveMap_VT.uexp" 445
"../../../Engine/Content/EngineMaterials/BaseFlattenGrayscaleMap_VT.uasset" 446
"../../../Engine/Content/EngineMaterials/BaseFlattenGrayscaleMap_VT.uexp" 447
"../../../Engine/Content/EngineMaterials/BaseFlattenLinearColor_VT.uasset" 448
"../../../Engine/Content/EngineMaterials/BaseFlattenLinearColor_VT.uexp" 449
"../../../Engine/Content/EngineMaterials/Black_1x1_EXR_Texture_VT.uasset" 450
"../../../Engine/Content/EngineMaterials/Black_1x1_EXR_Texture_VT.uexp" 451
"../../../Engine/Content/EngineMaterials/BaseFlattenDiffuseMap_VT.uasset" 452
"../../../Engine/Content/EngineMaterials/BaseFlattenDiffuseMap_VT.uexp" 453
"../../../Engine/Content/EngineMaterials/BaseFlattenNormalMap_VT.uasset" 454
"../../../Engine/Content/EngineMaterials/BaseFlattenNormalMap_VT.uexp" 455
"../../../Engine/Content/EngineMaterials/FlattenMaterial_WS_Normal_VT.uasset" 456
"../../../Engine/Content/EngineMaterials/FlattenMaterial_WS_Normal_VT.uexp" 457
"../../../Engine/Content/EngineMaterials/FlattenMaterial_VT.uasset" 458
"../../../Engine/Content/EngineMaterials/FlattenMaterial_VT.uexp" 459
"../../../Engine/Content/EngineMaterials/BaseFlattenNormalMap.uasset" 460
"../../../Engine/Content/EngineMaterials/BaseFlattenNormalMap.uexp" 461
"../../../Engine/Content/EngineMaterials/BaseFlattenGrayscaleMap.uasset" 462
"../../../Engine/Content/EngineMaterials/BaseFlattenGrayscaleMap.uexp" 463
"../../../Engine/Content/EngineMaterials/BaseFlattenDiffuseMap.uasset" 464
"../../../Engine/Content/EngineMaterials/BaseFlattenDiffuseMap.uexp" 465
"../../../Engine/Content/Functions/Engine_MaterialFunctions02/PivotPainter2/Black_1x1_EXR_Texture.uasset" 466
"../../../Engine/Content/Functions/Engine_MaterialFunctions02/PivotPainter2/Black_1x1_EXR_Texture.uexp" 467
"../../../Engine/Content/EngineMaterials/BaseFlattenEmissiveMap.uasset" 468
"../../../Engine/Content/EngineMaterials/BaseFlattenEmissiveMap.uexp" 469
"../../../Engine/Content/EngineMaterials/BaseFlattenLinearColor.uasset" 470
"../../../Engine/Content/EngineMaterials/BaseFlattenLinearColor.uexp" 471
"../../../Engine/Content/EngineMaterials/FlattenMaterial.uasset" 472
"../../../Engine/Content/EngineMaterials/FlattenMaterial.uexp" 473
"../../../Engine/Content/EngineMaterials/DefaultWhiteGrid_Low.uasset" 474
"../../../Engine/Content/EngineMaterials/DefaultWhiteGrid_Low.uexp" 475
"../../../Engine/Content/EngineMaterials/EmissiveMeshMaterial.uasset" 476
"../../../Engine/Content/EngineMaterials/EmissiveMeshMaterial.uexp" 477
"../../../Engine/Content/EngineFonts/RobotoDistanceField.uasset" 478
"../../../Engine/Content/EngineFonts/RobotoDistanceField.uexp" 479
"../../../Engine/Content/EngineMaterials/DefaultTextMaterialOpaque.uasset" 480
"../../../Engine/Content/EngineMaterials/DefaultTextMaterialOpaque.uexp" 481
"../../../Engine/Content/EngineMaterials/DefaultDiffuse.ubulk" 482
"../../../Engine/Content/EngineMaterials/DefaultDiffuse.uasset" 483
"../../../Engine/Content/EngineMaterials/DefaultDiffuse.uexp" 484
"../../../Engine/Content/EngineMaterials/DefaultPostProcessMaterial.uasset" 485
"../../../Engine/Content/EngineMaterials/DefaultPostProcessMaterial.uexp" 486
"../../../Engine/Content/EngineMaterials/DefaultPhysicalMaterial.uasset" 487
"../../../Engine/Content/EngineMaterials/DefaultPhysicalMaterial.uexp" 488
"../../../Engine/Content/EngineMaterials/DefaultLightFunctionMaterial.uasset" 489
"../../../Engine/Content/EngineMaterials/DefaultLightFunctionMaterial.uexp" 490
"../../../Engine/Content/EngineMaterials/DefaultDestructiblePhysicalMaterial.uasset" 491
"../../../Engine/Content/EngineMaterials/DefaultDestructiblePhysicalMaterial.uexp" 492
"../../../Engine/Content/EngineMaterials/DefaultDeferredDecalMaterial.uasset" 493
"../../../Engine/Content/EngineMaterials/DefaultDeferredDecalMaterial.uexp" 494
"../../../Engine/Content/EngineMaterials/DefaultBloomKernel.uasset" 495
"../../../Engine/Content/EngineMaterials/DefaultBloomKernel.uexp" 496
"../../../Engine/Content/EngineFonts/Faces/RobotoLight.uexp" 497
"../../../Engine/Content/EngineFonts/Faces/RobotoLight.uasset" 498
"../../../Engine/Content/EngineFonts/Faces/RobotoLight.ufont" 499
"../../../Engine/Content/EngineFonts/Faces/RobotoBold.uexp" 500
"../../../Engine/Content/EngineFonts/Faces/RobotoBold.uasset" 501
"../../../Engine/Content/EngineFonts/Faces/RobotoBold.ufont" 502
"../../../Engine/Content/EngineFonts/Faces/RobotoRegular.uexp" 503
"../../../Engine/Content/EngineFonts/Faces/RobotoRegular.uasset" 504
"../../../Engine/Content/EngineFonts/Faces/RobotoRegular.ufont" 505
"../../../Engine/Content/EngineFonts/Faces/RobotoItalic.uexp" 506
"../../../Engine/Content/EngineFonts/Faces/RobotoItalic.uasset" 507
"../../../Engine/Content/EngineFonts/Faces/RobotoItalic.ufont" 508
"../../../Engine/Content/EngineFonts/Faces/RobotoBoldItalic.uexp" 509
"../../../Engine/Content/EngineFonts/Faces/RobotoBoldItalic.uasset" 510
"../../../Engine/Content/EngineFonts/Faces/RobotoBoldItalic.ufont" 511
"../../../Engine/Content/EngineFonts/Roboto.uasset" 512
"../../../Engine/Content/EngineFonts/Roboto.uexp" 513
"../../../Engine/Content/EngineDebugMaterials/VolumeToRender.uasset" 514
"../../../Engine/Content/EngineDebugMaterials/VolumeToRender.uexp" 515
"../../../Engine/Content/EngineDebugMaterials/M_VolumeRenderSphereTracePP.uasset" 516
"../../../Engine/Content/EngineDebugMaterials/M_VolumeRenderSphereTracePP.uexp" 517
"../../../Engine/Content/EngineDebugMaterials/M_SimpleUnlitTranslucent.uasset" 518
"../../../Engine/Content/EngineDebugMaterials/M_SimpleUnlitTranslucent.uexp" 519
"../../../Engine/Content/EngineDebugMaterials/DebugMeshMaterial.uasset" 520
"../../../Engine/Content/EngineDebugMaterials/DebugMeshMaterial.uexp" 521
"../../../Engine/Content/EngineDebugMaterials/DebugEditorMaterial.uasset" 522
"../../../Engine/Content/EngineDebugMaterials/DebugEditorMaterial.uexp" 523
"../../../Engine/Content/EngineDamageTypes/DmgTypeBP_Environmental.uasset" 524
"../../../Engine/Content/EngineDamageTypes/DmgTypeBP_Environmental.uexp" 525
"../../../Engine/Content/EditorResources/S_Terrain.ubulk" 526
"../../../Engine/Content/EditorResources/S_Terrain.uasset" 527
"../../../Engine/Content/EditorResources/S_Terrain.uexp" 528
"../../../Engine/Content/EditorResources/EmptyActor.uasset" 529
"../../../Engine/Content/EditorResources/EmptyActor.uexp" 530
"../../../Engine/Content/EditorResources/BSPVertex.uasset" 531
"../../../Engine/Content/EditorResources/BSPVertex.uexp" 532
"../../../Engine/Content/EditorLandscapeResources/DefaultAlphaTexture.uasset" 533
"../../../Engine/Content/EditorLandscapeResources/DefaultAlphaTexture.uexp" 534
"../../../Engine/Content/EditorLandscapeResources/DataLayer.uasset" 535
"../../../Engine/Content/EditorLandscapeResources/DataLayer.uexp" 536
"../../../Engine/Content/MobileResources/HUD/VirtualJoystick_Background.uasset" 537
"../../../Engine/Content/MobileResources/HUD/VirtualJoystick_Background.uexp" 538
"../../../Engine/Content/MobileResources/HUD/VirtualJoystick_Thumb.uasset" 539
"../../../Engine/Content/MobileResources/HUD/VirtualJoystick_Thumb.uexp" 540
"../../../Engine/Content/MobileResources/HUD/DefaultVirtualJoysticks.uasset" 541
"../../../Engine/Content/MobileResources/HUD/DefaultVirtualJoysticks.uexp" 542
"../../../Engine/Content/EngineSky/VolumetricClouds/CloudWeatherTexture.uasset" 543
"../../../Engine/Content/EngineSky/VolumetricClouds/CloudWeatherTexture.uexp" 544
"../../../Engine/Content/Functions/Engine_MaterialFunctions02/Utility/MakeFloat2.uasset" 545
"../../../Engine/Content/Functions/Engine_MaterialFunctions02/Utility/MakeFloat2.uexp" 546
"../../../Engine/Content/EngineSky/VolumetricClouds/CloudGradientTexture.uasset" 547
"../../../Engine/Content/EngineSky/VolumetricClouds/CloudGradientTexture.uexp" 548
"../../../Engine/Content/EngineSky/VolumetricClouds/T_NoiseShape64.ubulk" 549
"../../../Engine/Content/EngineSky/VolumetricClouds/T_NoiseShape64.uasset" 550
"../../../Engine/Content/EngineSky/VolumetricClouds/T_NoiseShape64.uexp" 551
"../../../Engine/Content/EngineSky/VolumetricClouds/T_VolumeNoiseShape64.uasset" 552
"../../../Engine/Content/EngineSky/VolumetricClouds/T_VolumeNoiseShape64.uexp" 553
"../../../Engine/Content/EngineSky/VolumetricClouds/T_NoiseErosion.ubulk" 554
"../../../Engine/Content/EngineSky/VolumetricClouds/T_NoiseErosion.uasset" 555
"../../../Engine/Content/EngineSky/VolumetricClouds/T_NoiseErosion.uexp" 556
"../../../Engine/Content/EngineSky/VolumetricClouds/T_VolumeNoiseErosion32.uasset" 557
"../../../Engine/Content/EngineSky/VolumetricClouds/T_VolumeNoiseErosion32.uexp" 558
"../../../Engine/Content/EngineSky/VolumetricClouds/m_SimpleVolumetricCloud.uasset" 559
"../../../Engine/Content/EngineSky/VolumetricClouds/m_SimpleVolumetricCloud.uexp" 560
"../../../Engine/Content/EngineSky/VolumetricClouds/m_SimpleVolumetricCloud_Inst.uasset" 561
"../../../Engine/Content/EngineSky/VolumetricClouds/m_SimpleVolumetricCloud_Inst.uexp" 562
"../../../Engine/Content/EngineResources/FilmGrains/Marcie_Grain_v3_128_M2_000.uasset" 563
"../../../Engine/Content/EngineResources/FilmGrains/Marcie_Grain_v3_128_M2_000.uexp" 564
"../../../Engine/Content/EditorResources/SequenceRecorder/RecordingIndicator.uasset" 565
"../../../Engine/Content/EditorResources/SequenceRecorder/RecordingIndicator.uexp" 566
"../../../Engine/Content/EditorResources/SequenceRecorder/Countdown.uasset" 567
"../../../Engine/Content/EditorResources/SequenceRecorder/Countdown.uexp" 568
"../../../Engine/Content/EditorResources/LightIcons/S_LightError.uasset" 569
"../../../Engine/Content/EditorResources/LightIcons/S_LightError.uexp" 570
"../../../Engine/Content/Functions/Engine_MaterialFunctions01/Shading/PowerToRoughness.uasset" 571
"../../../Engine/Content/Functions/Engine_MaterialFunctions01/Shading/PowerToRoughness.uexp" 572
"../../../Engine/Content/Functions/Engine_MaterialFunctions01/Shading/ConvertFromDiffSpec.uasset" 573
"../../../Engine/Content/Functions/Engine_MaterialFunctions01/Shading/ConvertFromDiffSpec.uexp" 574
"D:/UE_project/Blaster/Content/Assets/BalticVFX_MagicCirclesToolkit/Textures/T_FX_TileDusty.ubulk" 575
"D:/UE_project/Blaster/Content/Assets/BalticVFX_MagicCirclesToolkit/Textures/T_FX_TileDusty.uasset" 576
"D:/UE_project/Blaster/Content/Assets/BalticVFX_MagicCirclesToolkit/Textures/T_FX_TileDusty.uexp" 577
"../../../Engine/Content/Functions/Engine_MaterialFunctions01/Texturing/ScaleUVsByCenter.uasset" 578
"../../../Engine/Content/Functions/Engine_MaterialFunctions01/Texturing/ScaleUVsByCenter.uexp" 579
"D:/UE_project/Blaster/Content/Assets/BalticVFX_MagicCirclesToolkit/Textures/T_FX_glowy_line_packed.ubulk" 580
"D:/UE_project/Blaster/Content/Assets/BalticVFX_MagicCirclesToolkit/Textures/T_FX_glowy_line_packed.uasset" 581
"D:/UE_project/Blaster/Content/Assets/BalticVFX_MagicCirclesToolkit/Textures/T_FX_glowy_line_packed.uexp" 582
"D:/UE_project/Blaster/Content/Assets/BalticVFX_MagicCirclesToolkit/Textures/T_FX_Mask_FadeFaceCorners.ubulk" 583
"D:/UE_project/Blaster/Content/Assets/BalticVFX_MagicCirclesToolkit/Textures/T_FX_Mask_FadeFaceCorners.uasset" 584
"D:/UE_project/Blaster/Content/Assets/BalticVFX_MagicCirclesToolkit/Textures/T_FX_Mask_FadeFaceCorners.uexp" 585
"D:/UE_project/Blaster/Content/Assets/BalticVFX_MagicCirclesToolkit/Textures/T_Baltic_FractalNoise.ubulk" 586
"D:/UE_project/Blaster/Content/Assets/BalticVFX_MagicCirclesToolkit/Textures/T_Baltic_FractalNoise.uasset" 587
"D:/UE_project/Blaster/Content/Assets/BalticVFX_MagicCirclesToolkit/Textures/T_Baltic_FractalNoise.uexp" 588
"../../../Engine/Content/Functions/Engine_MaterialFunctions03/Math/RemapValueRange.uasset" 589
"../../../Engine/Content/Functions/Engine_MaterialFunctions03/Math/RemapValueRange.uexp" 590
"D:/UE_project/Blaster/Content/Assets/BalticVFX_MagicCirclesToolkit/MaterialFunctions/Fx_DissolveSmooth.uasset" 591
"D:/UE_project/Blaster/Content/Assets/BalticVFX_MagicCirclesToolkit/MaterialFunctions/Fx_DissolveSmooth.uexp" 592
"D:/UE_project/Blaster/Content/Assets/BalticVFX_MagicCirclesToolkit/Materials/Master/M_Line_Basic_Additive.uasset" 593
"D:/UE_project/Blaster/Content/Assets/BalticVFX_MagicCirclesToolkit/Materials/Master/M_Line_Basic_Additive.uexp" 594
"D:/UE_project/Blaster/Content/Assets/BalticVFX_MagicCirclesToolkit/Meshes/Shapes/PolygramBands/SM_Baltic_MagicCircle_Polygrams_All_star12_wide.ubulk" 595
"D:/UE_project/Blaster/Content/Assets/BalticVFX_MagicCirclesToolkit/Meshes/Shapes/PolygramBands/SM_Baltic_MagicCircle_Polygrams_All_star12_wide.uasset" 596
"D:/UE_project/Blaster/Content/Assets/BalticVFX_MagicCirclesToolkit/Meshes/Shapes/PolygramBands/SM_Baltic_MagicCircle_Polygrams_All_star12_wide.uexp" 597
"../../../Engine/Content/Maps/Entry_BuiltData.uasset" 598
"../../../Engine/Content/Maps/Entry_BuiltData.uexp" 599
"../../../Engine/Content/Maps/Entry.uexp" 600
"../../../Engine/Content/Maps/Entry.umap" 601
"D:/UE_project/Blaster/Content/Maps/TransitionMap.uexp" 602
"D:/UE_project/Blaster/Content/Maps/TransitionMap.umap" 603
"D:/UE_project/Blaster/Content/Assets/AnimeCitySuburbs/Textures/T_Concrete_A.ubulk" 604
"D:/UE_project/Blaster/Content/Assets/AnimeCitySuburbs/Textures/T_Concrete_A.uasset" 605
"D:/UE_project/Blaster/Content/Assets/AnimeCitySuburbs/Textures/T_Concrete_A.uexp" 606
"D:/UE_project/Blaster/Content/Assets/AnimeCitySuburbs/Textures/T_Concrete_N.ubulk" 607
"D:/UE_project/Blaster/Content/Assets/AnimeCitySuburbs/Textures/T_Concrete_N.uasset" 608
"D:/UE_project/Blaster/Content/Assets/AnimeCitySuburbs/Textures/T_Concrete_N.uexp" 609
"../../../Engine/Content/Functions/Engine_MaterialFunctions01/Gradient/LinearGradient.uasset" 610
"../../../Engine/Content/Functions/Engine_MaterialFunctions01/Gradient/LinearGradient.uexp" 611
"../../../Engine/Content/Functions/Engine_MaterialFunctions01/ImageAdjustment/CheapContrast.uasset" 612
"../../../Engine/Content/Functions/Engine_MaterialFunctions01/ImageAdjustment/CheapContrast.uexp" 613
"../../../Engine/Content/Functions/Engine_MaterialFunctions02/Texturing/HeightLerp.uasset" 614
"../../../Engine/Content/Functions/Engine_MaterialFunctions02/Texturing/HeightLerp.uexp" 615
"D:/UE_project/Blaster/Content/Assets/AnimeCitySuburbs/Textures/T_Var01.ubulk" 616
"D:/UE_project/Blaster/Content/Assets/AnimeCitySuburbs/Textures/T_Var01.uasset" 617
"D:/UE_project/Blaster/Content/Assets/AnimeCitySuburbs/Textures/T_Var01.uexp" 618
"D:/UE_project/Blaster/Content/Assets/AnimeCitySuburbs/Textures/T_PlasterWall_ORM.ubulk" 619
"D:/UE_project/Blaster/Content/Assets/AnimeCitySuburbs/Textures/T_PlasterWall_ORM.uasset" 620
"D:/UE_project/Blaster/Content/Assets/AnimeCitySuburbs/Textures/T_PlasterWall_ORM.uexp" 621
"../../../Engine/Content/Functions/Engine_MaterialFunctions02/Utility/Sign.uasset" 622
"../../../Engine/Content/Functions/Engine_MaterialFunctions02/Utility/Sign.uexp" 623
"../../../Engine/Content/Functions/Engine_MaterialFunctions02/Utility/Round.uasset" 624
"../../../Engine/Content/Functions/Engine_MaterialFunctions02/Utility/Round.uexp" 625
"D:/UE_project/Blaster/Content/Assets/AnimeCitySuburbs/Textures/T_PlasterWall_N.ubulk" 626
"D:/UE_project/Blaster/Content/Assets/AnimeCitySuburbs/Textures/T_PlasterWall_N.uasset" 627
"D:/UE_project/Blaster/Content/Assets/AnimeCitySuburbs/Textures/T_PlasterWall_N.uexp" 628
"D:/UE_project/Blaster/Content/Assets/AnimeCitySuburbs/Textures/T_Metal_D.ubulk" 629
"D:/UE_project/Blaster/Content/Assets/AnimeCitySuburbs/Textures/T_Metal_D.uasset" 630
"D:/UE_project/Blaster/Content/Assets/AnimeCitySuburbs/Textures/T_Metal_D.uexp" 631
"D:/UE_project/Blaster/Content/Assets/AnimeCitySuburbs/Textures/T_PlasterWall_A.ubulk" 632
"D:/UE_project/Blaster/Content/Assets/AnimeCitySuburbs/Textures/T_PlasterWall_A.uasset" 633
"D:/UE_project/Blaster/Content/Assets/AnimeCitySuburbs/Textures/T_PlasterWall_A.uexp" 634
"D:/UE_project/Blaster/Content/Assets/AnimeCitySuburbs/Textures/T_Metal_ORM.ubulk" 635
"D:/UE_project/Blaster/Content/Assets/AnimeCitySuburbs/Textures/T_Metal_ORM.uasset" 636
"D:/UE_project/Blaster/Content/Assets/AnimeCitySuburbs/Textures/T_Metal_ORM.uexp" 637
"D:/UE_project/Blaster/Content/Assets/AnimeCitySuburbs/Textures/T_Metal_N.ubulk" 638
"D:/UE_project/Blaster/Content/Assets/AnimeCitySuburbs/Textures/T_Metal_N.uasset" 639
"D:/UE_project/Blaster/Content/Assets/AnimeCitySuburbs/Textures/T_Metal_N.uexp" 640
"D:/UE_project/Blaster/Content/Assets/AnimeCitySuburbs/Materials/M_Metal.uasset" 641
"D:/UE_project/Blaster/Content/Assets/AnimeCitySuburbs/Materials/M_Metal.uexp" 642
"D:/UE_project/Blaster/Content/Assets/AnimeCitySuburbs/Textures/T_Concrete_ORM.ubulk" 643
"D:/UE_project/Blaster/Content/Assets/AnimeCitySuburbs/Textures/T_Concrete_ORM.uasset" 644
"D:/UE_project/Blaster/Content/Assets/AnimeCitySuburbs/Textures/T_Concrete_ORM.uexp" 645
"D:/UE_project/Blaster/Content/Assets/AnimeCitySuburbs/Materials/MI_Concrete.uasset" 646
"D:/UE_project/Blaster/Content/Assets/AnimeCitySuburbs/Materials/MI_Concrete.uexp" 647
"D:/UE_project/Blaster/Content/Assets/AnimeCitySuburbs/Materials/MI_ConcreteDark.uasset" 648
"D:/UE_project/Blaster/Content/Assets/AnimeCitySuburbs/Materials/MI_ConcreteDark.uexp" 649
"D:/UE_project/Blaster/Content/Assets/AnimeCitySuburbs/Textures/T_Fish_N.ubulk" 650
"D:/UE_project/Blaster/Content/Assets/AnimeCitySuburbs/Textures/T_Fish_N.uasset" 651
"D:/UE_project/Blaster/Content/Assets/AnimeCitySuburbs/Textures/T_Fish_N.uexp" 652
"D:/UE_project/Blaster/Content/Assets/AnimeCitySuburbs/Textures/T_Fish_ORM.ubulk" 653
"D:/UE_project/Blaster/Content/Assets/AnimeCitySuburbs/Textures/T_Fish_ORM.uasset" 654
"D:/UE_project/Blaster/Content/Assets/AnimeCitySuburbs/Textures/T_Fish_ORM.uexp" 655
"D:/UE_project/Blaster/Content/Assets/AnimeCitySuburbs/Textures/Vehicles/T_Car_White_BC.ubulk" 656
"D:/UE_project/Blaster/Content/Assets/AnimeCitySuburbs/Textures/Vehicles/T_Car_White_BC.uasset" 657
"D:/UE_project/Blaster/Content/Assets/AnimeCitySuburbs/Textures/Vehicles/T_Car_White_BC.uexp" 658
"D:/UE_project/Blaster/Content/Assets/AnimeCitySuburbs/Textures/Vehicles/T_Car_ORM.ubulk" 659
"D:/UE_project/Blaster/Content/Assets/AnimeCitySuburbs/Textures/Vehicles/T_Car_ORM.uasset" 660
"D:/UE_project/Blaster/Content/Assets/AnimeCitySuburbs/Textures/Vehicles/T_Car_ORM.uexp" 661
"D:/UE_project/Blaster/Content/Assets/AnimeCitySuburbs/Textures/Vehicles/T_Car_N.ubulk" 662
"D:/UE_project/Blaster/Content/Assets/AnimeCitySuburbs/Textures/Vehicles/T_Car_N.uasset" 663
"D:/UE_project/Blaster/Content/Assets/AnimeCitySuburbs/Textures/Vehicles/T_Car_N.uexp" 664
"D:/UE_project/Blaster/Content/Assets/AnimeCitySuburbs/Materials/M_Car_White.uasset" 665
"D:/UE_project/Blaster/Content/Assets/AnimeCitySuburbs/Materials/M_Car_White.uexp" 666
"D:/UE_project/Blaster/Content/Assets/AnimeCitySuburbs/Textures/T_Fish_D.ubulk" 667
"D:/UE_project/Blaster/Content/Assets/AnimeCitySuburbs/Textures/T_Fish_D.uasset" 668
"D:/UE_project/Blaster/Content/Assets/AnimeCitySuburbs/Textures/T_Fish_D.uexp" 669
"D:/UE_project/Blaster/Content/Assets/AnimeCitySuburbs/Materials/MI_FishDoor.uasset" 670
"D:/UE_project/Blaster/Content/Assets/AnimeCitySuburbs/Materials/MI_FishDoor.uexp" 671
"D:/UE_project/Blaster/Content/Assets/Textures/Crosshairs/Primary/Crosshair_Top.uasset" 672
"D:/UE_project/Blaster/Content/Assets/Textures/Crosshairs/Primary/Crosshair_Top.uexp" 673
"D:/UE_project/Blaster/Content/Assets/MilitaryWeapSilver/Sound/Attenuation/WeaponHandling_att.uasset" 674
"D:/UE_project/Blaster/Content/Assets/MilitaryWeapSilver/Sound/Attenuation/WeaponHandling_att.uexp" 675
"D:/UE_project/Blaster/Content/Assets/MilitaryWeapSilver/Sound/Pistol/Wavs/Pistol_Lower.ubulk" 676
"D:/UE_project/Blaster/Content/Assets/MilitaryWeapSilver/Sound/Pistol/Wavs/Pistol_Lower.uasset" 677
"D:/UE_project/Blaster/Content/Assets/MilitaryWeapSilver/Sound/Pistol/Wavs/Pistol_Lower.uexp" 678
"D:/UE_project/Blaster/Content/Assets/MilitaryWeapSilver/Sound/Pistol/Cues/Pistol_Lower_Cue.uasset" 679
"D:/UE_project/Blaster/Content/Assets/MilitaryWeapSilver/Sound/Pistol/Cues/Pistol_Lower_Cue.uexp" 680
"D:/UE_project/Blaster/Content/Assets/Textures/Crosshairs/Primary/Crosshair_Center.uasset" 681
"D:/UE_project/Blaster/Content/Assets/Textures/Crosshairs/Primary/Crosshair_Center.uexp" 682
"D:/UE_project/Blaster/Content/Assets/Textures/Crosshairs/Primary/Crosshair_Left.uasset" 683
"D:/UE_project/Blaster/Content/Assets/Textures/Crosshairs/Primary/Crosshair_Left.uexp" 684
"D:/UE_project/Blaster/Content/Assets/Sounds/Shells/shell_61_wav.ubulk" 685
"D:/UE_project/Blaster/Content/Assets/Sounds/Shells/shell_61_wav.uasset" 686
"D:/UE_project/Blaster/Content/Assets/Sounds/Shells/shell_61_wav.uexp" 687
"D:/UE_project/Blaster/Content/Assets/Sounds/Shells/shell_14_wav.ubulk" 688
"D:/UE_project/Blaster/Content/Assets/Sounds/Shells/shell_14_wav.uasset" 689
"D:/UE_project/Blaster/Content/Assets/Sounds/Shells/shell_14_wav.uexp" 690
"D:/UE_project/Blaster/Content/Assets/Sounds/Shells/shell_03_wav.ubulk" 691
"D:/UE_project/Blaster/Content/Assets/Sounds/Shells/shell_03_wav.uasset" 692
"D:/UE_project/Blaster/Content/Assets/Sounds/Shells/shell_03_wav.uexp" 693
"D:/UE_project/Blaster/Content/Assets/Sounds/Shells/shell_45_wav.ubulk" 694
"D:/UE_project/Blaster/Content/Assets/Sounds/Shells/shell_45_wav.uasset" 695
"D:/UE_project/Blaster/Content/Assets/Sounds/Shells/shell_45_wav.uexp" 696
"D:/UE_project/Blaster/Content/Assets/Sounds/Shells/shell_25_wav.ubulk" 697
"D:/UE_project/Blaster/Content/Assets/Sounds/Shells/shell_25_wav.uasset" 698
"D:/UE_project/Blaster/Content/Assets/Sounds/Shells/shell_25_wav.uexp" 699
"D:/UE_project/Blaster/Content/Assets/Sounds/Shells/shell_26_wav.ubulk" 700
"D:/UE_project/Blaster/Content/Assets/Sounds/Shells/shell_26_wav.uasset" 701
"D:/UE_project/Blaster/Content/Assets/Sounds/Shells/shell_26_wav.uexp" 702
"D:/UE_project/Blaster/Content/Assets/Sounds/Shells/shell_17_wav.ubulk" 703
"D:/UE_project/Blaster/Content/Assets/Sounds/Shells/shell_17_wav.uasset" 704
"D:/UE_project/Blaster/Content/Assets/Sounds/Shells/shell_17_wav.uexp" 705
"D:/UE_project/Blaster/Content/Assets/Sounds/Shells/shell_12_wav.ubulk" 706
"D:/UE_project/Blaster/Content/Assets/Sounds/Shells/shell_12_wav.uasset" 707
"D:/UE_project/Blaster/Content/Assets/Sounds/Shells/shell_12_wav.uexp" 708
"D:/UE_project/Blaster/Content/Assets/Sounds/Shells/shell_13_wav.ubulk" 709
"D:/UE_project/Blaster/Content/Assets/Sounds/Shells/shell_13_wav.uasset" 710
"D:/UE_project/Blaster/Content/Assets/Sounds/Shells/shell_13_wav.uexp" 711
"D:/UE_project/Blaster/Content/Assets/Sounds/Shells/shell_47_wav.ubulk" 712
"D:/UE_project/Blaster/Content/Assets/Sounds/Shells/shell_47_wav.uasset" 713
"D:/UE_project/Blaster/Content/Assets/Sounds/Shells/shell_47_wav.uexp" 714
"D:/UE_project/Blaster/Content/Assets/Sounds/Shells/shell_44_wav.ubulk" 715
"D:/UE_project/Blaster/Content/Assets/Sounds/Shells/shell_44_wav.uasset" 716
"D:/UE_project/Blaster/Content/Assets/Sounds/Shells/shell_44_wav.uexp" 717
"D:/UE_project/Blaster/Content/Assets/Sounds/Shells/shell_16_wav.ubulk" 718
"D:/UE_project/Blaster/Content/Assets/Sounds/Shells/shell_16_wav.uasset" 719
"D:/UE_project/Blaster/Content/Assets/Sounds/Shells/shell_16_wav.uexp" 720
"D:/UE_project/Blaster/Content/Assets/Sounds/Shells/shell_10_wav.ubulk" 721
"D:/UE_project/Blaster/Content/Assets/Sounds/Shells/shell_10_wav.uasset" 722
"D:/UE_project/Blaster/Content/Assets/Sounds/Shells/shell_10_wav.uexp" 723
"D:/UE_project/Blaster/Content/Assets/Sounds/Shells/shell_04_wav.ubulk" 724
"D:/UE_project/Blaster/Content/Assets/Sounds/Shells/shell_04_wav.uasset" 725
"D:/UE_project/Blaster/Content/Assets/Sounds/Shells/shell_04_wav.uexp" 726
"D:/UE_project/Blaster/Content/Assets/Sounds/Shells/shell_55_wav.ubulk" 727
"D:/UE_project/Blaster/Content/Assets/Sounds/Shells/shell_55_wav.uasset" 728
"D:/UE_project/Blaster/Content/Assets/Sounds/Shells/shell_55_wav.uexp" 729
"D:/UE_project/Blaster/Content/Assets/Sounds/Shells/shell_32_wav.ubulk" 730
"D:/UE_project/Blaster/Content/Assets/Sounds/Shells/shell_32_wav.uasset" 731
"D:/UE_project/Blaster/Content/Assets/Sounds/Shells/shell_32_wav.uexp" 732
"D:/UE_project/Blaster/Content/Assets/Sounds/Shells/shell_60_wav.ubulk" 733
"D:/UE_project/Blaster/Content/Assets/Sounds/Shells/shell_60_wav.uasset" 734
"D:/UE_project/Blaster/Content/Assets/Sounds/Shells/shell_60_wav.uexp" 735
"D:/UE_project/Blaster/Content/Assets/Sounds/Attenuations/Shells_att.uasset" 736
"D:/UE_project/Blaster/Content/Assets/Sounds/Attenuations/Shells_att.uexp" 737
"D:/UE_project/Blaster/Content/Assets/Sounds/Shells/shell_22_wav.ubulk" 738
"D:/UE_project/Blaster/Content/Assets/Sounds/Shells/shell_22_wav.uasset" 739
"D:/UE_project/Blaster/Content/Assets/Sounds/Shells/shell_22_wav.uexp" 740
"D:/UE_project/Blaster/Content/Assets/Sounds/Shells/shell_21_wav.ubulk" 741
"D:/UE_project/Blaster/Content/Assets/Sounds/Shells/shell_21_wav.uasset" 742
"D:/UE_project/Blaster/Content/Assets/Sounds/Shells/shell_21_wav.uexp" 743
"D:/UE_project/Blaster/Content/Assets/Sounds/Shells/shell_42_wav.ubulk" 744
"D:/UE_project/Blaster/Content/Assets/Sounds/Shells/shell_42_wav.uasset" 745
"D:/UE_project/Blaster/Content/Assets/Sounds/Shells/shell_42_wav.uexp" 746
"D:/UE_project/Blaster/Content/Assets/Sounds/Shells/shell_59_wav.ubulk" 747
"D:/UE_project/Blaster/Content/Assets/Sounds/Shells/shell_59_wav.uasset" 748
"D:/UE_project/Blaster/Content/Assets/Sounds/Shells/shell_59_wav.uexp" 749
"D:/UE_project/Blaster/Content/Assets/Sounds/Shells/Shells_Cue.uasset" 750
"D:/UE_project/Blaster/Content/Assets/Sounds/Shells/Shells_Cue.uexp" 751
"D:/UE_project/Blaster/Content/Assets/MilitaryWeapSilver/Weapons/Textures/Pistols_A_Norm.ubulk" 752
"D:/UE_project/Blaster/Content/Assets/MilitaryWeapSilver/Weapons/Textures/Pistols_A_Norm.uasset" 753
"D:/UE_project/Blaster/Content/Assets/MilitaryWeapSilver/Weapons/Textures/Pistols_A_Norm.uexp" 754
"D:/UE_project/Blaster/Content/Assets/MilitaryWeapSilver/Weapons/Textures/Assault_Rifle_A_Norm.ubulk" 755
"D:/UE_project/Blaster/Content/Assets/MilitaryWeapSilver/Weapons/Textures/Assault_Rifle_A_Norm.uasset" 756
"D:/UE_project/Blaster/Content/Assets/MilitaryWeapSilver/Weapons/Textures/Assault_Rifle_A_Norm.uexp" 757
"D:/UE_project/Blaster/Content/Assets/MilitaryWeapSilver/Weapons/Textures/Assault_Rifle_A_Diff.ubulk" 758
"D:/UE_project/Blaster/Content/Assets/MilitaryWeapSilver/Weapons/Textures/Assault_Rifle_A_Diff.uasset" 759
"D:/UE_project/Blaster/Content/Assets/MilitaryWeapSilver/Weapons/Textures/Assault_Rifle_A_Diff.uexp" 760
"D:/UE_project/Blaster/Content/Assets/MilitaryWeapSilver/Weapons/Textures/Assault_Rifle_A_masks.ubulk" 761
"D:/UE_project/Blaster/Content/Assets/MilitaryWeapSilver/Weapons/Textures/Assault_Rifle_A_masks.uasset" 762
"D:/UE_project/Blaster/Content/Assets/MilitaryWeapSilver/Weapons/Textures/Assault_Rifle_A_masks.uexp" 763
"D:/UE_project/Blaster/Content/Assets/MilitaryWeapSilver/Weapons/Materials/M_WeaponMaster_01.uasset" 764
"D:/UE_project/Blaster/Content/Assets/MilitaryWeapSilver/Weapons/Materials/M_WeaponMaster_01.uexp" 765
"D:/UE_project/Blaster/Content/Assets/MilitaryWeapSilver/Weapons/Materials/M_Ammo.uasset" 766
"D:/UE_project/Blaster/Content/Assets/MilitaryWeapSilver/Weapons/Materials/M_Ammo.uexp" 767
"D:/UE_project/Blaster/Content/Assets/MilitaryWeapSilver/Weapons/Textures/Pistols_A_Diff.ubulk" 768
"D:/UE_project/Blaster/Content/Assets/MilitaryWeapSilver/Weapons/Textures/Pistols_A_Diff.uasset" 769
"D:/UE_project/Blaster/Content/Assets/MilitaryWeapSilver/Weapons/Textures/Pistols_A_Diff.uexp" 770
"D:/UE_project/Blaster/Content/Assets/MilitaryWeapSilver/Weapons/Textures/Pistols_A_Masks.ubulk" 771
"D:/UE_project/Blaster/Content/Assets/MilitaryWeapSilver/Weapons/Textures/Pistols_A_Masks.uasset" 772
"D:/UE_project/Blaster/Content/Assets/MilitaryWeapSilver/Weapons/Textures/Pistols_A_Masks.uexp" 773
"D:/UE_project/Blaster/Content/Assets/MilitaryWeapSilver/Weapons/Materials/M_PistolAmmo.uasset" 774
"D:/UE_project/Blaster/Content/Assets/MilitaryWeapSilver/Weapons/Materials/M_PistolAmmo.uexp" 775
"D:/UE_project/Blaster/Content/Assets/MilitaryWeapSilver/Weapons/Materials/M_Pistol_01.uasset" 776
"D:/UE_project/Blaster/Content/Assets/MilitaryWeapSilver/Weapons/Materials/M_Pistol_01.uexp" 777
"D:/UE_project/Blaster/Content/Assets/MilitaryWeapSilver/Weapons/PistolA_Ammo.ubulk" 778
"D:/UE_project/Blaster/Content/Assets/MilitaryWeapSilver/Weapons/PistolA_Ammo.uasset" 779
"D:/UE_project/Blaster/Content/Assets/MilitaryWeapSilver/Weapons/PistolA_Ammo.uexp" 780
"D:/UE_project/Blaster/Content/Blueprint/Weapon/Casings/BP_PistolCasing.uasset" 781
"D:/UE_project/Blaster/Content/Blueprint/Weapon/Casings/BP_PistolCasing.uexp" 782
"D:/UE_project/Blaster/Content/Assets/Textures/Crosshairs/Primary/Crosshair_Right.uasset" 783
"D:/UE_project/Blaster/Content/Assets/Textures/Crosshairs/Primary/Crosshair_Right.uexp" 784
"D:/UE_project/Blaster/Content/Assets/FX/SmokeBeam/BeamTextureThin.ubulk" 785
"D:/UE_project/Blaster/Content/Assets/FX/SmokeBeam/BeamTextureThin.uasset" 786
"D:/UE_project/Blaster/Content/Assets/FX/SmokeBeam/BeamTextureThin.uexp" 787
"D:/UE_project/Blaster/Content/Assets/FX/SmokeBeam/M_Beam.uasset" 788
"D:/UE_project/Blaster/Content/Assets/FX/SmokeBeam/M_Beam.uexp" 789
"D:/UE_project/Blaster/Content/Assets/FX/SmokeBeam/P_SmokeTrail.uasset" 790
"D:/UE_project/Blaster/Content/Assets/FX/SmokeBeam/P_SmokeTrail.uexp" 791
"D:/UE_project/Blaster/Content/Assets/Textures/Crosshairs/Primary/Crosshair_Bottom.uasset" 792
"D:/UE_project/Blaster/Content/Assets/Textures/Crosshairs/Primary/Crosshair_Bottom.uexp" 793
"../../../Engine/Content/Animation/DefaultAnimCurveCompressionSettings.uasset" 794
"../../../Engine/Content/Animation/DefaultAnimCurveCompressionSettings.uexp" 795
"D:/UE_project/Blaster/Content/Assets/MilitaryWeapSilver/FX/Textures/T_Pistol_Streaks_01.ubulk" 796
"D:/UE_project/Blaster/Content/Assets/MilitaryWeapSilver/FX/Textures/T_Pistol_Streaks_01.uasset" 797
"D:/UE_project/Blaster/Content/Assets/MilitaryWeapSilver/FX/Textures/T_Pistol_Streaks_01.uexp" 798
"D:/UE_project/Blaster/Content/Assets/MilitaryWeapSilver/FX/Materials/M_Pistol_Streaks_01.uasset" 799
"D:/UE_project/Blaster/Content/Assets/MilitaryWeapSilver/FX/Materials/M_Pistol_Streaks_01.uexp" 800
"D:/UE_project/Blaster/Content/Assets/MilitaryWeapSilver/FX/Textures/T_Smoke_8x8_B_01.ubulk" 801
"D:/UE_project/Blaster/Content/Assets/MilitaryWeapSilver/FX/Textures/T_Smoke_8x8_B_01.uasset" 802
"D:/UE_project/Blaster/Content/Assets/MilitaryWeapSilver/FX/Textures/T_Smoke_8x8_B_01.uexp" 803
"D:/UE_project/Blaster/Content/Assets/MilitaryWeapSilver/FX/Textures/T_Spherical_NormalMap_01.ubulk" 804
"D:/UE_project/Blaster/Content/Assets/MilitaryWeapSilver/FX/Textures/T_Spherical_NormalMap_01.uasset" 805
"D:/UE_project/Blaster/Content/Assets/MilitaryWeapSilver/FX/Textures/T_Spherical_NormalMap_01.uexp" 806
"D:/UE_project/Blaster/Content/Assets/MilitaryWeapSilver/FX/Materials/M_Smoke_8x8_B_01.uasset" 807
"D:/UE_project/Blaster/Content/Assets/MilitaryWeapSilver/FX/Materials/M_Smoke_8x8_B_01.uexp" 808
"D:/UE_project/Blaster/Content/Assets/MilitaryWeapSilver/FX/Textures/T_Pistol_Smoke_2x2_A.ubulk" 809
"D:/UE_project/Blaster/Content/Assets/MilitaryWeapSilver/FX/Textures/T_Pistol_Smoke_2x2_A.uasset" 810
"D:/UE_project/Blaster/Content/Assets/MilitaryWeapSilver/FX/Textures/T_Pistol_Smoke_2x2_A.uexp" 811
"D:/UE_project/Blaster/Content/Assets/MilitaryWeapSilver/FX/Textures/T_FL_Detail_01.ubulk" 812
"D:/UE_project/Blaster/Content/Assets/MilitaryWeapSilver/FX/Textures/T_FL_Detail_01.uasset" 813
"D:/UE_project/Blaster/Content/Assets/MilitaryWeapSilver/FX/Textures/T_FL_Detail_01.uexp" 814
"D:/UE_project/Blaster/Content/Assets/MilitaryWeapSilver/FX/Materials/M_Pistol_Smoke_2x2_A.uasset" 815
"D:/UE_project/Blaster/Content/Assets/MilitaryWeapSilver/FX/Materials/M_Pistol_Smoke_2x2_A.uexp" 816
"D:/UE_project/Blaster/Content/Assets/MilitaryWeapSilver/FX/Textures/T_Pistol_MuzzleFlashes_4x1_B.ubulk" 817
"D:/UE_project/Blaster/Content/Assets/MilitaryWeapSilver/FX/Textures/T_Pistol_MuzzleFlashes_4x1_B.uasset" 818
"D:/UE_project/Blaster/Content/Assets/MilitaryWeapSilver/FX/Textures/T_Pistol_MuzzleFlashes_4x1_B.uexp" 819
"D:/UE_project/Blaster/Content/Assets/MilitaryWeapSilver/FX/Materials/M_Pistol_MuzzleFlash_4x1_A.uasset" 820
"D:/UE_project/Blaster/Content/Assets/MilitaryWeapSilver/FX/Materials/M_Pistol_MuzzleFlash_4x1_A.uexp" 821
"../../../Engine/Content/Functions/Engine_MaterialFunctions02/Fresnel_Function.uasset" 822
"../../../Engine/Content/Functions/Engine_MaterialFunctions02/Fresnel_Function.uexp" 823
"D:/UE_project/Blaster/Content/Assets/MilitaryWeapSilver/FX/Materials/M_GlowSphere_01.uasset" 824
"D:/UE_project/Blaster/Content/Assets/MilitaryWeapSilver/FX/Materials/M_GlowSphere_01.uexp" 825
"D:/UE_project/Blaster/Content/Assets/MilitaryWeapSilver/FX/Meshes/St_Sphere_01.ubulk" 826
"D:/UE_project/Blaster/Content/Assets/MilitaryWeapSilver/FX/Meshes/St_Sphere_01.uasset" 827
"D:/UE_project/Blaster/Content/Assets/MilitaryWeapSilver/FX/Meshes/St_Sphere_01.uexp" 828
"D:/UE_project/Blaster/Content/Assets/MilitaryWeapSilver/FX/P_Pistol_MuzzleFlash_01.uasset" 829
"D:/UE_project/Blaster/Content/Assets/MilitaryWeapSilver/FX/P_Pistol_MuzzleFlash_01.uexp" 830
"D:/UE_project/Blaster/Content/Assets/MilitaryWeapSilver/Weapons/Pistols_A_Skeleton.uasset" 831
"D:/UE_project/Blaster/Content/Assets/MilitaryWeapSilver/Weapons/Pistols_A_Skeleton.uexp" 832
"D:/UE_project/Blaster/Content/Assets/MilitaryWeapSilver/Sound/Pistol/Wavs/PistolA_Fire02.ubulk" 833
"D:/UE_project/Blaster/Content/Assets/MilitaryWeapSilver/Sound/Pistol/Wavs/PistolA_Fire02.uasset" 834
"D:/UE_project/Blaster/Content/Assets/MilitaryWeapSilver/Sound/Pistol/Wavs/PistolA_Fire02.uexp" 835
"D:/UE_project/Blaster/Content/Assets/MilitaryWeapSilver/Sound/Attenuation/WeaponShot_att.uasset" 836
"D:/UE_project/Blaster/Content/Assets/MilitaryWeapSilver/Sound/Attenuation/WeaponShot_att.uexp" 837
"D:/UE_project/Blaster/Content/Assets/MilitaryWeapSilver/Sound/Pistol/Wavs/PistolA_Fire01.ubulk" 838
"D:/UE_project/Blaster/Content/Assets/MilitaryWeapSilver/Sound/Pistol/Wavs/PistolA_Fire01.uasset" 839
"D:/UE_project/Blaster/Content/Assets/MilitaryWeapSilver/Sound/Pistol/Wavs/PistolA_Fire01.uexp" 840
"D:/UE_project/Blaster/Content/Assets/MilitaryWeapSilver/Sound/Pistol/Wavs/PistolA_Fire_ST01.ubulk" 841
"D:/UE_project/Blaster/Content/Assets/MilitaryWeapSilver/Sound/Pistol/Wavs/PistolA_Fire_ST01.uasset" 842
"D:/UE_project/Blaster/Content/Assets/MilitaryWeapSilver/Sound/Pistol/Wavs/PistolA_Fire_ST01.uexp" 843
"D:/UE_project/Blaster/Content/Assets/MilitaryWeapSilver/Sound/Pistol/Wavs/PistolA_Fire04.ubulk" 844
"D:/UE_project/Blaster/Content/Assets/MilitaryWeapSilver/Sound/Pistol/Wavs/PistolA_Fire04.uasset" 845
"D:/UE_project/Blaster/Content/Assets/MilitaryWeapSilver/Sound/Pistol/Wavs/PistolA_Fire04.uexp" 846
"D:/UE_project/Blaster/Content/Assets/MilitaryWeapSilver/Sound/Pistol/Wavs/PistolA_Fire_ST04.ubulk" 847
"D:/UE_project/Blaster/Content/Assets/MilitaryWeapSilver/Sound/Pistol/Wavs/PistolA_Fire_ST04.uasset" 848
"D:/UE_project/Blaster/Content/Assets/MilitaryWeapSilver/Sound/Pistol/Wavs/PistolA_Fire_ST04.uexp" 849
"D:/UE_project/Blaster/Content/Assets/MilitaryWeapSilver/Sound/Pistol/Wavs/PistolA_Fire05.ubulk" 850
"D:/UE_project/Blaster/Content/Assets/MilitaryWeapSilver/Sound/Pistol/Wavs/PistolA_Fire05.uasset" 851
"D:/UE_project/Blaster/Content/Assets/MilitaryWeapSilver/Sound/Pistol/Wavs/PistolA_Fire05.uexp" 852
"D:/UE_project/Blaster/Content/Assets/MilitaryWeapSilver/Sound/Pistol/Wavs/PistolA_Fire_ST05.ubulk" 853
"D:/UE_project/Blaster/Content/Assets/MilitaryWeapSilver/Sound/Pistol/Wavs/PistolA_Fire_ST05.uasset" 854
"D:/UE_project/Blaster/Content/Assets/MilitaryWeapSilver/Sound/Pistol/Wavs/PistolA_Fire_ST05.uexp" 855
"D:/UE_project/Blaster/Content/Assets/MilitaryWeapSilver/Sound/Pistol/Wavs/PistolA_Fire_ST02.ubulk" 856
"D:/UE_project/Blaster/Content/Assets/MilitaryWeapSilver/Sound/Pistol/Wavs/PistolA_Fire_ST02.uasset" 857
"D:/UE_project/Blaster/Content/Assets/MilitaryWeapSilver/Sound/Pistol/Wavs/PistolA_Fire_ST02.uexp" 858
"D:/UE_project/Blaster/Content/Assets/MilitaryWeapSilver/Sound/Pistol/Wavs/PistolA_Fire_ST06.ubulk" 859
"D:/UE_project/Blaster/Content/Assets/MilitaryWeapSilver/Sound/Pistol/Wavs/PistolA_Fire_ST06.uasset" 860
"D:/UE_project/Blaster/Content/Assets/MilitaryWeapSilver/Sound/Pistol/Wavs/PistolA_Fire_ST06.uexp" 861
"D:/UE_project/Blaster/Content/Assets/MilitaryWeapSilver/Sound/Pistol/Wavs/PistolA_Fire06.ubulk" 862
"D:/UE_project/Blaster/Content/Assets/MilitaryWeapSilver/Sound/Pistol/Wavs/PistolA_Fire06.uasset" 863
"D:/UE_project/Blaster/Content/Assets/MilitaryWeapSilver/Sound/Pistol/Wavs/PistolA_Fire06.uexp" 864
"D:/UE_project/Blaster/Content/Assets/MilitaryWeapSilver/Sound/Pistol/Wavs/PistolA_Fire_ST03.ubulk" 865
"D:/UE_project/Blaster/Content/Assets/MilitaryWeapSilver/Sound/Pistol/Wavs/PistolA_Fire_ST03.uasset" 866
"D:/UE_project/Blaster/Content/Assets/MilitaryWeapSilver/Sound/Pistol/Wavs/PistolA_Fire_ST03.uexp" 867
"D:/UE_project/Blaster/Content/Assets/MilitaryWeapSilver/Sound/Pistol/Wavs/PistolA_Fire03.ubulk" 868
"D:/UE_project/Blaster/Content/Assets/MilitaryWeapSilver/Sound/Pistol/Wavs/PistolA_Fire03.uasset" 869
"D:/UE_project/Blaster/Content/Assets/MilitaryWeapSilver/Sound/Pistol/Wavs/PistolA_Fire03.uexp" 870
"D:/UE_project/Blaster/Content/Assets/MilitaryWeapSilver/Sound/Pistol/Cues/PistolA_Fire_Cue.uasset" 871
"D:/UE_project/Blaster/Content/Assets/MilitaryWeapSilver/Sound/Pistol/Cues/PistolA_Fire_Cue.uexp" 872
"../../../Engine/Content/Animation/DefaultAnimBoneCompressionSettings.uasset" 873
"../../../Engine/Content/Animation/DefaultAnimBoneCompressionSettings.uexp" 874
"D:/UE_project/Blaster/Content/Assets/MilitaryWeapSilver/Weapons/Animations/Fire_Pistol_W.uasset" 875
"D:/UE_project/Blaster/Content/Assets/MilitaryWeapSilver/Weapons/Animations/Fire_Pistol_W.uexp" 876
"D:/UE_project/Blaster/Content/Assets/Fonts/DeSheng.uexp" 877
"D:/UE_project/Blaster/Content/Assets/Fonts/DeSheng.uasset" 878
"D:/UE_project/Blaster/Content/Assets/Fonts/DeSheng.ufont" 879
"D:/UE_project/Blaster/Content/Assets/Fonts/DeSheng_Font.uasset" 880
"D:/UE_project/Blaster/Content/Assets/Fonts/DeSheng_Font.uexp" 881
"D:/UE_project/Blaster/Content/Blueprint/HUD/WBP_PickupWidget.uasset" 882
"D:/UE_project/Blaster/Content/Blueprint/HUD/WBP_PickupWidget.uexp" 883
"D:/UE_project/Blaster/Content/Assets/MilitaryWeapSilver/FX/Textures/T_Sparks_02.ubulk" 884
"D:/UE_project/Blaster/Content/Assets/MilitaryWeapSilver/FX/Textures/T_Sparks_02.uasset" 885
"D:/UE_project/Blaster/Content/Assets/MilitaryWeapSilver/FX/Textures/T_Sparks_02.uexp" 886
"D:/UE_project/Blaster/Content/Assets/MilitaryWeapSilver/FX/Materials/M_Sparks_02.uasset" 887
"D:/UE_project/Blaster/Content/Assets/MilitaryWeapSilver/FX/Materials/M_Sparks_02.uexp" 888
"D:/UE_project/Blaster/Content/Assets/MilitaryWeapSilver/FX/Textures/T_Ember_01.ubulk" 889
"D:/UE_project/Blaster/Content/Assets/MilitaryWeapSilver/FX/Textures/T_Ember_01.uasset" 890
"D:/UE_project/Blaster/Content/Assets/MilitaryWeapSilver/FX/Textures/T_Ember_01.uexp" 891
"D:/UE_project/Blaster/Content/Assets/MilitaryWeapSilver/FX/Materials/M_Ember_Speed_01.uasset" 892
"D:/UE_project/Blaster/Content/Assets/MilitaryWeapSilver/FX/Materials/M_Ember_Speed_01.uexp" 893
"D:/UE_project/Blaster/Content/Assets/MilitaryWeapSilver/FX/Textures/T_SparkImpacts_2x2_01.ubulk" 894
"D:/UE_project/Blaster/Content/Assets/MilitaryWeapSilver/FX/Textures/T_SparkImpacts_2x2_01.uasset" 895
"D:/UE_project/Blaster/Content/Assets/MilitaryWeapSilver/FX/Textures/T_SparkImpacts_2x2_01.uexp" 896
"D:/UE_project/Blaster/Content/Assets/MilitaryWeapSilver/FX/Materials/M_SparksImpact_2x2_01.uasset" 897
"D:/UE_project/Blaster/Content/Assets/MilitaryWeapSilver/FX/Materials/M_SparksImpact_2x2_01.uexp" 898
"D:/UE_project/Blaster/Content/Assets/MilitaryWeapSilver/FX/P_Impact_Metal_Medium_01.uasset" 899
"D:/UE_project/Blaster/Content/Assets/MilitaryWeapSilver/FX/P_Impact_Metal_Medium_01.uexp" 900
"D:/UE_project/Blaster/Content/Assets/MilitaryWeapSilver/Weapons/Pistols_A_PhysicsAsset.uasset" 901
"D:/UE_project/Blaster/Content/Assets/MilitaryWeapSilver/Weapons/Pistols_A_PhysicsAsset.uexp" 902
"D:/UE_project/Blaster/Content/Assets/MilitaryWeapSilver/Weapons/Pistols_A.uasset" 903
"D:/UE_project/Blaster/Content/Assets/MilitaryWeapSilver/Weapons/Pistols_A.uexp" 904
"D:/UE_project/Blaster/Content/Blueprint/Weapon/BP_Pistol.uasset" 905
"D:/UE_project/Blaster/Content/Blueprint/Weapon/BP_Pistol.uexp" 906
"D:/UE_project/Blaster/Content/Assets/AnimeCitySuburbs/Materials/MI_Metal_03.uasset" 907
"D:/UE_project/Blaster/Content/Assets/AnimeCitySuburbs/Materials/MI_Metal_03.uexp" 908
"D:/UE_project/Blaster/Content/Assets/AnimeCitySuburbs/Materials/MI_Metal_04.uasset" 909
"D:/UE_project/Blaster/Content/Assets/AnimeCitySuburbs/Materials/MI_Metal_04.uexp" 910
"D:/UE_project/Blaster/Content/Assets/AnimeCitySuburbs/Models/Props/SM_Pipe3.ubulk" 911
"D:/UE_project/Blaster/Content/Assets/AnimeCitySuburbs/Models/Props/SM_Pipe3.uasset" 912
"D:/UE_project/Blaster/Content/Assets/AnimeCitySuburbs/Models/Props/SM_Pipe3.uexp" 913
"D:/UE_project/Blaster/Content/Assets/AnimeCitySuburbs/Textures/T_Asphalt_ORM.ubulk" 914
"D:/UE_project/Blaster/Content/Assets/AnimeCitySuburbs/Textures/T_Asphalt_ORM.uasset" 915
"D:/UE_project/Blaster/Content/Assets/AnimeCitySuburbs/Textures/T_Asphalt_ORM.uexp" 916
"D:/UE_project/Blaster/Content/Assets/AnimeCitySuburbs/Textures/T_Asphalt_N.ubulk" 917
"D:/UE_project/Blaster/Content/Assets/AnimeCitySuburbs/Textures/T_Asphalt_N.uasset" 918
"D:/UE_project/Blaster/Content/Assets/AnimeCitySuburbs/Textures/T_Asphalt_N.uexp" 919
"D:/UE_project/Blaster/Content/Assets/AnimeCitySuburbs/Textures/T_BrickWall_BC.ubulk" 920
"D:/UE_project/Blaster/Content/Assets/AnimeCitySuburbs/Textures/T_BrickWall_BC.uasset" 921
"D:/UE_project/Blaster/Content/Assets/AnimeCitySuburbs/Textures/T_BrickWall_BC.uexp" 922
"D:/UE_project/Blaster/Content/Assets/AnimeCitySuburbs/Textures/T_BrickWall2_BC.ubulk" 923
"D:/UE_project/Blaster/Content/Assets/AnimeCitySuburbs/Textures/T_BrickWall2_BC.uasset" 924
"D:/UE_project/Blaster/Content/Assets/AnimeCitySuburbs/Textures/T_BrickWall2_BC.uexp" 925
"D:/UE_project/Blaster/Content/Assets/AnimeCitySuburbs/Textures/T_BrickWall_ORM.ubulk" 926
"D:/UE_project/Blaster/Content/Assets/AnimeCitySuburbs/Textures/T_BrickWall_ORM.uasset" 927
"D:/UE_project/Blaster/Content/Assets/AnimeCitySuburbs/Textures/T_BrickWall_ORM.uexp" 928
"D:/UE_project/Blaster/Content/Assets/AnimeCitySuburbs/Textures/T_BrickWall_N.ubulk" 929
"D:/UE_project/Blaster/Content/Assets/AnimeCitySuburbs/Textures/T_BrickWall_N.uasset" 930
"D:/UE_project/Blaster/Content/Assets/AnimeCitySuburbs/Textures/T_BrickWall_N.uexp" 931
"D:/UE_project/Blaster/Content/Assets/AnimeCitySuburbs/Materials/M_Wall_Blend.uasset" 932
"D:/UE_project/Blaster/Content/Assets/AnimeCitySuburbs/Materials/M_Wall_Blend.uexp" 933
"D:/UE_project/Blaster/Content/Assets/AnimeCitySuburbs/Textures/T_Asphalt_BC.ubulk" 934
"D:/UE_project/Blaster/Content/Assets/AnimeCitySuburbs/Textures/T_Asphalt_BC.uasset" 935
"D:/UE_project/Blaster/Content/Assets/AnimeCitySuburbs/Textures/T_Asphalt_BC.uexp" 936
"D:/UE_project/Blaster/Content/Assets/AnimeCitySuburbs/Materials/MI_Asphalt.uasset" 937
"D:/UE_project/Blaster/Content/Assets/AnimeCitySuburbs/Materials/MI_Asphalt.uexp" 938
"D:/UE_project/Blaster/Content/Assets/AnimeCitySuburbs/Textures/T_Dirt_N.ubulk" 939
"D:/UE_project/Blaster/Content/Assets/AnimeCitySuburbs/Textures/T_Dirt_N.uasset" 940
"D:/UE_project/Blaster/Content/Assets/AnimeCitySuburbs/Textures/T_Dirt_N.uexp" 941
"D:/UE_project/Blaster/Content/Assets/AnimeCitySuburbs/Textures/T_Dirt_ORM.ubulk" 942
"D:/UE_project/Blaster/Content/Assets/AnimeCitySuburbs/Textures/T_Dirt_ORM.uasset" 943
"D:/UE_project/Blaster/Content/Assets/AnimeCitySuburbs/Textures/T_Dirt_ORM.uexp" 944
"D:/UE_project/Blaster/Content/Assets/AnimeCitySuburbs/Textures/T_Dirt_A.ubulk" 945
"D:/UE_project/Blaster/Content/Assets/AnimeCitySuburbs/Textures/T_Dirt_A.uasset" 946
"D:/UE_project/Blaster/Content/Assets/AnimeCitySuburbs/Textures/T_Dirt_A.uexp" 947
"D:/UE_project/Blaster/Content/Assets/AnimeCitySuburbs/Materials/MI_Dirt.uasset" 948
"D:/UE_project/Blaster/Content/Assets/AnimeCitySuburbs/Materials/MI_Dirt.uexp" 949
"D:/UE_project/Blaster/Content/Assets/AnimeCitySuburbs/Models/Road/SM_roadHole.ubulk" 950
"D:/UE_project/Blaster/Content/Assets/AnimeCitySuburbs/Models/Road/SM_roadHole.uasset" 951
"D:/UE_project/Blaster/Content/Assets/AnimeCitySuburbs/Models/Road/SM_roadHole.uexp" 952
"D:/UE_project/Blaster/Content/Assets/AnimeCitySuburbs/Textures/T_Pavement_ORM.ubulk" 953
"D:/UE_project/Blaster/Content/Assets/AnimeCitySuburbs/Textures/T_Pavement_ORM.uasset" 954
"D:/UE_project/Blaster/Content/Assets/AnimeCitySuburbs/Textures/T_Pavement_ORM.uexp" 955
"D:/UE_project/Blaster/Content/Assets/AnimeCitySuburbs/Textures/T_WallTile1_N.ubulk" 956
"D:/UE_project/Blaster/Content/Assets/AnimeCitySuburbs/Textures/T_WallTile1_N.uasset" 957
"D:/UE_project/Blaster/Content/Assets/AnimeCitySuburbs/Textures/T_WallTile1_N.uexp" 958
"D:/UE_project/Blaster/Content/Assets/AnimeCitySuburbs/Textures/T_WallTile1_ORM.ubulk" 959
"D:/UE_project/Blaster/Content/Assets/AnimeCitySuburbs/Textures/T_WallTile1_ORM.uasset" 960
"D:/UE_project/Blaster/Content/Assets/AnimeCitySuburbs/Textures/T_WallTile1_ORM.uexp" 961
"D:/UE_project/Blaster/Content/Assets/AnimeCitySuburbs/Textures/T_ConcreteWall1_BC.ubulk" 962
"D:/UE_project/Blaster/Content/Assets/AnimeCitySuburbs/Textures/T_ConcreteWall1_BC.uasset" 963
"D:/UE_project/Blaster/Content/Assets/AnimeCitySuburbs/Textures/T_ConcreteWall1_BC.uexp" 964
"D:/UE_project/Blaster/Content/Assets/AnimeCitySuburbs/Textures/T_ConcreteWall1_N.ubulk" 965
"D:/UE_project/Blaster/Content/Assets/AnimeCitySuburbs/Textures/T_ConcreteWall1_N.uasset" 966
"D:/UE_project/Blaster/Content/Assets/AnimeCitySuburbs/Textures/T_ConcreteWall1_N.uexp" 967
"D:/UE_project/Blaster/Content/Assets/AnimeCitySuburbs/Textures/T_WallTIle1_BC.ubulk" 968
"D:/UE_project/Blaster/Content/Assets/AnimeCitySuburbs/Textures/T_WallTIle1_BC.uasset" 969
"D:/UE_project/Blaster/Content/Assets/AnimeCitySuburbs/Textures/T_WallTIle1_BC.uexp" 970
"D:/UE_project/Blaster/Content/Assets/AnimeCitySuburbs/Textures/T_ConcreteWall1_ORM.ubulk" 971
"D:/UE_project/Blaster/Content/Assets/AnimeCitySuburbs/Textures/T_ConcreteWall1_ORM.uasset" 972
"D:/UE_project/Blaster/Content/Assets/AnimeCitySuburbs/Textures/T_ConcreteWall1_ORM.uexp" 973
"D:/UE_project/Blaster/Content/Assets/AnimeCitySuburbs/Textures/T_WallTIle1_H.ubulk" 974
"D:/UE_project/Blaster/Content/Assets/AnimeCitySuburbs/Textures/T_WallTIle1_H.uasset" 975
"D:/UE_project/Blaster/Content/Assets/AnimeCitySuburbs/Textures/T_WallTIle1_H.uexp" 976
"D:/UE_project/Blaster/Content/Assets/AnimeCitySuburbs/Materials/M_WallTile1.uasset" 977
"D:/UE_project/Blaster/Content/Assets/AnimeCitySuburbs/Materials/M_WallTile1.uexp" 978
"D:/UE_project/Blaster/Content/Assets/AnimeCitySuburbs/Textures/T_Wall_PLaster__mask_D.ubulk" 979
"D:/UE_project/Blaster/Content/Assets/AnimeCitySuburbs/Textures/T_Wall_PLaster__mask_D.uasset" 980
"D:/UE_project/Blaster/Content/Assets/AnimeCitySuburbs/Textures/T_Wall_PLaster__mask_D.uexp" 981
"D:/UE_project/Blaster/Content/Assets/AnimeCitySuburbs/Textures/T_Pavement1_BC.ubulk" 982
"D:/UE_project/Blaster/Content/Assets/AnimeCitySuburbs/Textures/T_Pavement1_BC.uasset" 983
"D:/UE_project/Blaster/Content/Assets/AnimeCitySuburbs/Textures/T_Pavement1_BC.uexp" 984
"D:/UE_project/Blaster/Content/Assets/AnimeCitySuburbs/Textures/T_Pavement_N.ubulk" 985
"D:/UE_project/Blaster/Content/Assets/AnimeCitySuburbs/Textures/T_Pavement_N.uasset" 986
"D:/UE_project/Blaster/Content/Assets/AnimeCitySuburbs/Textures/T_Pavement_N.uexp" 987
"D:/UE_project/Blaster/Content/Assets/AnimeCitySuburbs/Materials/MI_Pavement.uasset" 988
"D:/UE_project/Blaster/Content/Assets/AnimeCitySuburbs/Materials/MI_Pavement.uexp" 989
"D:/UE_project/Blaster/Content/Assets/AnimeCitySuburbs/Textures/T_Pavement_Color_BC.ubulk" 990
"D:/UE_project/Blaster/Content/Assets/AnimeCitySuburbs/Textures/T_Pavement_Color_BC.uasset" 991
"D:/UE_project/Blaster/Content/Assets/AnimeCitySuburbs/Textures/T_Pavement_Color_BC.uexp" 992
"D:/UE_project/Blaster/Content/Assets/AnimeCitySuburbs/Textures/T_Pavement_Color_N.ubulk" 993
"D:/UE_project/Blaster/Content/Assets/AnimeCitySuburbs/Textures/T_Pavement_Color_N.uasset" 994
"D:/UE_project/Blaster/Content/Assets/AnimeCitySuburbs/Textures/T_Pavement_Color_N.uexp" 995
"D:/UE_project/Blaster/Content/Assets/AnimeCitySuburbs/Textures/T_Pavement_Color_ORM.ubulk" 996
"D:/UE_project/Blaster/Content/Assets/AnimeCitySuburbs/Textures/T_Pavement_Color_ORM.uasset" 997
"D:/UE_project/Blaster/Content/Assets/AnimeCitySuburbs/Textures/T_Pavement_Color_ORM.uexp" 998
"D:/UE_project/Blaster/Content/Assets/AnimeCitySuburbs/Materials/MI_PavementColor1.uasset" 999
"D:/UE_project/Blaster/Content/Assets/AnimeCitySuburbs/Materials/MI_PavementColor1.uexp" 1000
"D:/UE_project/Blaster/Content/Assets/AnimeCitySuburbs/Materials/MI_PavementColor2.uasset" 1001
"D:/UE_project/Blaster/Content/Assets/AnimeCitySuburbs/Materials/MI_PavementColor2.uexp" 1002
"D:/UE_project/Blaster/Content/Assets/AnimeCitySuburbs/Materials/MI_PavementColor3.uasset" 1003
"D:/UE_project/Blaster/Content/Assets/AnimeCitySuburbs/Materials/MI_PavementColor3.uexp" 1004
"D:/UE_project/Blaster/Content/Assets/AnimeCitySuburbs/Textures/T_Wood_A.ubulk" 1005
"D:/UE_project/Blaster/Content/Assets/AnimeCitySuburbs/Textures/T_Wood_A.uasset" 1006
"D:/UE_project/Blaster/Content/Assets/AnimeCitySuburbs/Textures/T_Wood_A.uexp" 1007
"D:/UE_project/Blaster/Content/Assets/AnimeCitySuburbs/Textures/T_Wood_N.ubulk" 1008
"D:/UE_project/Blaster/Content/Assets/AnimeCitySuburbs/Textures/T_Wood_N.uasset" 1009
"D:/UE_project/Blaster/Content/Assets/AnimeCitySuburbs/Textures/T_Wood_N.uexp" 1010
"D:/UE_project/Blaster/Content/Assets/AnimeCitySuburbs/Textures/T_Wood_ORM.ubulk" 1011
"D:/UE_project/Blaster/Content/Assets/AnimeCitySuburbs/Textures/T_Wood_ORM.uasset" 1012
"D:/UE_project/Blaster/Content/Assets/AnimeCitySuburbs/Textures/T_Wood_ORM.uexp" 1013
"D:/UE_project/Blaster/Content/Assets/AnimeCitySuburbs/Materials/MI_Wood01.uasset" 1014
"D:/UE_project/Blaster/Content/Assets/AnimeCitySuburbs/Materials/MI_Wood01.uexp" 1015
"D:/UE_project/Blaster/Content/Assets/AnimeCitySuburbs/Materials/MI_Wood02.uasset" 1016
"D:/UE_project/Blaster/Content/Assets/AnimeCitySuburbs/Materials/MI_Wood02.uexp" 1017
"D:/UE_project/Blaster/Content/Assets/AnimeCitySuburbs/Materials/MI_Wood03.uasset" 1018
"D:/UE_project/Blaster/Content/Assets/AnimeCitySuburbs/Materials/MI_Wood03.uexp" 1019
"D:/UE_project/Blaster/Content/Assets/AnimeCitySuburbs/Textures/T_WindowMask_BC.ubulk" 1020
"D:/UE_project/Blaster/Content/Assets/AnimeCitySuburbs/Textures/T_WindowMask_BC.uasset" 1021
"D:/UE_project/Blaster/Content/Assets/AnimeCitySuburbs/Textures/T_WindowMask_BC.uexp" 1022
"D:/UE_project/Blaster/Content/Assets/AnimeCitySuburbs/Textures/T_Window_N.ubulk" 1023
"D:/UE_project/Blaster/Content/Assets/AnimeCitySuburbs/Textures/T_Window_N.uasset" 1024
"D:/UE_project/Blaster/Content/Assets/AnimeCitySuburbs/Textures/T_Window_N.uexp" 1025
"D:/UE_project/Blaster/Content/Assets/AnimeCitySuburbs/Textures/T_Interior2_D.uasset" 1026
"D:/UE_project/Blaster/Content/Assets/AnimeCitySuburbs/Textures/T_Interior2_D.uexp" 1027
"D:/UE_project/Blaster/Content/Assets/AnimeCitySuburbs/Textures/T_Interior1_D.uasset" 1028
"D:/UE_project/Blaster/Content/Assets/AnimeCitySuburbs/Textures/T_Interior1_D.uexp" 1029
"D:/UE_project/Blaster/Content/Assets/AnimeCitySuburbs/Textures/T_Window_ORM.ubulk" 1030
"D:/UE_project/Blaster/Content/Assets/AnimeCitySuburbs/Textures/T_Window_ORM.uasset" 1031
"D:/UE_project/Blaster/Content/Assets/AnimeCitySuburbs/Textures/T_Window_ORM.uexp" 1032
"D:/UE_project/Blaster/Content/Assets/AnimeCitySuburbs/Textures/T_Window_BC.ubulk" 1033
"D:/UE_project/Blaster/Content/Assets/AnimeCitySuburbs/Textures/T_Window_BC.uasset" 1034
"D:/UE_project/Blaster/Content/Assets/AnimeCitySuburbs/Textures/T_Window_BC.uexp" 1035
"../../../Engine/Content/Functions/Engine_MaterialFunctions02/Utility/Swizzle.uasset" 1036
"../../../Engine/Content/Functions/Engine_MaterialFunctions02/Utility/Swizzle.uexp" 1037
"../../../Engine/Content/Functions/Engine_MaterialFunctions01/Cubemaps/InteriorCubemap.uasset" 1038
"../../../Engine/Content/Functions/Engine_MaterialFunctions01/Cubemaps/InteriorCubemap.uexp" 1039
"D:/UE_project/Blaster/Content/Assets/AnimeCitySuburbs/Materials/M_Windows.uasset" 1040
"D:/UE_project/Blaster/Content/Assets/AnimeCitySuburbs/Materials/M_Windows.uexp" 1041
"D:/UE_project/Blaster/Content/Assets/AnimeCitySuburbs/Textures/T_WindowClean_Mask.ubulk" 1042
"D:/UE_project/Blaster/Content/Assets/AnimeCitySuburbs/Textures/T_WindowClean_Mask.uasset" 1043
"D:/UE_project/Blaster/Content/Assets/AnimeCitySuburbs/Textures/T_WindowClean_Mask.uexp" 1044
"D:/UE_project/Blaster/Content/Assets/AnimeCitySuburbs/Textures/T_WindowClean_BC.ubulk" 1045
"D:/UE_project/Blaster/Content/Assets/AnimeCitySuburbs/Textures/T_WindowClean_BC.uasset" 1046
"D:/UE_project/Blaster/Content/Assets/AnimeCitySuburbs/Textures/T_WindowClean_BC.uexp" 1047
"D:/UE_project/Blaster/Content/Assets/AnimeCitySuburbs/Textures/T_Karaoke_ORM.ubulk" 1048
"D:/UE_project/Blaster/Content/Assets/AnimeCitySuburbs/Textures/T_Karaoke_ORM.uasset" 1049
"D:/UE_project/Blaster/Content/Assets/AnimeCitySuburbs/Textures/T_Karaoke_ORM.uexp" 1050
"D:/UE_project/Blaster/Content/Assets/AnimeCitySuburbs/Textures/T_Karaoke_N.ubulk" 1051
"D:/UE_project/Blaster/Content/Assets/AnimeCitySuburbs/Textures/T_Karaoke_N.uasset" 1052
"D:/UE_project/Blaster/Content/Assets/AnimeCitySuburbs/Textures/T_Karaoke_N.uexp" 1053
"D:/UE_project/Blaster/Content/Assets/AnimeCitySuburbs/Materials/MI_Windows_Inst.uasset" 1054
"D:/UE_project/Blaster/Content/Assets/AnimeCitySuburbs/Materials/MI_Windows_Inst.uexp" 1055
"D:/UE_project/Blaster/Content/Assets/AnimeCitySuburbs/Textures/T_Interior4_D.uasset" 1056
"D:/UE_project/Blaster/Content/Assets/AnimeCitySuburbs/Textures/T_Interior4_D.uexp" 1057
"D:/UE_project/Blaster/Content/Assets/AnimeCitySuburbs/Materials/MI_Windows_Inst_Inst.uasset" 1058
"D:/UE_project/Blaster/Content/Assets/AnimeCitySuburbs/Materials/MI_Windows_Inst_Inst.uexp" 1059
"D:/UE_project/Blaster/Content/Assets/AnimeCitySuburbs/Materials/MI_Windows_Inst_Inst_Inst1.uasset" 1060
"D:/UE_project/Blaster/Content/Assets/AnimeCitySuburbs/Materials/MI_Windows_Inst_Inst_Inst1.uexp" 1061
"D:/UE_project/Blaster/Content/Assets/AnimeCitySuburbs/Models/Park/SM_ToriiGate.ubulk" 1062
"D:/UE_project/Blaster/Content/Assets/AnimeCitySuburbs/Models/Park/SM_ToriiGate.uasset" 1063
"D:/UE_project/Blaster/Content/Assets/AnimeCitySuburbs/Models/Park/SM_ToriiGate.uexp" 1064
"D:/UE_project/Blaster/Content/Assets/AnimeCitySuburbs/Materials/MI_Concrete02.uasset" 1065
"D:/UE_project/Blaster/Content/Assets/AnimeCitySuburbs/Materials/MI_Concrete02.uexp" 1066
"D:/UE_project/Blaster/Content/Assets/AnimeCitySuburbs/Textures/T_RoadProps_N.ubulk" 1067
"D:/UE_project/Blaster/Content/Assets/AnimeCitySuburbs/Textures/T_RoadProps_N.uasset" 1068
"D:/UE_project/Blaster/Content/Assets/AnimeCitySuburbs/Textures/T_RoadProps_N.uexp" 1069
"D:/UE_project/Blaster/Content/Assets/AnimeCitySuburbs/Textures/T_RoadProps_E.ubulk" 1070
"D:/UE_project/Blaster/Content/Assets/AnimeCitySuburbs/Textures/T_RoadProps_E.uasset" 1071
"D:/UE_project/Blaster/Content/Assets/AnimeCitySuburbs/Textures/T_RoadProps_E.uexp" 1072
"D:/UE_project/Blaster/Content/Assets/AnimeCitySuburbs/Textures/T_RoadProps_ORM.ubulk" 1073
"D:/UE_project/Blaster/Content/Assets/AnimeCitySuburbs/Textures/T_RoadProps_ORM.uasset" 1074
"D:/UE_project/Blaster/Content/Assets/AnimeCitySuburbs/Textures/T_RoadProps_ORM.uexp" 1075
"D:/UE_project/Blaster/Content/Assets/AnimeCitySuburbs/Textures/T_StreetProps_E.ubulk" 1076
"D:/UE_project/Blaster/Content/Assets/AnimeCitySuburbs/Textures/T_StreetProps_E.uasset" 1077
"D:/UE_project/Blaster/Content/Assets/AnimeCitySuburbs/Textures/T_StreetProps_E.uexp" 1078
"D:/UE_project/Blaster/Content/Assets/AnimeCitySuburbs/Textures/T_StreetProps_ORM.ubulk" 1079
"D:/UE_project/Blaster/Content/Assets/AnimeCitySuburbs/Textures/T_StreetProps_ORM.uasset" 1080
"D:/UE_project/Blaster/Content/Assets/AnimeCitySuburbs/Textures/T_StreetProps_ORM.uexp" 1081
"D:/UE_project/Blaster/Content/Assets/AnimeCitySuburbs/Textures/T_StreetProps_BC.ubulk" 1082
"D:/UE_project/Blaster/Content/Assets/AnimeCitySuburbs/Textures/T_StreetProps_BC.uasset" 1083
"D:/UE_project/Blaster/Content/Assets/AnimeCitySuburbs/Textures/T_StreetProps_BC.uexp" 1084
"D:/UE_project/Blaster/Content/Assets/AnimeCitySuburbs/Textures/T_StreetProps_N.ubulk" 1085
"D:/UE_project/Blaster/Content/Assets/AnimeCitySuburbs/Textures/T_StreetProps_N.uasset" 1086
"D:/UE_project/Blaster/Content/Assets/AnimeCitySuburbs/Textures/T_StreetProps_N.uexp" 1087
"D:/UE_project/Blaster/Content/Assets/AnimeCitySuburbs/Materials/M_StreetProps.uasset" 1088
"D:/UE_project/Blaster/Content/Assets/AnimeCitySuburbs/Materials/M_StreetProps.uexp" 1089
"D:/UE_project/Blaster/Content/Assets/AnimeCitySuburbs/Textures/T_RoadProps_BC.ubulk" 1090
"D:/UE_project/Blaster/Content/Assets/AnimeCitySuburbs/Textures/T_RoadProps_BC.uasset" 1091
"D:/UE_project/Blaster/Content/Assets/AnimeCitySuburbs/Textures/T_RoadProps_BC.uexp" 1092
"D:/UE_project/Blaster/Content/Assets/AnimeCitySuburbs/Materials/MI_RoadProps.uasset" 1093
"D:/UE_project/Blaster/Content/Assets/AnimeCitySuburbs/Materials/MI_RoadProps.uexp" 1094
"D:/UE_project/Blaster/Content/Assets/AnimeCitySuburbs/Models/RoadProps/SM_Pipe01.ubulk" 1095
"D:/UE_project/Blaster/Content/Assets/AnimeCitySuburbs/Models/RoadProps/SM_Pipe01.uasset" 1096
"D:/UE_project/Blaster/Content/Assets/AnimeCitySuburbs/Models/RoadProps/SM_Pipe01.uexp" 1097
"D:/UE_project/Blaster/Content/Assets/AnimeCitySuburbs/Textures/T_WallAlt_BC.ubulk" 1098
"D:/UE_project/Blaster/Content/Assets/AnimeCitySuburbs/Textures/T_WallAlt_BC.uasset" 1099
"D:/UE_project/Blaster/Content/Assets/AnimeCitySuburbs/Textures/T_WallAlt_BC.uexp" 1100
"D:/UE_project/Blaster/Content/Assets/AnimeCitySuburbs/Materials/MI_Wall1.uasset" 1101
"D:/UE_project/Blaster/Content/Assets/AnimeCitySuburbs/Materials/MI_Wall1.uexp" 1102
"D:/UE_project/Blaster/Content/Assets/AnimeCitySuburbs/Materials/MI_Wall2.uasset" 1103
"D:/UE_project/Blaster/Content/Assets/AnimeCitySuburbs/Materials/MI_Wall2.uexp" 1104
"D:/UE_project/Blaster/Content/Assets/AnimeCitySuburbs/Materials/MI_Wall3.uasset" 1105
"D:/UE_project/Blaster/Content/Assets/AnimeCitySuburbs/Materials/MI_Wall3.uexp" 1106
"D:/UE_project/Blaster/Content/Assets/AnimeCitySuburbs/Materials/MI_Wall4.uasset" 1107
"D:/UE_project/Blaster/Content/Assets/AnimeCitySuburbs/Materials/MI_Wall4.uexp" 1108
"D:/UE_project/Blaster/Content/Assets/AnimeCitySuburbs/Materials/MI_Wall5.uasset" 1109
"D:/UE_project/Blaster/Content/Assets/AnimeCitySuburbs/Materials/MI_Wall5.uexp" 1110
"D:/UE_project/Blaster/Content/Assets/AnimeCitySuburbs/Materials/MI_Wall6.uasset" 1111
"D:/UE_project/Blaster/Content/Assets/AnimeCitySuburbs/Materials/MI_Wall6.uexp" 1112
"D:/UE_project/Blaster/Content/Assets/AnimeCitySuburbs/Models/BuildingPieces/SM_RoofB2.ubulk" 1113
"D:/UE_project/Blaster/Content/Assets/AnimeCitySuburbs/Models/BuildingPieces/SM_RoofB2.uasset" 1114
"D:/UE_project/Blaster/Content/Assets/AnimeCitySuburbs/Models/BuildingPieces/SM_RoofB2.uexp" 1115
"D:/UE_project/Blaster/Content/Assets/AnimeCitySuburbs/Textures/T_poster2_BC.ubulk" 1116
"D:/UE_project/Blaster/Content/Assets/AnimeCitySuburbs/Textures/T_poster2_BC.uasset" 1117
"D:/UE_project/Blaster/Content/Assets/AnimeCitySuburbs/Textures/T_poster2_BC.uexp" 1118
"D:/UE_project/Blaster/Content/Assets/AnimeCitySuburbs/Materials/M_Signs.uasset" 1119
"D:/UE_project/Blaster/Content/Assets/AnimeCitySuburbs/Materials/M_Signs.uexp" 1120
"D:/UE_project/Blaster/Content/Assets/AnimeCitySuburbs/Textures/T_Trash_N.ubulk" 1121
"D:/UE_project/Blaster/Content/Assets/AnimeCitySuburbs/Textures/T_Trash_N.uasset" 1122
"D:/UE_project/Blaster/Content/Assets/AnimeCitySuburbs/Textures/T_Trash_N.uexp" 1123
"D:/UE_project/Blaster/Content/Assets/AnimeCitySuburbs/Textures/T_Trash_ORM.ubulk" 1124
"D:/UE_project/Blaster/Content/Assets/AnimeCitySuburbs/Textures/T_Trash_ORM.uasset" 1125
"D:/UE_project/Blaster/Content/Assets/AnimeCitySuburbs/Textures/T_Trash_ORM.uexp" 1126
"D:/UE_project/Blaster/Content/Assets/AnimeCitySuburbs/Textures/T_Trash_BC.ubulk" 1127
"D:/UE_project/Blaster/Content/Assets/AnimeCitySuburbs/Textures/T_Trash_BC.uasset" 1128
"D:/UE_project/Blaster/Content/Assets/AnimeCitySuburbs/Textures/T_Trash_BC.uexp" 1129
"D:/UE_project/Blaster/Content/Assets/AnimeCitySuburbs/Textures/Vehicles/T_Tram_N.ubulk" 1130
"D:/UE_project/Blaster/Content/Assets/AnimeCitySuburbs/Textures/Vehicles/T_Tram_N.uasset" 1131
"D:/UE_project/Blaster/Content/Assets/AnimeCitySuburbs/Textures/Vehicles/T_Tram_N.uexp" 1132
"D:/UE_project/Blaster/Content/Assets/AnimeCitySuburbs/Textures/Vehicles/T_Tram_ORM.ubulk" 1133
"D:/UE_project/Blaster/Content/Assets/AnimeCitySuburbs/Textures/Vehicles/T_Tram_ORM.uasset" 1134
"D:/UE_project/Blaster/Content/Assets/AnimeCitySuburbs/Textures/Vehicles/T_Tram_ORM.uexp" 1135
"D:/UE_project/Blaster/Content/Assets/AnimeCitySuburbs/Textures/Vehicles/T_Tram_BC.ubulk" 1136
"D:/UE_project/Blaster/Content/Assets/AnimeCitySuburbs/Textures/Vehicles/T_Tram_BC.uasset" 1137
"D:/UE_project/Blaster/Content/Assets/AnimeCitySuburbs/Textures/Vehicles/T_Tram_BC.uexp" 1138
"D:/UE_project/Blaster/Content/Assets/AnimeCitySuburbs/Materials/MI_Tram.uasset" 1139
"D:/UE_project/Blaster/Content/Assets/AnimeCitySuburbs/Materials/MI_Tram.uexp" 1140
"D:/UE_project/Blaster/Content/Assets/AnimeCitySuburbs/Materials/MI_Trash.uasset" 1141
"D:/UE_project/Blaster/Content/Assets/AnimeCitySuburbs/Materials/MI_Trash.uexp" 1142
"D:/UE_project/Blaster/Content/Assets/AnimeCitySuburbs/Materials/MI_Metal.uasset" 1143
"D:/UE_project/Blaster/Content/Assets/AnimeCitySuburbs/Materials/MI_Metal.uexp" 1144
"D:/UE_project/Blaster/Content/Assets/AnimeCitySuburbs/Models/Props/SM_Sign6.ubulk" 1145
"D:/UE_project/Blaster/Content/Assets/AnimeCitySuburbs/Models/Props/SM_Sign6.uasset" 1146
"D:/UE_project/Blaster/Content/Assets/AnimeCitySuburbs/Models/Props/SM_Sign6.uexp" 1147
"D:/UE_project/Blaster/Content/Assets/AnimeCitySuburbs/Textures/T_Pavement1_N.ubulk" 1148
"D:/UE_project/Blaster/Content/Assets/AnimeCitySuburbs/Textures/T_Pavement1_N.uasset" 1149
"D:/UE_project/Blaster/Content/Assets/AnimeCitySuburbs/Textures/T_Pavement1_N.uexp" 1150
"D:/UE_project/Blaster/Content/Assets/AnimeCitySuburbs/Textures/T_Pavement1_ORM.ubulk" 1151
"D:/UE_project/Blaster/Content/Assets/AnimeCitySuburbs/Textures/T_Pavement1_ORM.uasset" 1152
"D:/UE_project/Blaster/Content/Assets/AnimeCitySuburbs/Textures/T_Pavement1_ORM.uexp" 1153
"D:/UE_project/Blaster/Content/Assets/AnimeCitySuburbs/Materials/MI_WallTile6.uasset" 1154
"D:/UE_project/Blaster/Content/Assets/AnimeCitySuburbs/Materials/MI_WallTile6.uexp" 1155
"D:/UE_project/Blaster/Content/Assets/AnimeCitySuburbs/Models/BuildingPieces/SM_WallC_02.ubulk" 1156
"D:/UE_project/Blaster/Content/Assets/AnimeCitySuburbs/Models/BuildingPieces/SM_WallC_02.uasset" 1157
"D:/UE_project/Blaster/Content/Assets/AnimeCitySuburbs/Models/BuildingPieces/SM_WallC_02.uexp" 1158
"D:/UE_project/Blaster/Content/Assets/AnimeCitySuburbs/Textures/T_Rocky_ORM.ubulk" 1159
"D:/UE_project/Blaster/Content/Assets/AnimeCitySuburbs/Textures/T_Rocky_ORM.uasset" 1160
"D:/UE_project/Blaster/Content/Assets/AnimeCitySuburbs/Textures/T_Rocky_ORM.uexp" 1161
"D:/UE_project/Blaster/Content/Assets/AnimeCitySuburbs/Textures/T_Rocky_A.ubulk" 1162
"D:/UE_project/Blaster/Content/Assets/AnimeCitySuburbs/Textures/T_Rocky_A.uasset" 1163
"D:/UE_project/Blaster/Content/Assets/AnimeCitySuburbs/Textures/T_Rocky_A.uexp" 1164
"D:/UE_project/Blaster/Content/Assets/AnimeCitySuburbs/Textures/T_Rocky_N.ubulk" 1165
"D:/UE_project/Blaster/Content/Assets/AnimeCitySuburbs/Textures/T_Rocky_N.uasset" 1166
"D:/UE_project/Blaster/Content/Assets/AnimeCitySuburbs/Textures/T_Rocky_N.uexp" 1167
"D:/UE_project/Blaster/Content/Assets/AnimeCitySuburbs/Materials/MI_Rocky.uasset" 1168
"D:/UE_project/Blaster/Content/Assets/AnimeCitySuburbs/Materials/MI_Rocky.uexp" 1169
"D:/UE_project/Blaster/Content/Assets/AnimeCitySuburbs/Models/Props/SM_frog2.ubulk" 1170
"D:/UE_project/Blaster/Content/Assets/AnimeCitySuburbs/Models/Props/SM_frog2.uasset" 1171
"D:/UE_project/Blaster/Content/Assets/AnimeCitySuburbs/Models/Props/SM_frog2.uexp" 1172
"D:/UE_project/Blaster/Content/Assets/AnimeCitySuburbs/Textures/T_LeafAlpha.uasset" 1173
"D:/UE_project/Blaster/Content/Assets/AnimeCitySuburbs/Textures/T_LeafAlpha.uexp" 1174
"D:/UE_project/Blaster/Content/Assets/AnimeCitySuburbs/Textures/CC_LeavesColor01.uasset" 1175
"D:/UE_project/Blaster/Content/Assets/AnimeCitySuburbs/Textures/CC_LeavesColor01.uexp" 1176
"D:/UE_project/Blaster/Content/Assets/AnimeCitySuburbs/Textures/CC_LeavesColor03.uasset" 1177
"D:/UE_project/Blaster/Content/Assets/AnimeCitySuburbs/Textures/CC_LeavesColor03.uexp" 1178
"D:/UE_project/Blaster/Content/Assets/AnimeCitySuburbs/Textures/CC_LeavesColor04.uasset" 1179
"D:/UE_project/Blaster/Content/Assets/AnimeCitySuburbs/Textures/CC_LeavesColor04.uexp" 1180
"D:/UE_project/Blaster/Content/Assets/AnimeCitySuburbs/Textures/CC_LeavesColor02.uasset" 1181
"D:/UE_project/Blaster/Content/Assets/AnimeCitySuburbs/Textures/CC_LeavesColor02.uexp" 1182
"D:/UE_project/Blaster/Content/Assets/AnimeCitySuburbs/Textures/CA_LeavesColorAtlas.uasset" 1183
"D:/UE_project/Blaster/Content/Assets/AnimeCitySuburbs/Textures/CA_LeavesColorAtlas.uexp" 1184
"../../../Engine/Content/Functions/Engine_MaterialFunctions01/WorldPositionOffset/SimpleGrassWind.uasset" 1185
"../../../Engine/Content/Functions/Engine_MaterialFunctions01/WorldPositionOffset/SimpleGrassWind.uexp" 1186
"D:/UE_project/Blaster/Content/Assets/AnimeCitySuburbs/Materials/M_Leaves.uasset" 1187
"D:/UE_project/Blaster/Content/Assets/AnimeCitySuburbs/Materials/M_Leaves.uexp" 1188
"D:/UE_project/Blaster/Content/Assets/AnimeCitySuburbs/Materials/MI_Leaves01.uasset" 1189
"D:/UE_project/Blaster/Content/Assets/AnimeCitySuburbs/Materials/MI_Leaves01.uexp" 1190
"D:/UE_project/Blaster/Content/Assets/AnimeCitySuburbs/Materials/MI_Bush.uasset" 1191
"D:/UE_project/Blaster/Content/Assets/AnimeCitySuburbs/Materials/MI_Bush.uexp" 1192
"D:/UE_project/Blaster/Content/Assets/AnimeCitySuburbs/Models/Vegetation/SM_Bush02.ubulk" 1193
"D:/UE_project/Blaster/Content/Assets/AnimeCitySuburbs/Models/Vegetation/SM_Bush02.uasset" 1194
"D:/UE_project/Blaster/Content/Assets/AnimeCitySuburbs/Models/Vegetation/SM_Bush02.uexp" 1195
"D:/UE_project/Blaster/Content/Assets/AnimeCitySuburbs/Textures/Vehicles/T_Car_Yellow_BC.ubulk" 1196
"D:/UE_project/Blaster/Content/Assets/AnimeCitySuburbs/Textures/Vehicles/T_Car_Yellow_BC.uasset" 1197
"D:/UE_project/Blaster/Content/Assets/AnimeCitySuburbs/Textures/Vehicles/T_Car_Yellow_BC.uexp" 1198
"D:/UE_project/Blaster/Content/Assets/AnimeCitySuburbs/Materials/MI_Car_Yellow.uasset" 1199
"D:/UE_project/Blaster/Content/Assets/AnimeCitySuburbs/Materials/MI_Car_Yellow.uexp" 1200
"D:/UE_project/Blaster/Content/Assets/AnimeCitySuburbs/Textures/Posters/T_ShopPoster04.ubulk" 1201
"D:/UE_project/Blaster/Content/Assets/AnimeCitySuburbs/Textures/Posters/T_ShopPoster04.uasset" 1202
"D:/UE_project/Blaster/Content/Assets/AnimeCitySuburbs/Textures/Posters/T_ShopPoster04.uexp" 1203
"D:/UE_project/Blaster/Content/Assets/AnimeCitySuburbs/Textures/Posters/T_ShopPoster01.ubulk" 1204
"D:/UE_project/Blaster/Content/Assets/AnimeCitySuburbs/Textures/Posters/T_ShopPoster01.uasset" 1205
"D:/UE_project/Blaster/Content/Assets/AnimeCitySuburbs/Textures/Posters/T_ShopPoster01.uexp" 1206
"D:/UE_project/Blaster/Content/Assets/AnimeCitySuburbs/Materials/ShopPosters/M_ShopPoster.uasset" 1207
"D:/UE_project/Blaster/Content/Assets/AnimeCitySuburbs/Materials/ShopPosters/M_ShopPoster.uexp" 1208
"D:/UE_project/Blaster/Content/Assets/AnimeCitySuburbs/Textures/Posters/T_ShopPoster02.ubulk" 1209
"D:/UE_project/Blaster/Content/Assets/AnimeCitySuburbs/Textures/Posters/T_ShopPoster02.uasset" 1210
"D:/UE_project/Blaster/Content/Assets/AnimeCitySuburbs/Textures/Posters/T_ShopPoster02.uexp" 1211
"D:/UE_project/Blaster/Content/Assets/AnimeCitySuburbs/Materials/ShopPosters/MI_ShopPoster01.uasset" 1212
"D:/UE_project/Blaster/Content/Assets/AnimeCitySuburbs/Materials/ShopPosters/MI_ShopPoster01.uexp" 1213
"D:/UE_project/Blaster/Content/Assets/AnimeCitySuburbs/Textures/Posters/T_ShopPoster03.ubulk" 1214
"D:/UE_project/Blaster/Content/Assets/AnimeCitySuburbs/Textures/Posters/T_ShopPoster03.uasset" 1215
"D:/UE_project/Blaster/Content/Assets/AnimeCitySuburbs/Textures/Posters/T_ShopPoster03.uexp" 1216
"D:/UE_project/Blaster/Content/Assets/AnimeCitySuburbs/Materials/ShopPosters/MI_ShopPoster02.uasset" 1217
"D:/UE_project/Blaster/Content/Assets/AnimeCitySuburbs/Materials/ShopPosters/MI_ShopPoster02.uexp" 1218
"D:/UE_project/Blaster/Content/Assets/AnimeCitySuburbs/Materials/ShopPosters/MI_ShopPoster04.uasset" 1219
"D:/UE_project/Blaster/Content/Assets/AnimeCitySuburbs/Materials/ShopPosters/MI_ShopPoster04.uexp" 1220
"D:/UE_project/Blaster/Content/Assets/AnimeCitySuburbs/Textures/Posters/T_ShopPoster05.ubulk" 1221
"D:/UE_project/Blaster/Content/Assets/AnimeCitySuburbs/Textures/Posters/T_ShopPoster05.uasset" 1222
"D:/UE_project/Blaster/Content/Assets/AnimeCitySuburbs/Textures/Posters/T_ShopPoster05.uexp" 1223
"D:/UE_project/Blaster/Content/Assets/AnimeCitySuburbs/Materials/ShopPosters/MI_ShopPoster05.uasset" 1224
"D:/UE_project/Blaster/Content/Assets/AnimeCitySuburbs/Materials/ShopPosters/MI_ShopPoster05.uexp" 1225
"D:/UE_project/Blaster/Content/Assets/AnimeCitySuburbs/Textures/T_Cone_E.ubulk" 1226
"D:/UE_project/Blaster/Content/Assets/AnimeCitySuburbs/Textures/T_Cone_E.uasset" 1227
"D:/UE_project/Blaster/Content/Assets/AnimeCitySuburbs/Textures/T_Cone_E.uexp" 1228
"D:/UE_project/Blaster/Content/Assets/AnimeCitySuburbs/Textures/T_Cone_N.ubulk" 1229
"D:/UE_project/Blaster/Content/Assets/AnimeCitySuburbs/Textures/T_Cone_N.uasset" 1230
"D:/UE_project/Blaster/Content/Assets/AnimeCitySuburbs/Textures/T_Cone_N.uexp" 1231
"D:/UE_project/Blaster/Content/Assets/AnimeCitySuburbs/Textures/T_Cone_ORM.ubulk" 1232
"D:/UE_project/Blaster/Content/Assets/AnimeCitySuburbs/Textures/T_Cone_ORM.uasset" 1233
"D:/UE_project/Blaster/Content/Assets/AnimeCitySuburbs/Textures/T_Cone_ORM.uexp" 1234
"D:/UE_project/Blaster/Content/Assets/AnimeCitySuburbs/Textures/T_Cone_BC.ubulk" 1235
"D:/UE_project/Blaster/Content/Assets/AnimeCitySuburbs/Textures/T_Cone_BC.uasset" 1236
"D:/UE_project/Blaster/Content/Assets/AnimeCitySuburbs/Textures/T_Cone_BC.uexp" 1237
"D:/UE_project/Blaster/Content/Assets/AnimeCitySuburbs/Materials/MI_Cone.uasset" 1238
"D:/UE_project/Blaster/Content/Assets/AnimeCitySuburbs/Materials/MI_Cone.uexp" 1239
"D:/UE_project/Blaster/Content/Assets/AnimeCitySuburbs/Models/Props/SM_Cone.ubulk" 1240
"D:/UE_project/Blaster/Content/Assets/AnimeCitySuburbs/Models/Props/SM_Cone.uasset" 1241
"D:/UE_project/Blaster/Content/Assets/AnimeCitySuburbs/Models/Props/SM_Cone.uexp" 1242
"D:/UE_project/Blaster/Content/Assets/AnimeCitySuburbs/Textures/T_SodaMachine_N.ubulk" 1243
"D:/UE_project/Blaster/Content/Assets/AnimeCitySuburbs/Textures/T_SodaMachine_N.uasset" 1244
"D:/UE_project/Blaster/Content/Assets/AnimeCitySuburbs/Textures/T_SodaMachine_N.uexp" 1245
"D:/UE_project/Blaster/Content/Assets/AnimeCitySuburbs/Textures/T_SodaMachine_E.ubulk" 1246
"D:/UE_project/Blaster/Content/Assets/AnimeCitySuburbs/Textures/T_SodaMachine_E.uasset" 1247
"D:/UE_project/Blaster/Content/Assets/AnimeCitySuburbs/Textures/T_SodaMachine_E.uexp" 1248
"D:/UE_project/Blaster/Content/Assets/AnimeCitySuburbs/Textures/T_SodaMachine_BC.ubulk" 1249
"D:/UE_project/Blaster/Content/Assets/AnimeCitySuburbs/Textures/T_SodaMachine_BC.uasset" 1250
"D:/UE_project/Blaster/Content/Assets/AnimeCitySuburbs/Textures/T_SodaMachine_BC.uexp" 1251
"D:/UE_project/Blaster/Content/Assets/AnimeCitySuburbs/Textures/T_Vending02_BC.ubulk" 1252
"D:/UE_project/Blaster/Content/Assets/AnimeCitySuburbs/Textures/T_Vending02_BC.uasset" 1253
"D:/UE_project/Blaster/Content/Assets/AnimeCitySuburbs/Textures/T_Vending02_BC.uexp" 1254
"D:/UE_project/Blaster/Content/Assets/AnimeCitySuburbs/Textures/T_Vending_E.ubulk" 1255
"D:/UE_project/Blaster/Content/Assets/AnimeCitySuburbs/Textures/T_Vending_E.uasset" 1256
"D:/UE_project/Blaster/Content/Assets/AnimeCitySuburbs/Textures/T_Vending_E.uexp" 1257
"D:/UE_project/Blaster/Content/Assets/AnimeCitySuburbs/Textures/T_Vending_ORM.ubulk" 1258
"D:/UE_project/Blaster/Content/Assets/AnimeCitySuburbs/Textures/T_Vending_ORM.uasset" 1259
"D:/UE_project/Blaster/Content/Assets/AnimeCitySuburbs/Textures/T_Vending_ORM.uexp" 1260
"D:/UE_project/Blaster/Content/Assets/AnimeCitySuburbs/Textures/T_Vending_N.ubulk" 1261
"D:/UE_project/Blaster/Content/Assets/AnimeCitySuburbs/Textures/T_Vending_N.uasset" 1262
"D:/UE_project/Blaster/Content/Assets/AnimeCitySuburbs/Textures/T_Vending_N.uexp" 1263
"D:/UE_project/Blaster/Content/Assets/AnimeCitySuburbs/Materials/VendingMachines/MI_Vending02.uasset" 1264
"D:/UE_project/Blaster/Content/Assets/AnimeCitySuburbs/Materials/VendingMachines/MI_Vending02.uexp" 1265
"D:/UE_project/Blaster/Content/Assets/AnimeCitySuburbs/Textures/T_SodaMachine_ORM.ubulk" 1266
"D:/UE_project/Blaster/Content/Assets/AnimeCitySuburbs/Textures/T_SodaMachine_ORM.uasset" 1267
"D:/UE_project/Blaster/Content/Assets/AnimeCitySuburbs/Textures/T_SodaMachine_ORM.uexp" 1268
"D:/UE_project/Blaster/Content/Assets/AnimeCitySuburbs/Materials/VendingMachines/MI_CoffeeMachine.uasset" 1269
"D:/UE_project/Blaster/Content/Assets/AnimeCitySuburbs/Materials/VendingMachines/MI_CoffeeMachine.uexp" 1270
"D:/UE_project/Blaster/Content/Assets/AnimeCitySuburbs/Models/VendingMachines/SM_CoffeeMachine.ubulk" 1271
"D:/UE_project/Blaster/Content/Assets/AnimeCitySuburbs/Models/VendingMachines/SM_CoffeeMachine.uasset" 1272
"D:/UE_project/Blaster/Content/Assets/AnimeCitySuburbs/Models/VendingMachines/SM_CoffeeMachine.uexp" 1273
"D:/UE_project/Blaster/Content/Assets/AnimeCitySuburbs/Models/VendingMachines/SM_CoffeeCup.ubulk" 1274
"D:/UE_project/Blaster/Content/Assets/AnimeCitySuburbs/Models/VendingMachines/SM_CoffeeCup.uasset" 1275
"D:/UE_project/Blaster/Content/Assets/AnimeCitySuburbs/Models/VendingMachines/SM_CoffeeCup.uexp" 1276
"D:/UE_project/Blaster/Content/Assets/AnimeCitySuburbs/Blueprints/VendingMachines/BP_CoffeeMachine.uasset" 1277
"D:/UE_project/Blaster/Content/Assets/AnimeCitySuburbs/Blueprints/VendingMachines/BP_CoffeeMachine.uexp" 1278
"D:/UE_project/Blaster/Content/Assets/AnimeCitySuburbs/Textures/T_Sidewalk_Red_A.ubulk" 1279
"D:/UE_project/Blaster/Content/Assets/AnimeCitySuburbs/Textures/T_Sidewalk_Red_A.uasset" 1280
"D:/UE_project/Blaster/Content/Assets/AnimeCitySuburbs/Textures/T_Sidewalk_Red_A.uexp" 1281
"D:/UE_project/Blaster/Content/Assets/AnimeCitySuburbs/Textures/T_Sidewalk_N.ubulk" 1282
"D:/UE_project/Blaster/Content/Assets/AnimeCitySuburbs/Textures/T_Sidewalk_N.uasset" 1283
"D:/UE_project/Blaster/Content/Assets/AnimeCitySuburbs/Textures/T_Sidewalk_N.uexp" 1284
"D:/UE_project/Blaster/Content/Assets/AnimeCitySuburbs/Textures/T_Sidewalk_ORM.ubulk" 1285
"D:/UE_project/Blaster/Content/Assets/AnimeCitySuburbs/Textures/T_Sidewalk_ORM.uasset" 1286
"D:/UE_project/Blaster/Content/Assets/AnimeCitySuburbs/Textures/T_Sidewalk_ORM.uexp" 1287
"D:/UE_project/Blaster/Content/Assets/AnimeCitySuburbs/Materials/MI_Sidewalk01.uasset" 1288
"D:/UE_project/Blaster/Content/Assets/AnimeCitySuburbs/Materials/MI_Sidewalk01.uexp" 1289
"D:/UE_project/Blaster/Content/Assets/AnimeCitySuburbs/Textures/T_PebbleRoad_N.ubulk" 1290
"D:/UE_project/Blaster/Content/Assets/AnimeCitySuburbs/Textures/T_PebbleRoad_N.uasset" 1291
"D:/UE_project/Blaster/Content/Assets/AnimeCitySuburbs/Textures/T_PebbleRoad_N.uexp" 1292
"D:/UE_project/Blaster/Content/Assets/AnimeCitySuburbs/Textures/T_PebbleRoad_ORM.ubulk" 1293
"D:/UE_project/Blaster/Content/Assets/AnimeCitySuburbs/Textures/T_PebbleRoad_ORM.uasset" 1294
"D:/UE_project/Blaster/Content/Assets/AnimeCitySuburbs/Textures/T_PebbleRoad_ORM.uexp" 1295
"D:/UE_project/Blaster/Content/Assets/AnimeCitySuburbs/Textures/T_PebbleRoad_A.ubulk" 1296
"D:/UE_project/Blaster/Content/Assets/AnimeCitySuburbs/Textures/T_PebbleRoad_A.uasset" 1297
"D:/UE_project/Blaster/Content/Assets/AnimeCitySuburbs/Textures/T_PebbleRoad_A.uexp" 1298
"D:/UE_project/Blaster/Content/Assets/AnimeCitySuburbs/Materials/MI_PebbleRoad.uasset" 1299
"D:/UE_project/Blaster/Content/Assets/AnimeCitySuburbs/Materials/MI_PebbleRoad.uexp" 1300
"D:/UE_project/Blaster/Content/Assets/AnimeCitySuburbs/Models/Park/SM_PavementCorner.ubulk" 1301
"D:/UE_project/Blaster/Content/Assets/AnimeCitySuburbs/Models/Park/SM_PavementCorner.uasset" 1302
"D:/UE_project/Blaster/Content/Assets/AnimeCitySuburbs/Models/Park/SM_PavementCorner.uexp" 1303
"D:/UE_project/Blaster/Content/Assets/AnimeCitySuburbs/Textures/T_MetalWall_ORM.ubulk" 1304
"D:/UE_project/Blaster/Content/Assets/AnimeCitySuburbs/Textures/T_MetalWall_ORM.uasset" 1305
"D:/UE_project/Blaster/Content/Assets/AnimeCitySuburbs/Textures/T_MetalWall_ORM.uexp" 1306
"D:/UE_project/Blaster/Content/Assets/AnimeCitySuburbs/Textures/T_MetalWall_D.ubulk" 1307
"D:/UE_project/Blaster/Content/Assets/AnimeCitySuburbs/Textures/T_MetalWall_D.uasset" 1308
"D:/UE_project/Blaster/Content/Assets/AnimeCitySuburbs/Textures/T_MetalWall_D.uexp" 1309
"D:/UE_project/Blaster/Content/Assets/AnimeCitySuburbs/Textures/T_MetalWall_N.ubulk" 1310
"D:/UE_project/Blaster/Content/Assets/AnimeCitySuburbs/Textures/T_MetalWall_N.uasset" 1311
"D:/UE_project/Blaster/Content/Assets/AnimeCitySuburbs/Textures/T_MetalWall_N.uexp" 1312
"D:/UE_project/Blaster/Content/Assets/AnimeCitySuburbs/Materials/M_MetalWall.uasset" 1313
"D:/UE_project/Blaster/Content/Assets/AnimeCitySuburbs/Materials/M_MetalWall.uexp" 1314
"D:/UE_project/Blaster/Content/Assets/AnimeCitySuburbs/Materials/M_MetalWall2.uasset" 1315
"D:/UE_project/Blaster/Content/Assets/AnimeCitySuburbs/Materials/M_MetalWall2.uexp" 1316
"D:/UE_project/Blaster/Content/Assets/AnimeCitySuburbs/Materials/MI_MetallWall3.uasset" 1317
"D:/UE_project/Blaster/Content/Assets/AnimeCitySuburbs/Materials/MI_MetallWall3.uexp" 1318
"D:/UE_project/Blaster/Content/Assets/AnimeCitySuburbs/Models/BuildingPieces/SM_GlassWall.ubulk" 1319
"D:/UE_project/Blaster/Content/Assets/AnimeCitySuburbs/Models/BuildingPieces/SM_GlassWall.uasset" 1320
"D:/UE_project/Blaster/Content/Assets/AnimeCitySuburbs/Models/BuildingPieces/SM_GlassWall.uexp" 1321
"D:/UE_project/Blaster/Content/Assets/AnimeCitySuburbs/Materials/MI_Metal_05.uasset" 1322
"D:/UE_project/Blaster/Content/Assets/AnimeCitySuburbs/Materials/MI_Metal_05.uexp" 1323
"D:/UE_project/Blaster/Content/Assets/AnimeCitySuburbs/Materials/M_Glow.uasset" 1324
"D:/UE_project/Blaster/Content/Assets/AnimeCitySuburbs/Materials/M_Glow.uexp" 1325
"D:/UE_project/Blaster/Content/Assets/AnimeCitySuburbs/Models/Park/SM_DuckBase.ubulk" 1326
"D:/UE_project/Blaster/Content/Assets/AnimeCitySuburbs/Models/Park/SM_DuckBase.uasset" 1327
"D:/UE_project/Blaster/Content/Assets/AnimeCitySuburbs/Models/Park/SM_DuckBase.uexp" 1328
"D:/UE_project/Blaster/Content/Assets/AnimeCitySuburbs/Materials/MI_Metal_08.uasset" 1329
"D:/UE_project/Blaster/Content/Assets/AnimeCitySuburbs/Materials/MI_Metal_08.uexp" 1330
"D:/UE_project/Blaster/Content/Assets/AnimeCitySuburbs/Materials/MI_Metal_09.uasset" 1331
"D:/UE_project/Blaster/Content/Assets/AnimeCitySuburbs/Materials/MI_Metal_09.uexp" 1332
"D:/UE_project/Blaster/Content/Assets/AnimeCitySuburbs/Models/Park/SM_Duck.ubulk" 1333
"D:/UE_project/Blaster/Content/Assets/AnimeCitySuburbs/Models/Park/SM_Duck.uasset" 1334
"D:/UE_project/Blaster/Content/Assets/AnimeCitySuburbs/Models/Park/SM_Duck.uexp" 1335
"D:/UE_project/Blaster/Content/Assets/AnimeCitySuburbs/Blueprints/Playground/BP_Duck.uasset" 1336
"D:/UE_project/Blaster/Content/Assets/AnimeCitySuburbs/Blueprints/Playground/BP_Duck.uexp" 1337
"D:/UE_project/Blaster/Content/Assets/BalticVFX_MagicCirclesToolkit/Meshes/Shapes/PolygonBands/SM_Baltic_MagicCircle_Shapes_All_Poly64_Vthin.ubulk" 1338
"D:/UE_project/Blaster/Content/Assets/BalticVFX_MagicCirclesToolkit/Meshes/Shapes/PolygonBands/SM_Baltic_MagicCircle_Shapes_All_Poly64_Vthin.uasset" 1339
"D:/UE_project/Blaster/Content/Assets/BalticVFX_MagicCirclesToolkit/Meshes/Shapes/PolygonBands/SM_Baltic_MagicCircle_Shapes_All_Poly64_Vthin.uexp" 1340
"D:/UE_project/Blaster/Content/Assets/BalticVFX_MagicCirclesToolkit/Meshes/Shapes/SM_FX_BasicCylinder.ubulk" 1341
"D:/UE_project/Blaster/Content/Assets/BalticVFX_MagicCirclesToolkit/Meshes/Shapes/SM_FX_BasicCylinder.uasset" 1342
"D:/UE_project/Blaster/Content/Assets/BalticVFX_MagicCirclesToolkit/Meshes/Shapes/SM_FX_BasicCylinder.uexp" 1343
"../../../Engine/Plugins/FX/Niagara/Content/Enums/ENiagaraSphereDistributionMode.uasset" 1344
"../../../Engine/Plugins/FX/Niagara/Content/Enums/ENiagaraSphereDistributionMode.uexp" 1345
"../../../Engine/Plugins/FX/Niagara/Content/Enums/ENiagaraRandomnessMode.uasset" 1346
"../../../Engine/Plugins/FX/Niagara/Content/Enums/ENiagaraRandomnessMode.uexp" 1347
"../../../Engine/Plugins/FX/Niagara/Content/Enums/ENiagaraRandomnessEvaluation.uasset" 1348
"../../../Engine/Plugins/FX/Niagara/Content/Enums/ENiagaraRandomnessEvaluation.uexp" 1349
"../../../Engine/Plugins/FX/Niagara/Content/Enums/ENiagara_MassInitializationMode.uasset" 1350
"../../../Engine/Plugins/FX/Niagara/Content/Enums/ENiagara_MassInitializationMode.uexp" 1351
"../../../Engine/Content/Functions/Engine_MaterialFunctions01/Density/ExponentialDensity.uasset" 1352
"../../../Engine/Content/Functions/Engine_MaterialFunctions01/Density/ExponentialDensity.uexp" 1353
"../../../Engine/Content/Functions/Engine_MaterialFunctions01/Gradient/RadialGradientExponential.uasset" 1354
"../../../Engine/Content/Functions/Engine_MaterialFunctions01/Gradient/RadialGradientExponential.uexp" 1355
"D:/UE_project/Blaster/Content/Assets/BalticVFX_MagicCirclesToolkit/Materials/Master/M_RadialShadow.uasset" 1356
"D:/UE_project/Blaster/Content/Assets/BalticVFX_MagicCirclesToolkit/Materials/Master/M_RadialShadow.uexp" 1357
"../../../Engine/Plugins/FX/Niagara/Content/Enums/ENiagara_PositionInitializationMode.uasset" 1358
"../../../Engine/Plugins/FX/Niagara/Content/Enums/ENiagara_PositionInitializationMode.uexp" 1359
"../../../Engine/Plugins/FX/Niagara/Content/Enums/ENiagaraScaleColorMode.uasset" 1360
"../../../Engine/Plugins/FX/Niagara/Content/Enums/ENiagaraScaleColorMode.uexp" 1361
"../../../Engine/Plugins/FX/Niagara/Content/Enums/ENiagara_SizeScaleMode.uasset" 1362
"../../../Engine/Plugins/FX/Niagara/Content/Enums/ENiagara_SizeScaleMode.uexp" 1363
"../../../Engine/Plugins/FX/Niagara/Content/Enums/ENiagara_UVFlippingMode.uasset" 1364
"../../../Engine/Plugins/FX/Niagara/Content/Enums/ENiagara_UVFlippingMode.uexp" 1365
"../../../Engine/Plugins/FX/Niagara/Content/Enums/Ribbons/ENiagara_UnsetDirectSetRandom.uasset" 1366
"../../../Engine/Plugins/FX/Niagara/Content/Enums/Ribbons/ENiagara_UnsetDirectSetRandom.uexp" 1367
"../../../Engine/Plugins/FX/Niagara/Content/Enums/ENiagara_LifetimeMode.uasset" 1368
"../../../Engine/Plugins/FX/Niagara/Content/Enums/ENiagara_LifetimeMode.uexp" 1369
"../../../Engine/Plugins/FX/Niagara/Content/Enums/Ribbons/ENiagara_UnsetDirectSet.uasset" 1370
"../../../Engine/Plugins/FX/Niagara/Content/Enums/Ribbons/ENiagara_UnsetDirectSet.uexp" 1371
"../../../Engine/Plugins/FX/Niagara/Content/Enums/ENiagara_SpriteRotationMode.uasset" 1372
"../../../Engine/Plugins/FX/Niagara/Content/Enums/ENiagara_SpriteRotationMode.uexp" 1373
"../../../Engine/Plugins/FX/Niagara/Content/Enums/ENiagara_ColorInitializationMode.uasset" 1374
"../../../Engine/Plugins/FX/Niagara/Content/Enums/ENiagara_ColorInitializationMode.uexp" 1375
"../../../Engine/Plugins/FX/Niagara/Content/Enums/ENiagaraChannelCorrelation.uasset" 1376
"../../../Engine/Plugins/FX/Niagara/Content/Enums/ENiagaraChannelCorrelation.uexp" 1377
"../../../Engine/Plugins/FX/Niagara/Content/Enums/ENiagaraEmitterLifeCycleMode.uasset" 1378
"../../../Engine/Plugins/FX/Niagara/Content/Enums/ENiagaraEmitterLifeCycleMode.uexp" 1379
"../../../Engine/Plugins/FX/Niagara/Content/Enums/ENiagara_InfiniteLoopDuration.uasset" 1380
"../../../Engine/Plugins/FX/Niagara/Content/Enums/ENiagara_InfiniteLoopDuration.uexp" 1381
"../../../Engine/Plugins/FX/Niagara/Content/Enums/ENiagara_EmitterStateOptions.uasset" 1382
"../../../Engine/Plugins/FX/Niagara/Content/Enums/ENiagara_EmitterStateOptions.uexp" 1383
"../../../Engine/Plugins/FX/Niagara/Content/Enums/ENiagaraInactiveMode.uasset" 1384
"../../../Engine/Plugins/FX/Niagara/Content/Enums/ENiagaraInactiveMode.uexp" 1385
"../../../Engine/Plugins/FX/Niagara/Content/Enums/ENiagaraExecutionStateManagement.uasset" 1386
"../../../Engine/Plugins/FX/Niagara/Content/Enums/ENiagaraExecutionStateManagement.uexp" 1387
"../../../Engine/Plugins/FX/Niagara/Content/Enums/ENiagaraEmitterScalabilityMode_Limited.uasset" 1388
"../../../Engine/Plugins/FX/Niagara/Content/Enums/ENiagaraEmitterScalabilityMode_Limited.uexp" 1389
"D:/UE_project/Blaster/Content/Assets/BalticVFX_MagicCirclesToolkit/Materials/Instances/MI_Line_Circle.uasset" 1390
"D:/UE_project/Blaster/Content/Assets/BalticVFX_MagicCirclesToolkit/Materials/Instances/MI_Line_Circle.uexp" 1391
"D:/UE_project/Blaster/Content/Assets/BalticVFX_MagicCirclesToolkit/Meshes/Shapes/PolygonBands/SM_Baltic_MagicCircle_Shapes_All_Poly64_Med.ubulk" 1392
"D:/UE_project/Blaster/Content/Assets/BalticVFX_MagicCirclesToolkit/Meshes/Shapes/PolygonBands/SM_Baltic_MagicCircle_Shapes_All_Poly64_Med.uasset" 1393
"D:/UE_project/Blaster/Content/Assets/BalticVFX_MagicCirclesToolkit/Meshes/Shapes/PolygonBands/SM_Baltic_MagicCircle_Shapes_All_Poly64_Med.uexp" 1394
"../../../Engine/Plugins/FX/Niagara/Content/Icons/Modules/T_Icon_Particle_InfiniteLife.uasset" 1395
"../../../Engine/Plugins/FX/Niagara/Content/Icons/Modules/T_Icon_Particle_InfiniteLife.uexp" 1396
"../../../Engine/Plugins/FX/Niagara/Content/Enums/ENiagaraMeshTransforms.uasset" 1397
"../../../Engine/Plugins/FX/Niagara/Content/Enums/ENiagaraMeshTransforms.uexp" 1398
"D:/UE_project/Blaster/Content/Assets/BalticVFX_MagicCirclesToolkit/Meshes/Shapes/SM_FX_RuneRing_Air.ubulk" 1399
"D:/UE_project/Blaster/Content/Assets/BalticVFX_MagicCirclesToolkit/Meshes/Shapes/SM_FX_RuneRing_Air.uasset" 1400
"D:/UE_project/Blaster/Content/Assets/BalticVFX_MagicCirclesToolkit/Meshes/Shapes/SM_FX_RuneRing_Air.uexp" 1401
"D:/UE_project/Blaster/Content/Assets/BalticVFX_MagicCirclesToolkit/Meshes/Shapes/PolygonBands/SM_Baltic_MagicCircle_Shapes_All_Poly64_Vwide.ubulk" 1402
"D:/UE_project/Blaster/Content/Assets/BalticVFX_MagicCirclesToolkit/Meshes/Shapes/PolygonBands/SM_Baltic_MagicCircle_Shapes_All_Poly64_Vwide.uasset" 1403
"D:/UE_project/Blaster/Content/Assets/BalticVFX_MagicCirclesToolkit/Meshes/Shapes/PolygonBands/SM_Baltic_MagicCircle_Shapes_All_Poly64_Vwide.uexp" 1404
"../../../Engine/Plugins/FX/Niagara/Content/Icons/Modules/T_Icon_Solver_LimitSpeed.uasset" 1405
"../../../Engine/Plugins/FX/Niagara/Content/Icons/Modules/T_Icon_Solver_LimitSpeed.uexp" 1406
"../../../Engine/Plugins/FX/Niagara/Content/Icons/Modules/T_Icon_Solver_RotationalSolve.uasset" 1407
"../../../Engine/Plugins/FX/Niagara/Content/Icons/Modules/T_Icon_Solver_RotationalSolve.uexp" 1408
"../../../Engine/Plugins/FX/Niagara/Content/Icons/Modules/T_Icon_Solver_LimitAccel.uasset" 1409
"../../../Engine/Plugins/FX/Niagara/Content/Icons/Modules/T_Icon_Solver_LimitAccel.uexp" 1410
"../../../Engine/Plugins/FX/Niagara/Content/Enums/Angles/ENiagara_AngleInput.uasset" 1411
"../../../Engine/Plugins/FX/Niagara/Content/Enums/Angles/ENiagara_AngleInput.uexp" 1412
"../../../Engine/Plugins/FX/Niagara/Content/Enums/Utility/ENiagara_VelocityMode.uasset" 1413
"../../../Engine/Plugins/FX/Niagara/Content/Enums/Utility/ENiagara_VelocityMode.uexp" 1414
"../../../Engine/Plugins/FX/Niagara/Content/Enums/Transforms/ENiagara_RotationMode.uasset" 1415
"../../../Engine/Plugins/FX/Niagara/Content/Enums/Transforms/ENiagara_RotationMode.uexp" 1416
"D:/UE_project/Blaster/Content/Assets/BalticVFX_MagicCirclesToolkit/Meshes/Shapes/SM_FX_Disk.ubulk" 1417
"D:/UE_project/Blaster/Content/Assets/BalticVFX_MagicCirclesToolkit/Meshes/Shapes/SM_FX_Disk.uasset" 1418
"D:/UE_project/Blaster/Content/Assets/BalticVFX_MagicCirclesToolkit/Meshes/Shapes/SM_FX_Disk.uexp" 1419
"D:/UE_project/Blaster/Content/Assets/BalticVFX_MagicCirclesToolkit/Materials/Instances/MI_Line_Polygram.uasset" 1420
"D:/UE_project/Blaster/Content/Assets/BalticVFX_MagicCirclesToolkit/Materials/Instances/MI_Line_Polygram.uexp" 1421
"../../../Engine/Plugins/FX/Niagara/Content/Enums/ENiagaraSystemInactiveMode.uasset" 1422
"../../../Engine/Plugins/FX/Niagara/Content/Enums/ENiagaraSystemInactiveMode.uexp" 1423
"D:/UE_project/Blaster/Content/Assets/BalticVFX_MagicCirclesToolkit/Textures/T_FX_Nally.ubulk" 1424
"D:/UE_project/Blaster/Content/Assets/BalticVFX_MagicCirclesToolkit/Textures/T_FX_Nally.uasset" 1425
"D:/UE_project/Blaster/Content/Assets/BalticVFX_MagicCirclesToolkit/Textures/T_FX_Nally.uexp" 1426
"../../../Engine/Content/EditorLandscapeResources/WhiteSquareTexture.uasset" 1427
"../../../Engine/Content/EditorLandscapeResources/WhiteSquareTexture.uexp" 1428
"D:/UE_project/Blaster/Content/Assets/BalticVFX_MagicCirclesToolkit/Textures/T_Baltic_Flowmap_Caustic.ubulk" 1429
"D:/UE_project/Blaster/Content/Assets/BalticVFX_MagicCirclesToolkit/Textures/T_Baltic_Flowmap_Caustic.uasset" 1430
"D:/UE_project/Blaster/Content/Assets/BalticVFX_MagicCirclesToolkit/Textures/T_Baltic_Flowmap_Caustic.uexp" 1431
"D:/UE_project/Blaster/Content/Assets/BalticVFX_MagicCirclesToolkit/MaterialFunctions/Fx_Flowmap_Panning_Double.uasset" 1432
"D:/UE_project/Blaster/Content/Assets/BalticVFX_MagicCirclesToolkit/MaterialFunctions/Fx_Flowmap_Panning_Double.uexp" 1433
"D:/UE_project/Blaster/Content/Assets/BalticVFX_MagicCirclesToolkit/Materials/Master/M_Insert_Parallax.uasset" 1434
"D:/UE_project/Blaster/Content/Assets/BalticVFX_MagicCirclesToolkit/Materials/Master/M_Insert_Parallax.uexp" 1435
"D:/UE_project/Blaster/Content/Assets/BalticVFX_MagicCirclesToolkit/Meshes/Shapes/PolygramBands/SM_Baltic_MagicCircle_Polygrams_All_star5_med.ubulk" 1436
"D:/UE_project/Blaster/Content/Assets/BalticVFX_MagicCirclesToolkit/Meshes/Shapes/PolygramBands/SM_Baltic_MagicCircle_Polygrams_All_star5_med.uasset" 1437
"D:/UE_project/Blaster/Content/Assets/BalticVFX_MagicCirclesToolkit/Meshes/Shapes/PolygramBands/SM_Baltic_MagicCircle_Polygrams_All_star5_med.uexp" 1438
"D:/UE_project/Blaster/Content/Assets/BalticVFX_MagicCirclesToolkit/Meshes/Shapes/PolygonBands/SM_Baltic_MagicCircle_Shapes_All_Poly64_Thin.ubulk" 1439
"D:/UE_project/Blaster/Content/Assets/BalticVFX_MagicCirclesToolkit/Meshes/Shapes/PolygonBands/SM_Baltic_MagicCircle_Shapes_All_Poly64_Thin.uasset" 1440
"D:/UE_project/Blaster/Content/Assets/BalticVFX_MagicCirclesToolkit/Meshes/Shapes/PolygonBands/SM_Baltic_MagicCircle_Shapes_All_Poly64_Thin.uexp" 1441
"D:/UE_project/Blaster/Content/Assets/BalticVFX_MagicCirclesToolkit/Materials/Master/M_Line_Basic_Refraction.uasset" 1442
"D:/UE_project/Blaster/Content/Assets/BalticVFX_MagicCirclesToolkit/Materials/Master/M_Line_Basic_Refraction.uexp" 1443
"D:/UE_project/Blaster/Content/Assets/BalticVFX_MagicCirclesToolkit/Materials/Instances/MI_Line_Circle_Refract.uasset" 1444
"D:/UE_project/Blaster/Content/Assets/BalticVFX_MagicCirclesToolkit/Materials/Instances/MI_Line_Circle_Refract.uexp" 1445
"../../../Engine/Plugins/FX/Niagara/Content/Enums/ENiagaraExpansionMode.uasset" 1446
"../../../Engine/Plugins/FX/Niagara/Content/Enums/ENiagaraExpansionMode.uexp" 1447
"../../../Engine/Plugins/FX/Niagara/Content/Enums/ENiagaraVector4_Channels.uasset" 1448
"../../../Engine/Plugins/FX/Niagara/Content/Enums/ENiagaraVector4_Channels.uexp" 1449
"../../../Engine/Plugins/FX/Niagara/Content/Enums/Utility/ENiagara_UpdateMeshOrientationMode.uasset" 1450
"../../../Engine/Plugins/FX/Niagara/Content/Enums/Utility/ENiagara_UpdateMeshOrientationMode.uexp" 1451
"../../../Engine/Plugins/FX/Niagara/Content/Enums/ENiagaraCalculateRadiusOptions.uasset" 1452
"../../../Engine/Plugins/FX/Niagara/Content/Enums/ENiagaraCalculateRadiusOptions.uexp" 1453
"../../../Engine/Plugins/FX/Niagara/Content/Enums/ENiagara_AttributeSamplingApplyOutput.uasset" 1454
"../../../Engine/Plugins/FX/Niagara/Content/Enums/ENiagara_AttributeSamplingApplyOutput.uexp" 1455
"../../../Engine/Plugins/FX/Niagara/Content/Enums/Utility/ENiagara_OrientVectorCount.uasset" 1456
"../../../Engine/Plugins/FX/Niagara/Content/Enums/Utility/ENiagara_OrientVectorCount.uexp" 1457
"D:/UE_project/Blaster/Content/Assets/BalticVFX_MagicCirclesToolkit/Textures/light_up.ubulk" 1458
"D:/UE_project/Blaster/Content/Assets/BalticVFX_MagicCirclesToolkit/Textures/light_up.uasset" 1459
"D:/UE_project/Blaster/Content/Assets/BalticVFX_MagicCirclesToolkit/Textures/light_up.uexp" 1460
"D:/UE_project/Blaster/Content/Assets/BalticVFX_MagicCirclesToolkit/Materials/Master/M_FX_LightCyl.uasset" 1461
"D:/UE_project/Blaster/Content/Assets/BalticVFX_MagicCirclesToolkit/Materials/Master/M_FX_LightCyl.uexp" 1462
"D:/UE_project/Blaster/Content/Assets/BalticVFX_MagicCirclesToolkit/Textures/T_FX_SparkStreaky.uasset" 1463
"D:/UE_project/Blaster/Content/Assets/BalticVFX_MagicCirclesToolkit/Textures/T_FX_SparkStreaky.uexp" 1464
"D:/UE_project/Blaster/Content/Assets/BalticVFX_MagicCirclesToolkit/Materials/Master/M_FX_Spark.uasset" 1465
"D:/UE_project/Blaster/Content/Assets/BalticVFX_MagicCirclesToolkit/Materials/Master/M_FX_Spark.uexp" 1466
"D:/UE_project/Blaster/Content/Assets/BalticVFX_MagicCirclesToolkit/Textures/T_FX_Baltic_WiccaBandGeneric.ubulk" 1467
"D:/UE_project/Blaster/Content/Assets/BalticVFX_MagicCirclesToolkit/Textures/T_FX_Baltic_WiccaBandGeneric.uasset" 1468
"D:/UE_project/Blaster/Content/Assets/BalticVFX_MagicCirclesToolkit/Textures/T_FX_Baltic_WiccaBandGeneric.uexp" 1469
"D:/UE_project/Blaster/Content/Assets/BalticVFX_MagicCirclesToolkit/Materials/Master/M_Line_Script_Polygram_Basic.uasset" 1470
"D:/UE_project/Blaster/Content/Assets/BalticVFX_MagicCirclesToolkit/Materials/Master/M_Line_Script_Polygram_Basic.uexp" 1471
"D:/UE_project/Blaster/Content/Assets/BalticVFX_MagicCirclesToolkit/Materials/Instances/MI_Line_Script_Polygon_thick.uasset" 1472
"D:/UE_project/Blaster/Content/Assets/BalticVFX_MagicCirclesToolkit/Materials/Instances/MI_Line_Script_Polygon_thick.uexp" 1473
"D:/UE_project/Blaster/Content/Assets/BalticVFX_MagicCirclesToolkit/Meshes/Shapes/PolygonBands/SM_Baltic_MagicCircle_Shapes_All_Poly5_Vthin.ubulk" 1474
"D:/UE_project/Blaster/Content/Assets/BalticVFX_MagicCirclesToolkit/Meshes/Shapes/PolygonBands/SM_Baltic_MagicCircle_Shapes_All_Poly5_Vthin.uasset" 1475
"D:/UE_project/Blaster/Content/Assets/BalticVFX_MagicCirclesToolkit/Meshes/Shapes/PolygonBands/SM_Baltic_MagicCircle_Shapes_All_Poly5_Vthin.uexp" 1476
"D:/UE_project/Blaster/Content/Assets/BalticVFX_MagicCirclesToolkit/Particles/NS_CircleExample1.uasset" 1477
"D:/UE_project/Blaster/Content/Assets/BalticVFX_MagicCirclesToolkit/Particles/NS_CircleExample1.uexp" 1478
"../../../Engine/Content/EditorBlueprintResources/StandardMacros.uasset" 1479
"../../../Engine/Content/EditorBlueprintResources/StandardMacros.uexp" 1480
"D:/UE_project/Blaster/Content/Blueprint/CaptureTheFlag/BP_RedFlagZone.uasset" 1481
"D:/UE_project/Blaster/Content/Blueprint/CaptureTheFlag/BP_RedFlagZone.uexp" 1482
"D:/UE_project/Blaster/Content/Assets/AnimeCitySuburbs/Textures/T_roadsideleaves02.ubulk" 1483
"D:/UE_project/Blaster/Content/Assets/AnimeCitySuburbs/Textures/T_roadsideleaves02.uasset" 1484
"D:/UE_project/Blaster/Content/Assets/AnimeCitySuburbs/Textures/T_roadsideleaves02.uexp" 1485
"D:/UE_project/Blaster/Content/Assets/AnimeCitySuburbs/Textures/T_roadsideleaves.ubulk" 1486
"D:/UE_project/Blaster/Content/Assets/AnimeCitySuburbs/Textures/T_roadsideleaves.uasset" 1487
"D:/UE_project/Blaster/Content/Assets/AnimeCitySuburbs/Textures/T_roadsideleaves.uexp" 1488
"D:/UE_project/Blaster/Content/Assets/AnimeCitySuburbs/Materials/M_LeavesOnGround01.uasset" 1489
"D:/UE_project/Blaster/Content/Assets/AnimeCitySuburbs/Materials/M_LeavesOnGround01.uexp" 1490
"D:/UE_project/Blaster/Content/Assets/AnimeCitySuburbs/Materials/M_LeavesOnGround02.uasset" 1491
"D:/UE_project/Blaster/Content/Assets/AnimeCitySuburbs/Materials/M_LeavesOnGround02.uexp" 1492
"D:/UE_project/Blaster/Content/Assets/AnimeCitySuburbs/Textures/T_Booth_N.ubulk" 1493
"D:/UE_project/Blaster/Content/Assets/AnimeCitySuburbs/Textures/T_Booth_N.uasset" 1494
"D:/UE_project/Blaster/Content/Assets/AnimeCitySuburbs/Textures/T_Booth_N.uexp" 1495
"D:/UE_project/Blaster/Content/Assets/AnimeCitySuburbs/Textures/T_Booth_E.ubulk" 1496
"D:/UE_project/Blaster/Content/Assets/AnimeCitySuburbs/Textures/T_Booth_E.uasset" 1497
"D:/UE_project/Blaster/Content/Assets/AnimeCitySuburbs/Textures/T_Booth_E.uexp" 1498
"D:/UE_project/Blaster/Content/Assets/AnimeCitySuburbs/Textures/T_Booth_BC.ubulk" 1499
"D:/UE_project/Blaster/Content/Assets/AnimeCitySuburbs/Textures/T_Booth_BC.uasset" 1500
"D:/UE_project/Blaster/Content/Assets/AnimeCitySuburbs/Textures/T_Booth_BC.uexp" 1501
"D:/UE_project/Blaster/Content/Assets/AnimeCitySuburbs/Textures/T_Booth_ORM.ubulk" 1502
"D:/UE_project/Blaster/Content/Assets/AnimeCitySuburbs/Textures/T_Booth_ORM.uasset" 1503
"D:/UE_project/Blaster/Content/Assets/AnimeCitySuburbs/Textures/T_Booth_ORM.uexp" 1504
"D:/UE_project/Blaster/Content/Assets/AnimeCitySuburbs/Textures/T_Booth_MASK.ubulk" 1505
"D:/UE_project/Blaster/Content/Assets/AnimeCitySuburbs/Textures/T_Booth_MASK.uasset" 1506
"D:/UE_project/Blaster/Content/Assets/AnimeCitySuburbs/Textures/T_Booth_MASK.uexp" 1507
"D:/UE_project/Blaster/Content/Assets/AnimeCitySuburbs/Materials/M_StreetShop.uasset" 1508
"D:/UE_project/Blaster/Content/Assets/AnimeCitySuburbs/Materials/M_StreetShop.uexp" 1509
"D:/UE_project/Blaster/Content/Assets/AnimeCitySuburbs/Models/Shop04/SM_chair.ubulk" 1510
"D:/UE_project/Blaster/Content/Assets/AnimeCitySuburbs/Models/Shop04/SM_chair.uasset" 1511
"D:/UE_project/Blaster/Content/Assets/AnimeCitySuburbs/Models/Shop04/SM_chair.uexp" 1512
"D:/UE_project/Blaster/Content/Assets/AnimeCitySuburbs/Models/BuildingPieces/SM_WallF_01.ubulk" 1513
"D:/UE_project/Blaster/Content/Assets/AnimeCitySuburbs/Models/BuildingPieces/SM_WallF_01.uasset" 1514
"D:/UE_project/Blaster/Content/Assets/AnimeCitySuburbs/Models/BuildingPieces/SM_WallF_01.uexp" 1515
"D:/UE_project/Blaster/Content/Assets/AnimeCitySuburbs/Models/Electronics/SM_Antenna03.ubulk" 1516
"D:/UE_project/Blaster/Content/Assets/AnimeCitySuburbs/Models/Electronics/SM_Antenna03.uasset" 1517
"D:/UE_project/Blaster/Content/Assets/AnimeCitySuburbs/Models/Electronics/SM_Antenna03.uexp" 1518
"D:/UE_project/Blaster/Content/Assets/AnimeCitySuburbs/Models/Props/SM_frog1.ubulk" 1519
"D:/UE_project/Blaster/Content/Assets/AnimeCitySuburbs/Models/Props/SM_frog1.uasset" 1520
"D:/UE_project/Blaster/Content/Assets/AnimeCitySuburbs/Models/Props/SM_frog1.uexp" 1521
"D:/UE_project/Blaster/Content/Assets/AnimeCitySuburbs/Textures/T_Pavement_D.ubulk" 1522
"D:/UE_project/Blaster/Content/Assets/AnimeCitySuburbs/Textures/T_Pavement_D.uasset" 1523
"D:/UE_project/Blaster/Content/Assets/AnimeCitySuburbs/Textures/T_Pavement_D.uexp" 1524
"D:/UE_project/Blaster/Content/Assets/AnimeCitySuburbs/Materials/MI_Pavement2.uasset" 1525
"D:/UE_project/Blaster/Content/Assets/AnimeCitySuburbs/Materials/MI_Pavement2.uexp" 1526
"D:/UE_project/Blaster/Content/Assets/AnimeCitySuburbs/Models/Road/SM_Sidewalk02.ubulk" 1527
"D:/UE_project/Blaster/Content/Assets/AnimeCitySuburbs/Models/Road/SM_Sidewalk02.uasset" 1528
"D:/UE_project/Blaster/Content/Assets/AnimeCitySuburbs/Models/Road/SM_Sidewalk02.uexp" 1529
"D:/UE_project/Blaster/Content/Assets/AnimeCitySuburbs/Textures/T_Lantern1_BC.ubulk" 1530
"D:/UE_project/Blaster/Content/Assets/AnimeCitySuburbs/Textures/T_Lantern1_BC.uasset" 1531
"D:/UE_project/Blaster/Content/Assets/AnimeCitySuburbs/Textures/T_Lantern1_BC.uexp" 1532
"D:/UE_project/Blaster/Content/Assets/AnimeCitySuburbs/Textures/T_Lantern1_N.ubulk" 1533
"D:/UE_project/Blaster/Content/Assets/AnimeCitySuburbs/Textures/T_Lantern1_N.uasset" 1534
"D:/UE_project/Blaster/Content/Assets/AnimeCitySuburbs/Textures/T_Lantern1_N.uexp" 1535
"D:/UE_project/Blaster/Content/Assets/AnimeCitySuburbs/Textures/T_Lantern1_ORM.ubulk" 1536
"D:/UE_project/Blaster/Content/Assets/AnimeCitySuburbs/Textures/T_Lantern1_ORM.uasset" 1537
"D:/UE_project/Blaster/Content/Assets/AnimeCitySuburbs/Textures/T_Lantern1_ORM.uexp" 1538
"D:/UE_project/Blaster/Content/Assets/AnimeCitySuburbs/Textures/T_Lantern1_E.ubulk" 1539
"D:/UE_project/Blaster/Content/Assets/AnimeCitySuburbs/Textures/T_Lantern1_E.uasset" 1540
"D:/UE_project/Blaster/Content/Assets/AnimeCitySuburbs/Textures/T_Lantern1_E.uexp" 1541
"D:/UE_project/Blaster/Content/Assets/AnimeCitySuburbs/Materials/M_Lantern.uasset" 1542
"D:/UE_project/Blaster/Content/Assets/AnimeCitySuburbs/Materials/M_Lantern.uexp" 1543
"D:/UE_project/Blaster/Content/Assets/AnimeCitySuburbs/Models/Lanterns/SM_LanternCable.ubulk" 1544
"D:/UE_project/Blaster/Content/Assets/AnimeCitySuburbs/Models/Lanterns/SM_LanternCable.uasset" 1545
"D:/UE_project/Blaster/Content/Assets/AnimeCitySuburbs/Models/Lanterns/SM_LanternCable.uexp" 1546
"D:/UE_project/Blaster/Content/Assets/AnimeCitySuburbs/Models/Shop04/SM_sign.ubulk" 1547
"D:/UE_project/Blaster/Content/Assets/AnimeCitySuburbs/Models/Shop04/SM_sign.uasset" 1548
"D:/UE_project/Blaster/Content/Assets/AnimeCitySuburbs/Models/Shop04/SM_sign.uexp" 1549
"D:/UE_project/Blaster/Content/Assets/AnimeCitySuburbs/Models/RoadProps/SM_RoadBarrier.ubulk" 1550
"D:/UE_project/Blaster/Content/Assets/AnimeCitySuburbs/Models/RoadProps/SM_RoadBarrier.uasset" 1551
"D:/UE_project/Blaster/Content/Assets/AnimeCitySuburbs/Models/RoadProps/SM_RoadBarrier.uexp" 1552
"D:/UE_project/Blaster/Content/Assets/AnimeCitySuburbs/Models/BuildingPieces/SM_RoofA_03.ubulk" 1553
"D:/UE_project/Blaster/Content/Assets/AnimeCitySuburbs/Models/BuildingPieces/SM_RoofA_03.uasset" 1554
"D:/UE_project/Blaster/Content/Assets/AnimeCitySuburbs/Models/BuildingPieces/SM_RoofA_03.uexp" 1555
"D:/UE_project/Blaster/Content/Assets/AnimeCitySuburbs/Textures/T_StreetMarkings.ubulk" 1556
"D:/UE_project/Blaster/Content/Assets/AnimeCitySuburbs/Textures/T_StreetMarkings.uasset" 1557
"D:/UE_project/Blaster/Content/Assets/AnimeCitySuburbs/Textures/T_StreetMarkings.uexp" 1558
"D:/UE_project/Blaster/Content/Assets/AnimeCitySuburbs/Materials/M_StreetMarkings.uasset" 1559
"D:/UE_project/Blaster/Content/Assets/AnimeCitySuburbs/Materials/M_StreetMarkings.uexp" 1560
"D:/UE_project/Blaster/Content/Assets/AnimeCitySuburbs/Models/Decals/SM_StreetMarkings_Crossing.ubulk" 1561
"D:/UE_project/Blaster/Content/Assets/AnimeCitySuburbs/Models/Decals/SM_StreetMarkings_Crossing.uasset" 1562
"D:/UE_project/Blaster/Content/Assets/AnimeCitySuburbs/Models/Decals/SM_StreetMarkings_Crossing.uexp" 1563
"D:/UE_project/Blaster/Content/Assets/AnimeCitySuburbs/Textures/T_Foliage_N.ubulk" 1564
"D:/UE_project/Blaster/Content/Assets/AnimeCitySuburbs/Textures/T_Foliage_N.uasset" 1565
"D:/UE_project/Blaster/Content/Assets/AnimeCitySuburbs/Textures/T_Foliage_N.uexp" 1566
"D:/UE_project/Blaster/Content/Assets/AnimeCitySuburbs/Textures/T_Foliage_MT.ubulk" 1567
"D:/UE_project/Blaster/Content/Assets/AnimeCitySuburbs/Textures/T_Foliage_MT.uasset" 1568
"D:/UE_project/Blaster/Content/Assets/AnimeCitySuburbs/Textures/T_Foliage_MT.uexp" 1569
"D:/UE_project/Blaster/Content/Assets/AnimeCitySuburbs/Textures/T_Foliage_A.ubulk" 1570
"D:/UE_project/Blaster/Content/Assets/AnimeCitySuburbs/Textures/T_Foliage_A.uasset" 1571
"D:/UE_project/Blaster/Content/Assets/AnimeCitySuburbs/Textures/T_Foliage_A.uexp" 1572
"D:/UE_project/Blaster/Content/Assets/AnimeCitySuburbs/Materials/M_Ivy.uasset" 1573
"D:/UE_project/Blaster/Content/Assets/AnimeCitySuburbs/Materials/M_Ivy.uexp" 1574
"D:/UE_project/Blaster/Content/Assets/AnimeCitySuburbs/Materials/MI_Ivy02.uasset" 1575
"D:/UE_project/Blaster/Content/Assets/AnimeCitySuburbs/Materials/MI_Ivy02.uexp" 1576
"D:/UE_project/Blaster/Content/Assets/AnimeCitySuburbs/Textures/T_StreetSigns_N.ubulk" 1577
"D:/UE_project/Blaster/Content/Assets/AnimeCitySuburbs/Textures/T_StreetSigns_N.uasset" 1578
"D:/UE_project/Blaster/Content/Assets/AnimeCitySuburbs/Textures/T_StreetSigns_N.uexp" 1579
"D:/UE_project/Blaster/Content/Assets/AnimeCitySuburbs/Textures/T_StreetSigns_ORM.ubulk" 1580
"D:/UE_project/Blaster/Content/Assets/AnimeCitySuburbs/Textures/T_StreetSigns_ORM.uasset" 1581
"D:/UE_project/Blaster/Content/Assets/AnimeCitySuburbs/Textures/T_StreetSigns_ORM.uexp" 1582
"D:/UE_project/Blaster/Content/Assets/AnimeCitySuburbs/Textures/T_StreetSigns_D.ubulk" 1583
"D:/UE_project/Blaster/Content/Assets/AnimeCitySuburbs/Textures/T_StreetSigns_D.uasset" 1584
"D:/UE_project/Blaster/Content/Assets/AnimeCitySuburbs/Textures/T_StreetSigns_D.uexp" 1585
"D:/UE_project/Blaster/Content/Assets/AnimeCitySuburbs/Materials/MI_StreetSigns.uasset" 1586
"D:/UE_project/Blaster/Content/Assets/AnimeCitySuburbs/Materials/MI_StreetSigns.uexp" 1587
"D:/UE_project/Blaster/Content/Assets/AnimeCitySuburbs/Models/Props/SM_StreetSign1.ubulk" 1588
"D:/UE_project/Blaster/Content/Assets/AnimeCitySuburbs/Models/Props/SM_StreetSign1.uasset" 1589
"D:/UE_project/Blaster/Content/Assets/AnimeCitySuburbs/Models/Props/SM_StreetSign1.uexp" 1590
"D:/UE_project/Blaster/Content/Assets/AnimeCitySuburbs/Materials/MI_ConcreteWall.uasset" 1591
"D:/UE_project/Blaster/Content/Assets/AnimeCitySuburbs/Materials/MI_ConcreteWall.uexp" 1592
"D:/UE_project/Blaster/Content/Assets/AnimeCitySuburbs/Materials/MI_ConcreteWall2.uasset" 1593
"D:/UE_project/Blaster/Content/Assets/AnimeCitySuburbs/Materials/MI_ConcreteWall2.uexp" 1594
"D:/UE_project/Blaster/Content/Assets/AnimeCitySuburbs/Materials/MI_ConcreteWall3.uasset" 1595
"D:/UE_project/Blaster/Content/Assets/AnimeCitySuburbs/Materials/MI_ConcreteWall3.uexp" 1596
"D:/UE_project/Blaster/Content/Assets/AnimeCitySuburbs/Materials/MI_ConcreteWall3_Inst.uasset" 1597
"D:/UE_project/Blaster/Content/Assets/AnimeCitySuburbs/Materials/MI_ConcreteWall3_Inst.uexp" 1598
"D:/UE_project/Blaster/Content/Assets/AnimeCitySuburbs/Models/BuildingPieces/SM_RoofD_03.ubulk" 1599
"D:/UE_project/Blaster/Content/Assets/AnimeCitySuburbs/Models/BuildingPieces/SM_RoofD_03.uasset" 1600
"D:/UE_project/Blaster/Content/Assets/AnimeCitySuburbs/Models/BuildingPieces/SM_RoofD_03.uexp" 1601
"D:/UE_project/Blaster/Content/Assets/AnimeCitySuburbs/Materials/MI_Glow_Red.uasset" 1602
"D:/UE_project/Blaster/Content/Assets/AnimeCitySuburbs/Materials/MI_Glow_Red.uexp" 1603
"D:/UE_project/Blaster/Content/Assets/AnimeCitySuburbs/Materials/MI_Glow_Yellow.uasset" 1604
"D:/UE_project/Blaster/Content/Assets/AnimeCitySuburbs/Materials/MI_Glow_Yellow.uexp" 1605
"D:/UE_project/Blaster/Content/Assets/AnimeCitySuburbs/Textures/T_RoofTile_ORM.ubulk" 1606
"D:/UE_project/Blaster/Content/Assets/AnimeCitySuburbs/Textures/T_RoofTile_ORM.uasset" 1607
"D:/UE_project/Blaster/Content/Assets/AnimeCitySuburbs/Textures/T_RoofTile_ORM.uexp" 1608
"D:/UE_project/Blaster/Content/Assets/AnimeCitySuburbs/Textures/T_RoofTile_N.ubulk" 1609
"D:/UE_project/Blaster/Content/Assets/AnimeCitySuburbs/Textures/T_RoofTile_N.uasset" 1610
"D:/UE_project/Blaster/Content/Assets/AnimeCitySuburbs/Textures/T_RoofTile_N.uexp" 1611
"D:/UE_project/Blaster/Content/Assets/AnimeCitySuburbs/Textures/T_RoofTile_A.ubulk" 1612
"D:/UE_project/Blaster/Content/Assets/AnimeCitySuburbs/Textures/T_RoofTile_A.uasset" 1613
"D:/UE_project/Blaster/Content/Assets/AnimeCitySuburbs/Textures/T_RoofTile_A.uexp" 1614
"D:/UE_project/Blaster/Content/Assets/AnimeCitySuburbs/Materials/MI_RoofTile01.uasset" 1615
"D:/UE_project/Blaster/Content/Assets/AnimeCitySuburbs/Materials/MI_RoofTile01.uexp" 1616
"D:/UE_project/Blaster/Content/Assets/AnimeCitySuburbs/Materials/MI_PlasterWall_01.uasset" 1617
"D:/UE_project/Blaster/Content/Assets/AnimeCitySuburbs/Materials/MI_PlasterWall_01.uexp" 1618
"D:/UE_project/Blaster/Content/Assets/AnimeCitySuburbs/Models/Park/SM_ParkBillboard.ubulk" 1619
"D:/UE_project/Blaster/Content/Assets/AnimeCitySuburbs/Models/Park/SM_ParkBillboard.uasset" 1620
"D:/UE_project/Blaster/Content/Assets/AnimeCitySuburbs/Models/Park/SM_ParkBillboard.uexp" 1621
"D:/UE_project/Blaster/Content/Assets/AnimeCitySuburbs/Models/Props/SM_Trash.ubulk" 1622
"D:/UE_project/Blaster/Content/Assets/AnimeCitySuburbs/Models/Props/SM_Trash.uasset" 1623
"D:/UE_project/Blaster/Content/Assets/AnimeCitySuburbs/Models/Props/SM_Trash.uexp" 1624
"../../../Engine/Content/EngineMaterials/Good64x64TilingNoiseHighFreq.uasset" 1625
"../../../Engine/Content/EngineMaterials/Good64x64TilingNoiseHighFreq.uexp" 1626
"../../../Engine/Content/Functions/Engine_MaterialFunctions01/Texturing/SpiralBlur-SceneTexture.uasset" 1627
"../../../Engine/Content/Functions/Engine_MaterialFunctions01/Texturing/SpiralBlur-SceneTexture.uexp" 1628
"D:/UE_project/Blaster/Content/Assets/AnimeCitySuburbs/Materials/M_Glass.uasset" 1629
"D:/UE_project/Blaster/Content/Assets/AnimeCitySuburbs/Materials/M_Glass.uexp" 1630
"D:/UE_project/Blaster/Content/Assets/AnimeCitySuburbs/Materials/MI_Glass.uasset" 1631
"D:/UE_project/Blaster/Content/Assets/AnimeCitySuburbs/Materials/MI_Glass.uexp" 1632
"D:/UE_project/Blaster/Content/Assets/AnimeCitySuburbs/Models/TramSet/SM_TramStop.ubulk" 1633
"D:/UE_project/Blaster/Content/Assets/AnimeCitySuburbs/Models/TramSet/SM_TramStop.uasset" 1634
"D:/UE_project/Blaster/Content/Assets/AnimeCitySuburbs/Models/TramSet/SM_TramStop.uexp" 1635
"D:/UE_project/Blaster/Content/Assets/AnimeCitySuburbs/Textures/T_poster1_BC.ubulk" 1636
"D:/UE_project/Blaster/Content/Assets/AnimeCitySuburbs/Textures/T_poster1_BC.uasset" 1637
"D:/UE_project/Blaster/Content/Assets/AnimeCitySuburbs/Textures/T_poster1_BC.uexp" 1638
"D:/UE_project/Blaster/Content/Assets/AnimeCitySuburbs/Materials/M_Signs2.uasset" 1639
"D:/UE_project/Blaster/Content/Assets/AnimeCitySuburbs/Materials/M_Signs2.uexp" 1640
"D:/UE_project/Blaster/Content/Assets/AnimeCitySuburbs/Models/Props/SM_Sign9.ubulk" 1641
"D:/UE_project/Blaster/Content/Assets/AnimeCitySuburbs/Models/Props/SM_Sign9.uasset" 1642
"D:/UE_project/Blaster/Content/Assets/AnimeCitySuburbs/Models/Props/SM_Sign9.uexp" 1643
"D:/UE_project/Blaster/Content/Assets/AnimeCitySuburbs/Textures/T_grafitti5_BC.ubulk" 1644
"D:/UE_project/Blaster/Content/Assets/AnimeCitySuburbs/Textures/T_grafitti5_BC.uasset" 1645
"D:/UE_project/Blaster/Content/Assets/AnimeCitySuburbs/Textures/T_grafitti5_BC.uexp" 1646
"D:/UE_project/Blaster/Content/Assets/AnimeCitySuburbs/Materials/MI_grafitti5.uasset" 1647
"D:/UE_project/Blaster/Content/Assets/AnimeCitySuburbs/Materials/MI_grafitti5.uexp" 1648
"D:/UE_project/Blaster/Content/Assets/AnimeCitySuburbs/Materials/MI_grafitti6.uasset" 1649
"D:/UE_project/Blaster/Content/Assets/AnimeCitySuburbs/Materials/MI_grafitti6.uexp" 1650
"D:/UE_project/Blaster/Content/Assets/AnimeCitySuburbs/Textures/T_GarageProps_N.ubulk" 1651
"D:/UE_project/Blaster/Content/Assets/AnimeCitySuburbs/Textures/T_GarageProps_N.uasset" 1652
"D:/UE_project/Blaster/Content/Assets/AnimeCitySuburbs/Textures/T_GarageProps_N.uexp" 1653
"D:/UE_project/Blaster/Content/Assets/AnimeCitySuburbs/Textures/T_GarageProps_BC.ubulk" 1654
"D:/UE_project/Blaster/Content/Assets/AnimeCitySuburbs/Textures/T_GarageProps_BC.uasset" 1655
"D:/UE_project/Blaster/Content/Assets/AnimeCitySuburbs/Textures/T_GarageProps_BC.uexp" 1656
"D:/UE_project/Blaster/Content/Assets/AnimeCitySuburbs/Textures/T_GarageProps_ORM.ubulk" 1657
"D:/UE_project/Blaster/Content/Assets/AnimeCitySuburbs/Textures/T_GarageProps_ORM.uasset" 1658
"D:/UE_project/Blaster/Content/Assets/AnimeCitySuburbs/Textures/T_GarageProps_ORM.uexp" 1659
"D:/UE_project/Blaster/Content/Assets/AnimeCitySuburbs/Textures/T_GarageProps_E.ubulk" 1660
"D:/UE_project/Blaster/Content/Assets/AnimeCitySuburbs/Textures/T_GarageProps_E.uasset" 1661
"D:/UE_project/Blaster/Content/Assets/AnimeCitySuburbs/Textures/T_GarageProps_E.uexp" 1662
"D:/UE_project/Blaster/Content/Assets/AnimeCitySuburbs/Materials/MI_GarageProps.uasset" 1663
"D:/UE_project/Blaster/Content/Assets/AnimeCitySuburbs/Materials/MI_GarageProps.uexp" 1664
"D:/UE_project/Blaster/Content/Assets/AnimeCitySuburbs/Models/Repairs/SM_RedBox_Big.ubulk" 1665
"D:/UE_project/Blaster/Content/Assets/AnimeCitySuburbs/Models/Repairs/SM_RedBox_Big.uasset" 1666
"D:/UE_project/Blaster/Content/Assets/AnimeCitySuburbs/Models/Repairs/SM_RedBox_Big.uexp" 1667
"D:/UE_project/Blaster/Content/Assets/AnimeCitySuburbs/Models/Repairs/SM_RedBox_Part01.ubulk" 1668
"D:/UE_project/Blaster/Content/Assets/AnimeCitySuburbs/Models/Repairs/SM_RedBox_Part01.uasset" 1669
"D:/UE_project/Blaster/Content/Assets/AnimeCitySuburbs/Models/Repairs/SM_RedBox_Part01.uexp" 1670
"D:/UE_project/Blaster/Content/Assets/AnimeCitySuburbs/Models/Repairs/SM_RedBox_Part02.ubulk" 1671
"D:/UE_project/Blaster/Content/Assets/AnimeCitySuburbs/Models/Repairs/SM_RedBox_Part02.uasset" 1672
"D:/UE_project/Blaster/Content/Assets/AnimeCitySuburbs/Models/Repairs/SM_RedBox_Part02.uexp" 1673
"D:/UE_project/Blaster/Content/Assets/AnimeCitySuburbs/Blueprints/Shop/BP_Toolbox_Big.uasset" 1674
"D:/UE_project/Blaster/Content/Assets/AnimeCitySuburbs/Blueprints/Shop/BP_Toolbox_Big.uexp" 1675
"D:/UE_project/Blaster/Content/Assets/AnimeCitySuburbs/Models/BuildingPieces/SM_Ledge01.ubulk" 1676
"D:/UE_project/Blaster/Content/Assets/AnimeCitySuburbs/Models/BuildingPieces/SM_Ledge01.uasset" 1677
"D:/UE_project/Blaster/Content/Assets/AnimeCitySuburbs/Models/BuildingPieces/SM_Ledge01.uexp" 1678
"D:/UE_project/Blaster/Content/Assets/AnimeCitySuburbs/Materials/MI_Metal_06.uasset" 1679
"D:/UE_project/Blaster/Content/Assets/AnimeCitySuburbs/Materials/MI_Metal_06.uexp" 1680
"D:/UE_project/Blaster/Content/Assets/AnimeCitySuburbs/Models/Park/SM_Slide.ubulk" 1681
"D:/UE_project/Blaster/Content/Assets/AnimeCitySuburbs/Models/Park/SM_Slide.uasset" 1682
"D:/UE_project/Blaster/Content/Assets/AnimeCitySuburbs/Models/Park/SM_Slide.uexp" 1683
"D:/UE_project/Blaster/Content/Assets/AnimeCitySuburbs/Textures/T_SignNoodles_ORM.ubulk" 1684
"D:/UE_project/Blaster/Content/Assets/AnimeCitySuburbs/Textures/T_SignNoodles_ORM.uasset" 1685
"D:/UE_project/Blaster/Content/Assets/AnimeCitySuburbs/Textures/T_SignNoodles_ORM.uexp" 1686
"D:/UE_project/Blaster/Content/Assets/AnimeCitySuburbs/Textures/T_SignNoodles_D.ubulk" 1687
"D:/UE_project/Blaster/Content/Assets/AnimeCitySuburbs/Textures/T_SignNoodles_D.uasset" 1688
"D:/UE_project/Blaster/Content/Assets/AnimeCitySuburbs/Textures/T_SignNoodles_D.uexp" 1689
"D:/UE_project/Blaster/Content/Assets/AnimeCitySuburbs/Textures/T_Sushi_E.ubulk" 1690
"D:/UE_project/Blaster/Content/Assets/AnimeCitySuburbs/Textures/T_Sushi_E.uasset" 1691
"D:/UE_project/Blaster/Content/Assets/AnimeCitySuburbs/Textures/T_Sushi_E.uexp" 1692
"D:/UE_project/Blaster/Content/Assets/AnimeCitySuburbs/Textures/T_Sushi_ORM.ubulk" 1693
"D:/UE_project/Blaster/Content/Assets/AnimeCitySuburbs/Textures/T_Sushi_ORM.uasset" 1694
"D:/UE_project/Blaster/Content/Assets/AnimeCitySuburbs/Textures/T_Sushi_ORM.uexp" 1695
"D:/UE_project/Blaster/Content/Assets/AnimeCitySuburbs/Textures/T_Sushi_N.ubulk" 1696
"D:/UE_project/Blaster/Content/Assets/AnimeCitySuburbs/Textures/T_Sushi_N.uasset" 1697
"D:/UE_project/Blaster/Content/Assets/AnimeCitySuburbs/Textures/T_Sushi_N.uexp" 1698
"D:/UE_project/Blaster/Content/Assets/AnimeCitySuburbs/Textures/T_Sushi_D.ubulk" 1699
"D:/UE_project/Blaster/Content/Assets/AnimeCitySuburbs/Textures/T_Sushi_D.uasset" 1700
"D:/UE_project/Blaster/Content/Assets/AnimeCitySuburbs/Textures/T_Sushi_D.uexp" 1701
"D:/UE_project/Blaster/Content/Assets/AnimeCitySuburbs/Materials/MI_SushiLogo.uasset" 1702
"D:/UE_project/Blaster/Content/Assets/AnimeCitySuburbs/Materials/MI_SushiLogo.uexp" 1703
"D:/UE_project/Blaster/Content/Assets/AnimeCitySuburbs/Textures/T_SignNoodles_N.ubulk" 1704
"D:/UE_project/Blaster/Content/Assets/AnimeCitySuburbs/Textures/T_SignNoodles_N.uasset" 1705
"D:/UE_project/Blaster/Content/Assets/AnimeCitySuburbs/Textures/T_SignNoodles_N.uexp" 1706
"D:/UE_project/Blaster/Content/Assets/AnimeCitySuburbs/Textures/T_SignNoodles_E.ubulk" 1707
"D:/UE_project/Blaster/Content/Assets/AnimeCitySuburbs/Textures/T_SignNoodles_E.uasset" 1708
"D:/UE_project/Blaster/Content/Assets/AnimeCitySuburbs/Textures/T_SignNoodles_E.uexp" 1709
"D:/UE_project/Blaster/Content/Assets/AnimeCitySuburbs/Materials/MI_NoodlesLogo.uasset" 1710
"D:/UE_project/Blaster/Content/Assets/AnimeCitySuburbs/Materials/MI_NoodlesLogo.uexp" 1711
"D:/UE_project/Blaster/Content/Assets/AnimeCitySuburbs/Models/Props/SM_signNoodles.ubulk" 1712
"D:/UE_project/Blaster/Content/Assets/AnimeCitySuburbs/Models/Props/SM_signNoodles.uasset" 1713
"D:/UE_project/Blaster/Content/Assets/AnimeCitySuburbs/Models/Props/SM_signNoodles.uexp" 1714
"D:/UE_project/Blaster/Content/Assets/AnimeCitySuburbs/Models/Fence/SM_Fence02_gate.ubulk" 1715
"D:/UE_project/Blaster/Content/Assets/AnimeCitySuburbs/Models/Fence/SM_Fence02_gate.uasset" 1716
"D:/UE_project/Blaster/Content/Assets/AnimeCitySuburbs/Models/Fence/SM_Fence02_gate.uexp" 1717
"D:/UE_project/Blaster/Content/Assets/AnimeCitySuburbs/Models/BuildingPieces/SM_RoofA_01.ubulk" 1718
"D:/UE_project/Blaster/Content/Assets/AnimeCitySuburbs/Models/BuildingPieces/SM_RoofA_01.uasset" 1719
"D:/UE_project/Blaster/Content/Assets/AnimeCitySuburbs/Models/BuildingPieces/SM_RoofA_01.uexp" 1720
"D:/UE_project/Blaster/Content/Assets/AnimeCitySuburbs/Models/Park/SM_ToriiPillar.ubulk" 1721
"D:/UE_project/Blaster/Content/Assets/AnimeCitySuburbs/Models/Park/SM_ToriiPillar.uasset" 1722
"D:/UE_project/Blaster/Content/Assets/AnimeCitySuburbs/Models/Park/SM_ToriiPillar.uexp" 1723
"D:/UE_project/Blaster/Content/Assets/AnimeCitySuburbs/Models/BuildingPieces/SM_ShopDoors2.ubulk" 1724
"D:/UE_project/Blaster/Content/Assets/AnimeCitySuburbs/Models/BuildingPieces/SM_ShopDoors2.uasset" 1725
"D:/UE_project/Blaster/Content/Assets/AnimeCitySuburbs/Models/BuildingPieces/SM_ShopDoors2.uexp" 1726
"D:/UE_project/Blaster/Content/Assets/AnimeCitySuburbs/Textures/T_StreetProps02_N.ubulk" 1727
"D:/UE_project/Blaster/Content/Assets/AnimeCitySuburbs/Textures/T_StreetProps02_N.uasset" 1728
"D:/UE_project/Blaster/Content/Assets/AnimeCitySuburbs/Textures/T_StreetProps02_N.uexp" 1729
"D:/UE_project/Blaster/Content/Assets/AnimeCitySuburbs/Textures/T_StreetProps02_ORM.ubulk" 1730
"D:/UE_project/Blaster/Content/Assets/AnimeCitySuburbs/Textures/T_StreetProps02_ORM.uasset" 1731
"D:/UE_project/Blaster/Content/Assets/AnimeCitySuburbs/Textures/T_StreetProps02_ORM.uexp" 1732
"D:/UE_project/Blaster/Content/Assets/AnimeCitySuburbs/Textures/T_StreetProps02_BC.ubulk" 1733
"D:/UE_project/Blaster/Content/Assets/AnimeCitySuburbs/Textures/T_StreetProps02_BC.uasset" 1734
"D:/UE_project/Blaster/Content/Assets/AnimeCitySuburbs/Textures/T_StreetProps02_BC.uexp" 1735
"D:/UE_project/Blaster/Content/Assets/AnimeCitySuburbs/Textures/T_StreetProps02_E.ubulk" 1736
"D:/UE_project/Blaster/Content/Assets/AnimeCitySuburbs/Textures/T_StreetProps02_E.uasset" 1737
"D:/UE_project/Blaster/Content/Assets/AnimeCitySuburbs/Textures/T_StreetProps02_E.uexp" 1738
"D:/UE_project/Blaster/Content/Assets/AnimeCitySuburbs/Materials/MI_StreetProps01.uasset" 1739
"D:/UE_project/Blaster/Content/Assets/AnimeCitySuburbs/Materials/MI_StreetProps01.uexp" 1740
"D:/UE_project/Blaster/Content/Assets/AnimeCitySuburbs/Models/Props/SM_BikeStand.ubulk" 1741
"D:/UE_project/Blaster/Content/Assets/AnimeCitySuburbs/Models/Props/SM_BikeStand.uasset" 1742
"D:/UE_project/Blaster/Content/Assets/AnimeCitySuburbs/Models/Props/SM_BikeStand.uexp" 1743
"D:/UE_project/Blaster/Content/Blueprint/PlayerStart/BP_BlueTeamPlayerStart.uasset" 1744
"D:/UE_project/Blaster/Content/Blueprint/PlayerStart/BP_BlueTeamPlayerStart.uexp" 1745
"D:/UE_project/Blaster/Content/Assets/AnimeCitySuburbs/Textures/T_Bicycle_ORM.ubulk" 1746
"D:/UE_project/Blaster/Content/Assets/AnimeCitySuburbs/Textures/T_Bicycle_ORM.uasset" 1747
"D:/UE_project/Blaster/Content/Assets/AnimeCitySuburbs/Textures/T_Bicycle_ORM.uexp" 1748
"D:/UE_project/Blaster/Content/Assets/AnimeCitySuburbs/Textures/T_Bicycle_N.ubulk" 1749
"D:/UE_project/Blaster/Content/Assets/AnimeCitySuburbs/Textures/T_Bicycle_N.uasset" 1750
"D:/UE_project/Blaster/Content/Assets/AnimeCitySuburbs/Textures/T_Bicycle_N.uexp" 1751
"D:/UE_project/Blaster/Content/Assets/AnimeCitySuburbs/Textures/T_Bicycle_BC.ubulk" 1752
"D:/UE_project/Blaster/Content/Assets/AnimeCitySuburbs/Textures/T_Bicycle_BC.uasset" 1753
"D:/UE_project/Blaster/Content/Assets/AnimeCitySuburbs/Textures/T_Bicycle_BC.uexp" 1754
"D:/UE_project/Blaster/Content/Assets/AnimeCitySuburbs/Textures/T_Bicycle_Mask.ubulk" 1755
"D:/UE_project/Blaster/Content/Assets/AnimeCitySuburbs/Textures/T_Bicycle_Mask.uasset" 1756
"D:/UE_project/Blaster/Content/Assets/AnimeCitySuburbs/Textures/T_Bicycle_Mask.uexp" 1757
"D:/UE_project/Blaster/Content/Assets/AnimeCitySuburbs/Materials/MI_Bicycle_Blue.uasset" 1758
"D:/UE_project/Blaster/Content/Assets/AnimeCitySuburbs/Materials/MI_Bicycle_Blue.uexp" 1759
"D:/UE_project/Blaster/Content/Assets/AnimeCitySuburbs/Textures/T_Mascots_Arcade_N.ubulk" 1760
"D:/UE_project/Blaster/Content/Assets/AnimeCitySuburbs/Textures/T_Mascots_Arcade_N.uasset" 1761
"D:/UE_project/Blaster/Content/Assets/AnimeCitySuburbs/Textures/T_Mascots_Arcade_N.uexp" 1762
"D:/UE_project/Blaster/Content/Assets/AnimeCitySuburbs/Textures/T_Mascots_Arcade_E.ubulk" 1763
"D:/UE_project/Blaster/Content/Assets/AnimeCitySuburbs/Textures/T_Mascots_Arcade_E.uasset" 1764
"D:/UE_project/Blaster/Content/Assets/AnimeCitySuburbs/Textures/T_Mascots_Arcade_E.uexp" 1765
"D:/UE_project/Blaster/Content/Assets/AnimeCitySuburbs/Textures/T_Mascots_Arcade_ORM.ubulk" 1766
"D:/UE_project/Blaster/Content/Assets/AnimeCitySuburbs/Textures/T_Mascots_Arcade_ORM.uasset" 1767
"D:/UE_project/Blaster/Content/Assets/AnimeCitySuburbs/Textures/T_Mascots_Arcade_ORM.uexp" 1768
"D:/UE_project/Blaster/Content/Assets/AnimeCitySuburbs/Textures/T_Mascots_Arcade_D.ubulk" 1769
"D:/UE_project/Blaster/Content/Assets/AnimeCitySuburbs/Textures/T_Mascots_Arcade_D.uasset" 1770
"D:/UE_project/Blaster/Content/Assets/AnimeCitySuburbs/Textures/T_Mascots_Arcade_D.uexp" 1771
"D:/UE_project/Blaster/Content/Assets/AnimeCitySuburbs/Materials/MI_Arcade.uasset" 1772
"D:/UE_project/Blaster/Content/Assets/AnimeCitySuburbs/Materials/MI_Arcade.uexp" 1773
"D:/UE_project/Blaster/Content/Assets/AnimeCitySuburbs/Models/BuildingPieces/SM_BlockB1.ubulk" 1774
"D:/UE_project/Blaster/Content/Assets/AnimeCitySuburbs/Models/BuildingPieces/SM_BlockB1.uasset" 1775
"D:/UE_project/Blaster/Content/Assets/AnimeCitySuburbs/Models/BuildingPieces/SM_BlockB1.uexp" 1776
"D:/UE_project/Blaster/Content/Assets/AnimeCitySuburbs/Models/Shop04/SM_bag.ubulk" 1777
"D:/UE_project/Blaster/Content/Assets/AnimeCitySuburbs/Models/Shop04/SM_bag.uasset" 1778
"D:/UE_project/Blaster/Content/Assets/AnimeCitySuburbs/Models/Shop04/SM_bag.uexp" 1779
"D:/UE_project/Blaster/Content/Assets/AnimeCitySuburbs/Materials/MI_Wall7.uasset" 1780
"D:/UE_project/Blaster/Content/Assets/AnimeCitySuburbs/Materials/MI_Wall7.uexp" 1781
"D:/UE_project/Blaster/Content/Assets/AnimeCitySuburbs/Materials/MI_PlasterWall_02.uasset" 1782
"D:/UE_project/Blaster/Content/Assets/AnimeCitySuburbs/Materials/MI_PlasterWall_02.uexp" 1783
"D:/UE_project/Blaster/Content/Assets/AnimeCitySuburbs/Materials/MI_PlasterWall_02_Inst.uasset" 1784
"D:/UE_project/Blaster/Content/Assets/AnimeCitySuburbs/Materials/MI_PlasterWall_02_Inst.uexp" 1785
"D:/UE_project/Blaster/Content/Assets/AnimeCitySuburbs/Materials/MI_Windows_Inst_Inst_Inst1_Inst1.uasset" 1786
"D:/UE_project/Blaster/Content/Assets/AnimeCitySuburbs/Materials/MI_Windows_Inst_Inst_Inst1_Inst1.uexp" 1787
"D:/UE_project/Blaster/Content/Assets/AnimeCitySuburbs/Models/Repairs/SM_Repairs.ubulk" 1788
"D:/UE_project/Blaster/Content/Assets/AnimeCitySuburbs/Models/Repairs/SM_Repairs.uasset" 1789
"D:/UE_project/Blaster/Content/Assets/AnimeCitySuburbs/Models/Repairs/SM_Repairs.uexp" 1790
"D:/UE_project/Blaster/Content/Assets/AnimeCitySuburbs/Models/BuildingPieces/SM_RoofC_02.ubulk" 1791
"D:/UE_project/Blaster/Content/Assets/AnimeCitySuburbs/Models/BuildingPieces/SM_RoofC_02.uasset" 1792
"D:/UE_project/Blaster/Content/Assets/AnimeCitySuburbs/Models/BuildingPieces/SM_RoofC_02.uexp" 1793
"D:/UE_project/Blaster/Content/Assets/AnimeCitySuburbs/Models/BuildingPieces/SM_WallA_01.ubulk" 1794
"D:/UE_project/Blaster/Content/Assets/AnimeCitySuburbs/Models/BuildingPieces/SM_WallA_01.uasset" 1795
"D:/UE_project/Blaster/Content/Assets/AnimeCitySuburbs/Models/BuildingPieces/SM_WallA_01.uexp" 1796
"D:/UE_project/Blaster/Content/Assets/AnimeCitySuburbs/Materials/MI_Windows_Inst_Inst_Inst1_Inst.uasset" 1797
"D:/UE_project/Blaster/Content/Assets/AnimeCitySuburbs/Materials/MI_Windows_Inst_Inst_Inst1_Inst.uexp" 1798
"D:/UE_project/Blaster/Content/Assets/AnimeCitySuburbs/Models/RoadProps/SM_Jackhammer.ubulk" 1799
"D:/UE_project/Blaster/Content/Assets/AnimeCitySuburbs/Models/RoadProps/SM_Jackhammer.uasset" 1800
"D:/UE_project/Blaster/Content/Assets/AnimeCitySuburbs/Models/RoadProps/SM_Jackhammer.uexp" 1801
"D:/UE_project/Blaster/Content/Assets/AnimeCitySuburbs/Textures/T_Sidewalk_A.ubulk" 1802
"D:/UE_project/Blaster/Content/Assets/AnimeCitySuburbs/Textures/T_Sidewalk_A.uasset" 1803
"D:/UE_project/Blaster/Content/Assets/AnimeCitySuburbs/Textures/T_Sidewalk_A.uexp" 1804
"D:/UE_project/Blaster/Content/Assets/AnimeCitySuburbs/Materials/MI_Sidewalk02.uasset" 1805
"D:/UE_project/Blaster/Content/Assets/AnimeCitySuburbs/Materials/MI_Sidewalk02.uexp" 1806
"D:/UE_project/Blaster/Content/Assets/AnimeCitySuburbs/Models/BuildingPieces/SM_RoofE_01.ubulk" 1807
"D:/UE_project/Blaster/Content/Assets/AnimeCitySuburbs/Models/BuildingPieces/SM_RoofE_01.uasset" 1808
"D:/UE_project/Blaster/Content/Assets/AnimeCitySuburbs/Models/BuildingPieces/SM_RoofE_01.uexp" 1809
"D:/UE_project/Blaster/Content/Assets/AnimeCitySuburbs/Models/Props/SM_Fence.ubulk" 1810
"D:/UE_project/Blaster/Content/Assets/AnimeCitySuburbs/Models/Props/SM_Fence.uasset" 1811
"D:/UE_project/Blaster/Content/Assets/AnimeCitySuburbs/Models/Props/SM_Fence.uexp" 1812
"D:/UE_project/Blaster/Content/Assets/AnimeCitySuburbs/Models/Fence/SM_Fence03_pillar.ubulk" 1813
"D:/UE_project/Blaster/Content/Assets/AnimeCitySuburbs/Models/Fence/SM_Fence03_pillar.uasset" 1814
"D:/UE_project/Blaster/Content/Assets/AnimeCitySuburbs/Models/Fence/SM_Fence03_pillar.uexp" 1815
"D:/UE_project/Blaster/Content/Assets/AnimeCitySuburbs/Models/Road/SM_Sidewalk02_corner.ubulk" 1816
"D:/UE_project/Blaster/Content/Assets/AnimeCitySuburbs/Models/Road/SM_Sidewalk02_corner.uasset" 1817
"D:/UE_project/Blaster/Content/Assets/AnimeCitySuburbs/Models/Road/SM_Sidewalk02_corner.uexp" 1818
"D:/UE_project/Blaster/Content/Assets/AnimeCitySuburbs/Models/Electronics/SM_Antenna01.ubulk" 1819
"D:/UE_project/Blaster/Content/Assets/AnimeCitySuburbs/Models/Electronics/SM_Antenna01.uasset" 1820
"D:/UE_project/Blaster/Content/Assets/AnimeCitySuburbs/Models/Electronics/SM_Antenna01.uexp" 1821
"D:/UE_project/Blaster/Content/Assets/AnimeCitySuburbs/Materials/MI_WallTile2.uasset" 1822
"D:/UE_project/Blaster/Content/Assets/AnimeCitySuburbs/Materials/MI_WallTile2.uexp" 1823
"D:/UE_project/Blaster/Content/Assets/AnimeCitySuburbs/Materials/MI_WallTile3.uasset" 1824
"D:/UE_project/Blaster/Content/Assets/AnimeCitySuburbs/Materials/MI_WallTile3.uexp" 1825
"D:/UE_project/Blaster/Content/Assets/AnimeCitySuburbs/Materials/MI_WallTile4.uasset" 1826
"D:/UE_project/Blaster/Content/Assets/AnimeCitySuburbs/Materials/MI_WallTile4.uexp" 1827
"D:/UE_project/Blaster/Content/Assets/AnimeCitySuburbs/Materials/MI_WallTile5.uasset" 1828
"D:/UE_project/Blaster/Content/Assets/AnimeCitySuburbs/Materials/MI_WallTile5.uexp" 1829
"D:/UE_project/Blaster/Content/Assets/AnimeCitySuburbs/Materials/MI_WallTile5_Inst.uasset" 1830
"D:/UE_project/Blaster/Content/Assets/AnimeCitySuburbs/Materials/MI_WallTile5_Inst.uexp" 1831
"D:/UE_project/Blaster/Content/Assets/Sounds/SMG/sw_Wep_AR_Equip_02.ubulk" 1832
"D:/UE_project/Blaster/Content/Assets/Sounds/SMG/sw_Wep_AR_Equip_02.uasset" 1833
"D:/UE_project/Blaster/Content/Assets/Sounds/SMG/sw_Wep_AR_Equip_02.uexp" 1834
"D:/UE_project/Blaster/Content/Assets/Sounds/SMG/sw_Wep_AR_Equip_01.ubulk" 1835
"D:/UE_project/Blaster/Content/Assets/Sounds/SMG/sw_Wep_AR_Equip_01.uasset" 1836
"D:/UE_project/Blaster/Content/Assets/Sounds/SMG/sw_Wep_AR_Equip_01.uexp" 1837
"D:/UE_project/Blaster/Content/Assets/Sounds/SMG/sw_Wep_AR_Equip_03.ubulk" 1838
"D:/UE_project/Blaster/Content/Assets/Sounds/SMG/sw_Wep_AR_Equip_03.uasset" 1839
"D:/UE_project/Blaster/Content/Assets/Sounds/SMG/sw_Wep_AR_Equip_03.uexp" 1840
"D:/UE_project/Blaster/Content/Assets/Sounds/SMG/SMG_Pickup_Cue.uasset" 1841
"D:/UE_project/Blaster/Content/Assets/Sounds/SMG/SMG_Pickup_Cue.uexp" 1842
"D:/UE_project/Blaster/Content/Assets/MilitaryWeapSilver/FX/Vector_Fields/VF_Turbulence_01.uasset" 1843
"D:/UE_project/Blaster/Content/Assets/MilitaryWeapSilver/FX/Vector_Fields/VF_Turbulence_01.uexp" 1844
"D:/UE_project/Blaster/Content/Assets/MilitaryWeapSilver/FX/P_Impact_Metal_Large_01.uasset" 1845
"D:/UE_project/Blaster/Content/Assets/MilitaryWeapSilver/FX/P_Impact_Metal_Large_01.uexp" 1846
"D:/UE_project/Blaster/Content/Assets/MilitaryWeapSilver/Sound/Rifle/Wavs/Rifle_ImpactSurface03.ubulk" 1847
"D:/UE_project/Blaster/Content/Assets/MilitaryWeapSilver/Sound/Rifle/Wavs/Rifle_ImpactSurface03.uasset" 1848
"D:/UE_project/Blaster/Content/Assets/MilitaryWeapSilver/Sound/Rifle/Wavs/Rifle_ImpactSurface03.uexp" 1849
"D:/UE_project/Blaster/Content/Assets/MilitaryWeapSilver/Sound/Attenuation/ProjectileImpact_att.uasset" 1850
"D:/UE_project/Blaster/Content/Assets/MilitaryWeapSilver/Sound/Attenuation/ProjectileImpact_att.uexp" 1851
"D:/UE_project/Blaster/Content/Assets/MilitaryWeapSilver/Sound/Rifle/Wavs/Rifle_ImpactSurface06.ubulk" 1852
"D:/UE_project/Blaster/Content/Assets/MilitaryWeapSilver/Sound/Rifle/Wavs/Rifle_ImpactSurface06.uasset" 1853
"D:/UE_project/Blaster/Content/Assets/MilitaryWeapSilver/Sound/Rifle/Wavs/Rifle_ImpactSurface06.uexp" 1854
"D:/UE_project/Blaster/Content/Assets/MilitaryWeapSilver/Sound/Rifle/Wavs/Rifle_ImpactSurface04.ubulk" 1855
"D:/UE_project/Blaster/Content/Assets/MilitaryWeapSilver/Sound/Rifle/Wavs/Rifle_ImpactSurface04.uasset" 1856
"D:/UE_project/Blaster/Content/Assets/MilitaryWeapSilver/Sound/Rifle/Wavs/Rifle_ImpactSurface04.uexp" 1857
"D:/UE_project/Blaster/Content/Assets/MilitaryWeapSilver/Sound/Rifle/Wavs/Rifle_ImpactSurface05.ubulk" 1858
"D:/UE_project/Blaster/Content/Assets/MilitaryWeapSilver/Sound/Rifle/Wavs/Rifle_ImpactSurface05.uasset" 1859
"D:/UE_project/Blaster/Content/Assets/MilitaryWeapSilver/Sound/Rifle/Wavs/Rifle_ImpactSurface05.uexp" 1860
"D:/UE_project/Blaster/Content/Assets/MilitaryWeapSilver/Sound/Rifle/Wavs/Rifle_ImpactSurface01.ubulk" 1861
"D:/UE_project/Blaster/Content/Assets/MilitaryWeapSilver/Sound/Rifle/Wavs/Rifle_ImpactSurface01.uasset" 1862
"D:/UE_project/Blaster/Content/Assets/MilitaryWeapSilver/Sound/Rifle/Wavs/Rifle_ImpactSurface01.uexp" 1863
"D:/UE_project/Blaster/Content/Assets/MilitaryWeapSilver/Sound/Rifle/Wavs/Rifle_ImpactSurface02.ubulk" 1864
"D:/UE_project/Blaster/Content/Assets/MilitaryWeapSilver/Sound/Rifle/Wavs/Rifle_ImpactSurface02.uasset" 1865
"D:/UE_project/Blaster/Content/Assets/MilitaryWeapSilver/Sound/Rifle/Wavs/Rifle_ImpactSurface02.uexp" 1866
"D:/UE_project/Blaster/Content/Assets/MilitaryWeapSilver/Sound/Rifle/Cues/Rifle_ImpactSurface_Cue.uasset" 1867
"D:/UE_project/Blaster/Content/Assets/MilitaryWeapSilver/Sound/Rifle/Cues/Rifle_ImpactSurface_Cue.uexp" 1868
"D:/UE_project/Blaster/Content/Assets/Sounds/Gunshots/SMG/SMG_Shot_1.ubulk" 1869
"D:/UE_project/Blaster/Content/Assets/Sounds/Gunshots/SMG/SMG_Shot_1.uasset" 1870
"D:/UE_project/Blaster/Content/Assets/Sounds/Gunshots/SMG/SMG_Shot_1.uexp" 1871
"D:/UE_project/Blaster/Content/Assets/Sounds/Gunshots/SMG/SMG_Shot_2.ubulk" 1872
"D:/UE_project/Blaster/Content/Assets/Sounds/Gunshots/SMG/SMG_Shot_2.uasset" 1873
"D:/UE_project/Blaster/Content/Assets/Sounds/Gunshots/SMG/SMG_Shot_2.uexp" 1874
"D:/UE_project/Blaster/Content/Assets/Sounds/Gunshots/SMG/SMG_Shot_3.ubulk" 1875
"D:/UE_project/Blaster/Content/Assets/Sounds/Gunshots/SMG/SMG_Shot_3.uasset" 1876
"D:/UE_project/Blaster/Content/Assets/Sounds/Gunshots/SMG/SMG_Shot_3.uexp" 1877
"D:/UE_project/Blaster/Content/Assets/Sounds/Gunshots/SMG/SMG_Shot_4.ubulk" 1878
"D:/UE_project/Blaster/Content/Assets/Sounds/Gunshots/SMG/SMG_Shot_4.uasset" 1879
"D:/UE_project/Blaster/Content/Assets/Sounds/Gunshots/SMG/SMG_Shot_4.uexp" 1880
"D:/UE_project/Blaster/Content/Assets/Sounds/Gunshots/SMG/SMG_Shot_5.ubulk" 1881
"D:/UE_project/Blaster/Content/Assets/Sounds/Gunshots/SMG/SMG_Shot_5.uasset" 1882
"D:/UE_project/Blaster/Content/Assets/Sounds/Gunshots/SMG/SMG_Shot_5.uexp" 1883
"D:/UE_project/Blaster/Content/Assets/Sounds/Gunshots/SMG/SMG_Shot_6.ubulk" 1884
"D:/UE_project/Blaster/Content/Assets/Sounds/Gunshots/SMG/SMG_Shot_6.uasset" 1885
"D:/UE_project/Blaster/Content/Assets/Sounds/Gunshots/SMG/SMG_Shot_6.uexp" 1886
"D:/UE_project/Blaster/Content/Assets/Sounds/Gunshots/SMG/SMG_Shot_7.ubulk" 1887
"D:/UE_project/Blaster/Content/Assets/Sounds/Gunshots/SMG/SMG_Shot_7.uasset" 1888
"D:/UE_project/Blaster/Content/Assets/Sounds/Gunshots/SMG/SMG_Shot_7.uexp" 1889
"D:/UE_project/Blaster/Content/Assets/Sounds/Gunshots/SMG/SMG_Shot_8.ubulk" 1890
"D:/UE_project/Blaster/Content/Assets/Sounds/Gunshots/SMG/SMG_Shot_8.uasset" 1891
"D:/UE_project/Blaster/Content/Assets/Sounds/Gunshots/SMG/SMG_Shot_8.uexp" 1892
"D:/UE_project/Blaster/Content/Assets/Sounds/Gunshots/SMG/SMG_Shot_9.ubulk" 1893
"D:/UE_project/Blaster/Content/Assets/Sounds/Gunshots/SMG/SMG_Shot_9.uasset" 1894
"D:/UE_project/Blaster/Content/Assets/Sounds/Gunshots/SMG/SMG_Shot_9.uexp" 1895
"D:/UE_project/Blaster/Content/Assets/Sounds/Gunshots/SMG/SMG_Shot_10.ubulk" 1896
"D:/UE_project/Blaster/Content/Assets/Sounds/Gunshots/SMG/SMG_Shot_10.uasset" 1897
"D:/UE_project/Blaster/Content/Assets/Sounds/Gunshots/SMG/SMG_Shot_10.uexp" 1898
"D:/UE_project/Blaster/Content/Assets/Sounds/Gunshots/SMG/SMG_Cue.uasset" 1899
"D:/UE_project/Blaster/Content/Assets/Sounds/Gunshots/SMG/SMG_Cue.uexp" 1900
"D:/UE_project/Blaster/Content/Assets/FPS_Weapon_Bundle/Weapons/Meshes/SMG11/SMG_PhyAt_Strap.uasset" 1901
"D:/UE_project/Blaster/Content/Assets/FPS_Weapon_Bundle/Weapons/Meshes/SMG11/SMG_PhyAt_Strap.uexp" 1902
"D:/UE_project/Blaster/Content/Assets/FPS_Weapon_Bundle/Weapons/Textures/SMG11/T_SMG11_Rem_M_MSK.ubulk" 1903
"D:/UE_project/Blaster/Content/Assets/FPS_Weapon_Bundle/Weapons/Textures/SMG11/T_SMG11_Rem_M_MSK.uasset" 1904
"D:/UE_project/Blaster/Content/Assets/FPS_Weapon_Bundle/Weapons/Textures/SMG11/T_SMG11_Rem_M_MSK.uexp" 1905
"D:/UE_project/Blaster/Content/Assets/FPS_Weapon_Bundle/Weapons/Textures/SMG11/T_SMG11_Rem_NRM.ubulk" 1906
"D:/UE_project/Blaster/Content/Assets/FPS_Weapon_Bundle/Weapons/Textures/SMG11/T_SMG11_Rem_NRM.uasset" 1907
"D:/UE_project/Blaster/Content/Assets/FPS_Weapon_Bundle/Weapons/Textures/SMG11/T_SMG11_Rem_NRM.uexp" 1908
"D:/UE_project/Blaster/Content/Assets/FPS_Weapon_Bundle/Weapons/Textures/SMG11/T_SMG11_Rem_ALB.ubulk" 1909
"D:/UE_project/Blaster/Content/Assets/FPS_Weapon_Bundle/Weapons/Textures/SMG11/T_SMG11_Rem_ALB.uasset" 1910
"D:/UE_project/Blaster/Content/Assets/FPS_Weapon_Bundle/Weapons/Textures/SMG11/T_SMG11_Rem_ALB.uexp" 1911
"D:/UE_project/Blaster/Content/Assets/FPS_Weapon_Bundle/Weapons/Textures/KA74U/T_KA74U_NRM.ubulk" 1912
"D:/UE_project/Blaster/Content/Assets/FPS_Weapon_Bundle/Weapons/Textures/KA74U/T_KA74U_NRM.uasset" 1913
"D:/UE_project/Blaster/Content/Assets/FPS_Weapon_Bundle/Weapons/Textures/KA74U/T_KA74U_NRM.uexp" 1914
"D:/UE_project/Blaster/Content/Assets/FPS_Weapon_Bundle/Weapons/Textures/KA74U/T_KA74U_ALB.ubulk" 1915
"D:/UE_project/Blaster/Content/Assets/FPS_Weapon_Bundle/Weapons/Textures/KA74U/T_KA74U_ALB.uasset" 1916
"D:/UE_project/Blaster/Content/Assets/FPS_Weapon_Bundle/Weapons/Textures/KA74U/T_KA74U_ALB.uexp" 1917
"D:/UE_project/Blaster/Content/Assets/FPS_Weapon_Bundle/Weapons/Textures/Patterns/T_Stripes__Pattern.ubulk" 1918
"D:/UE_project/Blaster/Content/Assets/FPS_Weapon_Bundle/Weapons/Textures/Patterns/T_Stripes__Pattern.uasset" 1919
"D:/UE_project/Blaster/Content/Assets/FPS_Weapon_Bundle/Weapons/Textures/Patterns/T_Stripes__Pattern.uexp" 1920
"D:/UE_project/Blaster/Content/Assets/FPS_Weapon_Bundle/Weapons/Textures/KA74U/T_KA74U_M_MSK.ubulk" 1921
"D:/UE_project/Blaster/Content/Assets/FPS_Weapon_Bundle/Weapons/Textures/KA74U/T_KA74U_M_MSK.uasset" 1922
"D:/UE_project/Blaster/Content/Assets/FPS_Weapon_Bundle/Weapons/Textures/KA74U/T_KA74U_M_MSK.uexp" 1923
"D:/UE_project/Blaster/Content/Assets/FPS_Weapon_Bundle/Weapons/Materials/Master_Material/M_Weapon_Master_USE.uasset" 1924
"D:/UE_project/Blaster/Content/Assets/FPS_Weapon_Bundle/Weapons/Materials/Master_Material/M_Weapon_Master_USE.uexp" 1925
"D:/UE_project/Blaster/Content/Assets/FPS_Weapon_Bundle/Weapons/Materials/SMG11/M_SMG11_Rem.uasset" 1926
"D:/UE_project/Blaster/Content/Assets/FPS_Weapon_Bundle/Weapons/Materials/SMG11/M_SMG11_Rem.uexp" 1927
"D:/UE_project/Blaster/Content/Assets/FPS_Weapon_Bundle/Weapons/Textures/SMG11/T_SMG11_ALB.ubulk" 1928
"D:/UE_project/Blaster/Content/Assets/FPS_Weapon_Bundle/Weapons/Textures/SMG11/T_SMG11_ALB.uasset" 1929
"D:/UE_project/Blaster/Content/Assets/FPS_Weapon_Bundle/Weapons/Textures/SMG11/T_SMG11_ALB.uexp" 1930
"D:/UE_project/Blaster/Content/Assets/FPS_Weapon_Bundle/Weapons/Textures/SMG11/T_SMG11_NRM.ubulk" 1931
"D:/UE_project/Blaster/Content/Assets/FPS_Weapon_Bundle/Weapons/Textures/SMG11/T_SMG11_NRM.uasset" 1932
"D:/UE_project/Blaster/Content/Assets/FPS_Weapon_Bundle/Weapons/Textures/SMG11/T_SMG11_NRM.uexp" 1933
"D:/UE_project/Blaster/Content/Assets/FPS_Weapon_Bundle/Weapons/Textures/SMG11/T_SMG11_M_MSK.ubulk" 1934
"D:/UE_project/Blaster/Content/Assets/FPS_Weapon_Bundle/Weapons/Textures/SMG11/T_SMG11_M_MSK.uasset" 1935
"D:/UE_project/Blaster/Content/Assets/FPS_Weapon_Bundle/Weapons/Textures/SMG11/T_SMG11_M_MSK.uexp" 1936
"D:/UE_project/Blaster/Content/Assets/FPS_Weapon_Bundle/Weapons/Materials/SMG11/M_SMG11.uasset" 1937
"D:/UE_project/Blaster/Content/Assets/FPS_Weapon_Bundle/Weapons/Materials/SMG11/M_SMG11.uexp" 1938
"D:/UE_project/Blaster/Content/Assets/FPS_Weapon_Bundle/Weapons/Textures/Ammunition/T_9mm_M_MSK.ubulk" 1939
"D:/UE_project/Blaster/Content/Assets/FPS_Weapon_Bundle/Weapons/Textures/Ammunition/T_9mm_M_MSK.uasset" 1940
"D:/UE_project/Blaster/Content/Assets/FPS_Weapon_Bundle/Weapons/Textures/Ammunition/T_9mm_M_MSK.uexp" 1941
"D:/UE_project/Blaster/Content/Assets/FPS_Weapon_Bundle/Weapons/Textures/Ammunition/T_9mm_ALB.ubulk" 1942
"D:/UE_project/Blaster/Content/Assets/FPS_Weapon_Bundle/Weapons/Textures/Ammunition/T_9mm_ALB.uasset" 1943
"D:/UE_project/Blaster/Content/Assets/FPS_Weapon_Bundle/Weapons/Textures/Ammunition/T_9mm_ALB.uexp" 1944
"D:/UE_project/Blaster/Content/Assets/FPS_Weapon_Bundle/Weapons/Textures/Ammunition/T_9mm_NRM.ubulk" 1945
"D:/UE_project/Blaster/Content/Assets/FPS_Weapon_Bundle/Weapons/Textures/Ammunition/T_9mm_NRM.uasset" 1946
"D:/UE_project/Blaster/Content/Assets/FPS_Weapon_Bundle/Weapons/Textures/Ammunition/T_9mm_NRM.uexp" 1947
"D:/UE_project/Blaster/Content/Assets/FPS_Weapon_Bundle/Weapons/Materials/Ammunition/M_9mm.uasset" 1948
"D:/UE_project/Blaster/Content/Assets/FPS_Weapon_Bundle/Weapons/Materials/Ammunition/M_9mm.uexp" 1949
"D:/UE_project/Blaster/Content/Assets/FPS_Weapon_Bundle/Weapons/Meshes/SMG11/SK_SMG11_Nostock_Y_Skeleton.uasset" 1950
"D:/UE_project/Blaster/Content/Assets/FPS_Weapon_Bundle/Weapons/Meshes/SMG11/SK_SMG11_Nostock_Y_Skeleton.uexp" 1951
"D:/UE_project/Blaster/Content/Assets/FPS_Weapon_Bundle/Weapons/Meshes/SMG11/SK_SMG11_Nostock_Y.uasset" 1952
"D:/UE_project/Blaster/Content/Assets/FPS_Weapon_Bundle/Weapons/Meshes/SMG11/SK_SMG11_Nostock_Y.uexp" 1953
"D:/UE_project/Blaster/Content/Blueprint/Weapon/BP_SubmachineGun.uasset" 1954
"D:/UE_project/Blaster/Content/Blueprint/Weapon/BP_SubmachineGun.uexp" 1955
"D:/UE_project/Blaster/Content/Assets/AnimeCitySuburbs/Materials/MI_Metal_07.uasset" 1956
"D:/UE_project/Blaster/Content/Assets/AnimeCitySuburbs/Materials/MI_Metal_07.uexp" 1957
"D:/UE_project/Blaster/Content/Assets/AnimeCitySuburbs/Models/Lanterns/SM_Lantern2.ubulk" 1958
"D:/UE_project/Blaster/Content/Assets/AnimeCitySuburbs/Models/Lanterns/SM_Lantern2.uasset" 1959
"D:/UE_project/Blaster/Content/Assets/AnimeCitySuburbs/Models/Lanterns/SM_Lantern2.uexp" 1960
"D:/UE_project/Blaster/Content/Assets/AnimeCitySuburbs/Materials/MI_ConcreteWall3_Inst_2.uasset" 1961
"D:/UE_project/Blaster/Content/Assets/AnimeCitySuburbs/Materials/MI_ConcreteWall3_Inst_2.uexp" 1962
"D:/UE_project/Blaster/Content/Assets/AnimeCitySuburbs/Models/SM_House01.ubulk" 1963
"D:/UE_project/Blaster/Content/Assets/AnimeCitySuburbs/Models/SM_House01.uasset" 1964
"D:/UE_project/Blaster/Content/Assets/AnimeCitySuburbs/Models/SM_House01.uexp" 1965
"D:/UE_project/Blaster/Content/Assets/AnimeCitySuburbs/Models/Road/SM_RoadBarrier_01.ubulk" 1966
"D:/UE_project/Blaster/Content/Assets/AnimeCitySuburbs/Models/Road/SM_RoadBarrier_01.uasset" 1967
"D:/UE_project/Blaster/Content/Assets/AnimeCitySuburbs/Models/Road/SM_RoadBarrier_01.uexp" 1968
"D:/UE_project/Blaster/Content/Assets/AnimeCitySuburbs/Materials/MI_WallTile4_Inst.uasset" 1969
"D:/UE_project/Blaster/Content/Assets/AnimeCitySuburbs/Materials/MI_WallTile4_Inst.uexp" 1970
"D:/UE_project/Blaster/Content/Assets/AnimeCitySuburbs/Models/Props/SM_SignArrow.ubulk" 1971
"D:/UE_project/Blaster/Content/Assets/AnimeCitySuburbs/Models/Props/SM_SignArrow.uasset" 1972
"D:/UE_project/Blaster/Content/Assets/AnimeCitySuburbs/Models/Props/SM_SignArrow.uexp" 1973
"D:/UE_project/Blaster/Content/Assets/AnimeCitySuburbs/Models/Shop04/SM_crate_01.ubulk" 1974
"D:/UE_project/Blaster/Content/Assets/AnimeCitySuburbs/Models/Shop04/SM_crate_01.uasset" 1975
"D:/UE_project/Blaster/Content/Assets/AnimeCitySuburbs/Models/Shop04/SM_crate_01.uexp" 1976
"D:/UE_project/Blaster/Content/Assets/AnimeCitySuburbs/Models/Shop01/SM_CashRegister.ubulk" 1977
"D:/UE_project/Blaster/Content/Assets/AnimeCitySuburbs/Models/Shop01/SM_CashRegister.uasset" 1978
"D:/UE_project/Blaster/Content/Assets/AnimeCitySuburbs/Models/Shop01/SM_CashRegister.uexp" 1979
"D:/UE_project/Blaster/Content/Assets/AnimeCitySuburbs/Models/Shop01/SM_Shop01Doors.ubulk" 1980
"D:/UE_project/Blaster/Content/Assets/AnimeCitySuburbs/Models/Shop01/SM_Shop01Doors.uasset" 1981
"D:/UE_project/Blaster/Content/Assets/AnimeCitySuburbs/Models/Shop01/SM_Shop01Doors.uexp" 1982
"D:/UE_project/Blaster/Content/Assets/AnimeCitySuburbs/Models/Shop01/SM_Table.ubulk" 1983
"D:/UE_project/Blaster/Content/Assets/AnimeCitySuburbs/Models/Shop01/SM_Table.uasset" 1984
"D:/UE_project/Blaster/Content/Assets/AnimeCitySuburbs/Models/Shop01/SM_Table.uexp" 1985
"D:/UE_project/Blaster/Content/Assets/AnimeCitySuburbs/Models/Shop01/SM_ShoppingBasket.ubulk" 1986
"D:/UE_project/Blaster/Content/Assets/AnimeCitySuburbs/Models/Shop01/SM_ShoppingBasket.uasset" 1987
"D:/UE_project/Blaster/Content/Assets/AnimeCitySuburbs/Models/Shop01/SM_ShoppingBasket.uexp" 1988
"D:/UE_project/Blaster/Content/Assets/AnimeCitySuburbs/Textures/T_Food01_BC.ubulk" 1989
"D:/UE_project/Blaster/Content/Assets/AnimeCitySuburbs/Textures/T_Food01_BC.uasset" 1990
"D:/UE_project/Blaster/Content/Assets/AnimeCitySuburbs/Textures/T_Food01_BC.uexp" 1991
"D:/UE_project/Blaster/Content/Assets/AnimeCitySuburbs/Textures/T_Food_N.ubulk" 1992
"D:/UE_project/Blaster/Content/Assets/AnimeCitySuburbs/Textures/T_Food_N.uasset" 1993
"D:/UE_project/Blaster/Content/Assets/AnimeCitySuburbs/Textures/T_Food_N.uexp" 1994
"D:/UE_project/Blaster/Content/Assets/AnimeCitySuburbs/Textures/T_Food_ORM.ubulk" 1995
"D:/UE_project/Blaster/Content/Assets/AnimeCitySuburbs/Textures/T_Food_ORM.uasset" 1996
"D:/UE_project/Blaster/Content/Assets/AnimeCitySuburbs/Textures/T_Food_ORM.uexp" 1997
"D:/UE_project/Blaster/Content/Assets/AnimeCitySuburbs/Materials/VendingMachines/MI_Food01.uasset" 1998
"D:/UE_project/Blaster/Content/Assets/AnimeCitySuburbs/Materials/VendingMachines/MI_Food01.uexp" 1999
"D:/UE_project/Blaster/Content/Assets/AnimeCitySuburbs/Models/VendingMachines/SM_food_canfood.ubulk" 2000
"D:/UE_project/Blaster/Content/Assets/AnimeCitySuburbs/Models/VendingMachines/SM_food_canfood.uasset" 2001
"D:/UE_project/Blaster/Content/Assets/AnimeCitySuburbs/Models/VendingMachines/SM_food_canfood.uexp" 2002
"D:/UE_project/Blaster/Content/Assets/AnimeCitySuburbs/Models/VendingMachines/SM_food_pack_02.ubulk" 2003
"D:/UE_project/Blaster/Content/Assets/AnimeCitySuburbs/Models/VendingMachines/SM_food_pack_02.uasset" 2004
"D:/UE_project/Blaster/Content/Assets/AnimeCitySuburbs/Models/VendingMachines/SM_food_pack_02.uexp" 2005
"D:/UE_project/Blaster/Content/Assets/AnimeCitySuburbs/Models/VendingMachines/SM_food_bottle.ubulk" 2006
"D:/UE_project/Blaster/Content/Assets/AnimeCitySuburbs/Models/VendingMachines/SM_food_bottle.uasset" 2007
"D:/UE_project/Blaster/Content/Assets/AnimeCitySuburbs/Models/VendingMachines/SM_food_bottle.uexp" 2008
"D:/UE_project/Blaster/Content/Assets/AnimeCitySuburbs/Models/VendingMachines/SM_food_pack_01.ubulk" 2009
"D:/UE_project/Blaster/Content/Assets/AnimeCitySuburbs/Models/VendingMachines/SM_food_pack_01.uasset" 2010
"D:/UE_project/Blaster/Content/Assets/AnimeCitySuburbs/Models/VendingMachines/SM_food_pack_01.uexp" 2011
"D:/UE_project/Blaster/Content/Assets/AnimeCitySuburbs/Models/Shop01/SM_Shelf.ubulk" 2012
"D:/UE_project/Blaster/Content/Assets/AnimeCitySuburbs/Models/Shop01/SM_Shelf.uasset" 2013
"D:/UE_project/Blaster/Content/Assets/AnimeCitySuburbs/Models/Shop01/SM_Shelf.uexp" 2014
"D:/UE_project/Blaster/Content/Assets/AnimeCitySuburbs/Blueprints/Shop/BP_Shelf02.uasset" 2015
"D:/UE_project/Blaster/Content/Assets/AnimeCitySuburbs/Blueprints/Shop/BP_Shelf02.uexp" 2016
"D:/UE_project/Blaster/Content/Assets/AnimeCitySuburbs/Models/VendingMachines/SM_food_pack_03.ubulk" 2017
"D:/UE_project/Blaster/Content/Assets/AnimeCitySuburbs/Models/VendingMachines/SM_food_pack_03.uasset" 2018
"D:/UE_project/Blaster/Content/Assets/AnimeCitySuburbs/Models/VendingMachines/SM_food_pack_03.uexp" 2019
"D:/UE_project/Blaster/Content/Assets/AnimeCitySuburbs/Models/VendingMachines/SM_food_soupe.ubulk" 2020
"D:/UE_project/Blaster/Content/Assets/AnimeCitySuburbs/Models/VendingMachines/SM_food_soupe.uasset" 2021
"D:/UE_project/Blaster/Content/Assets/AnimeCitySuburbs/Models/VendingMachines/SM_food_soupe.uexp" 2022
"D:/UE_project/Blaster/Content/Assets/AnimeCitySuburbs/Models/VendingMachines/SM_food_pack_04.ubulk" 2023
"D:/UE_project/Blaster/Content/Assets/AnimeCitySuburbs/Models/VendingMachines/SM_food_pack_04.uasset" 2024
"D:/UE_project/Blaster/Content/Assets/AnimeCitySuburbs/Models/VendingMachines/SM_food_pack_04.uexp" 2025
"D:/UE_project/Blaster/Content/Assets/AnimeCitySuburbs/Blueprints/Shop/BP_Shelf03.uasset" 2026
"D:/UE_project/Blaster/Content/Assets/AnimeCitySuburbs/Blueprints/Shop/BP_Shelf03.uexp" 2027
"D:/UE_project/Blaster/Content/Assets/AnimeCitySuburbs/Models/VendingMachines/SM_food_can.ubulk" 2028
"D:/UE_project/Blaster/Content/Assets/AnimeCitySuburbs/Models/VendingMachines/SM_food_can.uasset" 2029
"D:/UE_project/Blaster/Content/Assets/AnimeCitySuburbs/Models/VendingMachines/SM_food_can.uexp" 2030
"D:/UE_project/Blaster/Content/Assets/AnimeCitySuburbs/Blueprints/Shop/BP_Shelf01.uasset" 2031
"D:/UE_project/Blaster/Content/Assets/AnimeCitySuburbs/Blueprints/Shop/BP_Shelf01.uexp" 2032
"D:/UE_project/Blaster/Content/Assets/AnimeCitySuburbs/Textures/Posters/T_ShopPoster06.ubulk" 2033
"D:/UE_project/Blaster/Content/Assets/AnimeCitySuburbs/Textures/Posters/T_ShopPoster06.uasset" 2034
"D:/UE_project/Blaster/Content/Assets/AnimeCitySuburbs/Textures/Posters/T_ShopPoster06.uexp" 2035
"D:/UE_project/Blaster/Content/Assets/AnimeCitySuburbs/Textures/Posters/T_ShopPoster06E.ubulk" 2036
"D:/UE_project/Blaster/Content/Assets/AnimeCitySuburbs/Textures/Posters/T_ShopPoster06E.uasset" 2037
"D:/UE_project/Blaster/Content/Assets/AnimeCitySuburbs/Textures/Posters/T_ShopPoster06E.uexp" 2038
"D:/UE_project/Blaster/Content/Assets/AnimeCitySuburbs/Materials/ShopPosters/MI_ShopPoster06.uasset" 2039
"D:/UE_project/Blaster/Content/Assets/AnimeCitySuburbs/Materials/ShopPosters/MI_ShopPoster06.uexp" 2040
"D:/UE_project/Blaster/Content/Assets/AnimeCitySuburbs/Models/Shop01/SM_Shop01.ubulk" 2041
"D:/UE_project/Blaster/Content/Assets/AnimeCitySuburbs/Models/Shop01/SM_Shop01.uasset" 2042
"D:/UE_project/Blaster/Content/Assets/AnimeCitySuburbs/Models/Shop01/SM_Shop01.uexp" 2043
"D:/UE_project/Blaster/Content/Assets/AnimeCitySuburbs/Blueprints/Shop/BP_Shop01.uasset" 2044
"D:/UE_project/Blaster/Content/Assets/AnimeCitySuburbs/Blueprints/Shop/BP_Shop01.uexp" 2045
"D:/UE_project/Blaster/Content/Assets/AnimeCitySuburbs/Materials/MI_ConcreteWall3_Inst1.uasset" 2046
"D:/UE_project/Blaster/Content/Assets/AnimeCitySuburbs/Materials/MI_ConcreteWall3_Inst1.uexp" 2047
"D:/UE_project/Blaster/Content/Assets/AnimeCitySuburbs/Models/Props/SM_StreetSign3.ubulk" 2048
"D:/UE_project/Blaster/Content/Assets/AnimeCitySuburbs/Models/Props/SM_StreetSign3.uasset" 2049
"D:/UE_project/Blaster/Content/Assets/AnimeCitySuburbs/Models/Props/SM_StreetSign3.uexp" 2050
"D:/UE_project/Blaster/Content/Assets/AnimeCitySuburbs/Models/Electronics/SM_ElectricBox01.ubulk" 2051
"D:/UE_project/Blaster/Content/Assets/AnimeCitySuburbs/Models/Electronics/SM_ElectricBox01.uasset" 2052
"D:/UE_project/Blaster/Content/Assets/AnimeCitySuburbs/Models/Electronics/SM_ElectricBox01.uexp" 2053
"D:/UE_project/Blaster/Content/Assets/AnimeCitySuburbs/Models/BuildingPieces/SM_BlockA2.ubulk" 2054
"D:/UE_project/Blaster/Content/Assets/AnimeCitySuburbs/Models/BuildingPieces/SM_BlockA2.uasset" 2055
"D:/UE_project/Blaster/Content/Assets/AnimeCitySuburbs/Models/BuildingPieces/SM_BlockA2.uexp" 2056
"D:/UE_project/Blaster/Content/Assets/AnimeCitySuburbs/Materials/MI_Sidewalk.uasset" 2057
"D:/UE_project/Blaster/Content/Assets/AnimeCitySuburbs/Materials/MI_Sidewalk.uexp" 2058
"D:/UE_project/Blaster/Content/Assets/AnimeCitySuburbs/Models/Road/SM_Sidewalk01.ubulk" 2059
"D:/UE_project/Blaster/Content/Assets/AnimeCitySuburbs/Models/Road/SM_Sidewalk01.uasset" 2060
"D:/UE_project/Blaster/Content/Assets/AnimeCitySuburbs/Models/Road/SM_Sidewalk01.uexp" 2061
"D:/UE_project/Blaster/Content/Assets/AnimeCitySuburbs/Textures/T_BrickWall2_H.ubulk" 2062
"D:/UE_project/Blaster/Content/Assets/AnimeCitySuburbs/Textures/T_BrickWall2_H.uasset" 2063
"D:/UE_project/Blaster/Content/Assets/AnimeCitySuburbs/Textures/T_BrickWall2_H.uexp" 2064
"D:/UE_project/Blaster/Content/Assets/AnimeCitySuburbs/Materials/MI_BrickWall.uasset" 2065
"D:/UE_project/Blaster/Content/Assets/AnimeCitySuburbs/Materials/MI_BrickWall.uexp" 2066
"D:/UE_project/Blaster/Content/Assets/AnimeCitySuburbs/Materials/MI_BrickWall2.uasset" 2067
"D:/UE_project/Blaster/Content/Assets/AnimeCitySuburbs/Materials/MI_BrickWall2.uexp" 2068
"D:/UE_project/Blaster/Content/Assets/AnimeCitySuburbs/Models/BuildingPieces/SM_RoofB3.ubulk" 2069
"D:/UE_project/Blaster/Content/Assets/AnimeCitySuburbs/Models/BuildingPieces/SM_RoofB3.uasset" 2070
"D:/UE_project/Blaster/Content/Assets/AnimeCitySuburbs/Models/BuildingPieces/SM_RoofB3.uexp" 2071
"D:/UE_project/Blaster/Content/Assets/AnimeCitySuburbs/Models/BuildingPieces/SM_RoofB_03.ubulk" 2072
"D:/UE_project/Blaster/Content/Assets/AnimeCitySuburbs/Models/BuildingPieces/SM_RoofB_03.uasset" 2073
"D:/UE_project/Blaster/Content/Assets/AnimeCitySuburbs/Models/BuildingPieces/SM_RoofB_03.uexp" 2074
"D:/UE_project/Blaster/Content/Assets/AnimeCitySuburbs/Textures/T_grafitti2_BC.ubulk" 2075
"D:/UE_project/Blaster/Content/Assets/AnimeCitySuburbs/Textures/T_grafitti2_BC.uasset" 2076
"D:/UE_project/Blaster/Content/Assets/AnimeCitySuburbs/Textures/T_grafitti2_BC.uexp" 2077
"D:/UE_project/Blaster/Content/Assets/AnimeCitySuburbs/Materials/MI_grafitti2.uasset" 2078
"D:/UE_project/Blaster/Content/Assets/AnimeCitySuburbs/Materials/MI_grafitti2.uexp" 2079
"D:/UE_project/Blaster/Content/Assets/AnimeCitySuburbs/Textures/T_grafitti1_BC.ubulk" 2080
"D:/UE_project/Blaster/Content/Assets/AnimeCitySuburbs/Textures/T_grafitti1_BC.uasset" 2081
"D:/UE_project/Blaster/Content/Assets/AnimeCitySuburbs/Textures/T_grafitti1_BC.uexp" 2082
"D:/UE_project/Blaster/Content/Assets/AnimeCitySuburbs/Materials/MI_grafitti1.uasset" 2083
"D:/UE_project/Blaster/Content/Assets/AnimeCitySuburbs/Materials/MI_grafitti1.uexp" 2084
"D:/UE_project/Blaster/Content/Assets/AnimeCitySuburbs/Textures/T_Grafitti01_BC.uasset" 2085
"D:/UE_project/Blaster/Content/Assets/AnimeCitySuburbs/Textures/T_Grafitti01_BC.uexp" 2086
"D:/UE_project/Blaster/Content/Assets/AnimeCitySuburbs/Materials/MI_grafitti7.uasset" 2087
"D:/UE_project/Blaster/Content/Assets/AnimeCitySuburbs/Materials/MI_grafitti7.uexp" 2088
"D:/UE_project/Blaster/Content/Assets/AnimeCitySuburbs/Textures/T_Bin_BC.ubulk" 2089
"D:/UE_project/Blaster/Content/Assets/AnimeCitySuburbs/Textures/T_Bin_BC.uasset" 2090
"D:/UE_project/Blaster/Content/Assets/AnimeCitySuburbs/Textures/T_Bin_BC.uexp" 2091
"D:/UE_project/Blaster/Content/Assets/AnimeCitySuburbs/Textures/T_Bin_E.ubulk" 2092
"D:/UE_project/Blaster/Content/Assets/AnimeCitySuburbs/Textures/T_Bin_E.uasset" 2093
"D:/UE_project/Blaster/Content/Assets/AnimeCitySuburbs/Textures/T_Bin_E.uexp" 2094
"D:/UE_project/Blaster/Content/Assets/AnimeCitySuburbs/Textures/T_Bin_N.ubulk" 2095
"D:/UE_project/Blaster/Content/Assets/AnimeCitySuburbs/Textures/T_Bin_N.uasset" 2096
"D:/UE_project/Blaster/Content/Assets/AnimeCitySuburbs/Textures/T_Bin_N.uexp" 2097
"D:/UE_project/Blaster/Content/Assets/AnimeCitySuburbs/Textures/T_Bin_ORM.ubulk" 2098
"D:/UE_project/Blaster/Content/Assets/AnimeCitySuburbs/Textures/T_Bin_ORM.uasset" 2099
"D:/UE_project/Blaster/Content/Assets/AnimeCitySuburbs/Textures/T_Bin_ORM.uexp" 2100
"D:/UE_project/Blaster/Content/Assets/AnimeCitySuburbs/Materials/MI_Bin.uasset" 2101
"D:/UE_project/Blaster/Content/Assets/AnimeCitySuburbs/Materials/MI_Bin.uexp" 2102
"D:/UE_project/Blaster/Content/Assets/AnimeCitySuburbs/Models/Props/SM_Bin.ubulk" 2103
"D:/UE_project/Blaster/Content/Assets/AnimeCitySuburbs/Models/Props/SM_Bin.uasset" 2104
"D:/UE_project/Blaster/Content/Assets/AnimeCitySuburbs/Models/Props/SM_Bin.uexp" 2105
"D:/UE_project/Blaster/Content/Assets/AnimeCitySuburbs/Textures/T_Grass_ORM.ubulk" 2106
"D:/UE_project/Blaster/Content/Assets/AnimeCitySuburbs/Textures/T_Grass_ORM.uasset" 2107
"D:/UE_project/Blaster/Content/Assets/AnimeCitySuburbs/Textures/T_Grass_ORM.uexp" 2108
"D:/UE_project/Blaster/Content/Assets/AnimeCitySuburbs/Textures/T_Grass_A.ubulk" 2109
"D:/UE_project/Blaster/Content/Assets/AnimeCitySuburbs/Textures/T_Grass_A.uasset" 2110
"D:/UE_project/Blaster/Content/Assets/AnimeCitySuburbs/Textures/T_Grass_A.uexp" 2111
"D:/UE_project/Blaster/Content/Assets/AnimeCitySuburbs/Textures/T_Grass_N.ubulk" 2112
"D:/UE_project/Blaster/Content/Assets/AnimeCitySuburbs/Textures/T_Grass_N.uasset" 2113
"D:/UE_project/Blaster/Content/Assets/AnimeCitySuburbs/Textures/T_Grass_N.uexp" 2114
"D:/UE_project/Blaster/Content/Assets/AnimeCitySuburbs/Materials/M_ParkHeightBlend.uasset" 2115
"D:/UE_project/Blaster/Content/Assets/AnimeCitySuburbs/Materials/M_ParkHeightBlend.uexp" 2116
"D:/UE_project/Blaster/Content/Assets/AnimeCitySuburbs/Materials/MI_ParkHeightBlend.uasset" 2117
"D:/UE_project/Blaster/Content/Assets/AnimeCitySuburbs/Materials/MI_ParkHeightBlend.uexp" 2118
"D:/UE_project/Blaster/Content/Assets/AnimeCitySuburbs/Models/Shop03/SM_Bench.ubulk" 2119
"D:/UE_project/Blaster/Content/Assets/AnimeCitySuburbs/Models/Shop03/SM_Bench.uasset" 2120
"D:/UE_project/Blaster/Content/Assets/AnimeCitySuburbs/Models/Shop03/SM_Bench.uexp" 2121
"D:/UE_project/Blaster/Content/Assets/AnimeCitySuburbs/Models/BuildingPieces/SM_WallA_02.ubulk" 2122
"D:/UE_project/Blaster/Content/Assets/AnimeCitySuburbs/Models/BuildingPieces/SM_WallA_02.uasset" 2123
"D:/UE_project/Blaster/Content/Assets/AnimeCitySuburbs/Models/BuildingPieces/SM_WallA_02.uexp" 2124
"D:/UE_project/Blaster/Content/Assets/AnimeCitySuburbs/Textures/Vehicles/T_Van_BC.ubulk" 2125
"D:/UE_project/Blaster/Content/Assets/AnimeCitySuburbs/Textures/Vehicles/T_Van_BC.uasset" 2126
"D:/UE_project/Blaster/Content/Assets/AnimeCitySuburbs/Textures/Vehicles/T_Van_BC.uexp" 2127
"D:/UE_project/Blaster/Content/Assets/AnimeCitySuburbs/Textures/Vehicles/T_Van_ORM.ubulk" 2128
"D:/UE_project/Blaster/Content/Assets/AnimeCitySuburbs/Textures/Vehicles/T_Van_ORM.uasset" 2129
"D:/UE_project/Blaster/Content/Assets/AnimeCitySuburbs/Textures/Vehicles/T_Van_ORM.uexp" 2130
"D:/UE_project/Blaster/Content/Assets/AnimeCitySuburbs/Textures/Vehicles/T_Van_N.ubulk" 2131
"D:/UE_project/Blaster/Content/Assets/AnimeCitySuburbs/Textures/Vehicles/T_Van_N.uasset" 2132
"D:/UE_project/Blaster/Content/Assets/AnimeCitySuburbs/Textures/Vehicles/T_Van_N.uexp" 2133
"D:/UE_project/Blaster/Content/Assets/AnimeCitySuburbs/Materials/MI_Van.uasset" 2134
"D:/UE_project/Blaster/Content/Assets/AnimeCitySuburbs/Materials/MI_Van.uexp" 2135
"D:/UE_project/Blaster/Content/Assets/AnimeCitySuburbs/Models/Vehicles/SM_VanTire4.ubulk" 2136
"D:/UE_project/Blaster/Content/Assets/AnimeCitySuburbs/Models/Vehicles/SM_VanTire4.uasset" 2137
"D:/UE_project/Blaster/Content/Assets/AnimeCitySuburbs/Models/Vehicles/SM_VanTire4.uexp" 2138
"D:/UE_project/Blaster/Content/Assets/AnimeCitySuburbs/Models/Vehicles/SM_VanTire3.ubulk" 2139
"D:/UE_project/Blaster/Content/Assets/AnimeCitySuburbs/Models/Vehicles/SM_VanTire3.uasset" 2140
"D:/UE_project/Blaster/Content/Assets/AnimeCitySuburbs/Models/Vehicles/SM_VanTire3.uexp" 2141
"D:/UE_project/Blaster/Content/Assets/AnimeCitySuburbs/Models/Vehicles/SM_Van.ubulk" 2142
"D:/UE_project/Blaster/Content/Assets/AnimeCitySuburbs/Models/Vehicles/SM_Van.uasset" 2143
"D:/UE_project/Blaster/Content/Assets/AnimeCitySuburbs/Models/Vehicles/SM_Van.uexp" 2144
"D:/UE_project/Blaster/Content/Assets/AnimeCitySuburbs/Models/Vehicles/SM_VanTire2.ubulk" 2145
"D:/UE_project/Blaster/Content/Assets/AnimeCitySuburbs/Models/Vehicles/SM_VanTire2.uasset" 2146
"D:/UE_project/Blaster/Content/Assets/AnimeCitySuburbs/Models/Vehicles/SM_VanTire2.uexp" 2147
"D:/UE_project/Blaster/Content/Assets/AnimeCitySuburbs/Models/Vehicles/SM_VanTire1.ubulk" 2148
"D:/UE_project/Blaster/Content/Assets/AnimeCitySuburbs/Models/Vehicles/SM_VanTire1.uasset" 2149
"D:/UE_project/Blaster/Content/Assets/AnimeCitySuburbs/Models/Vehicles/SM_VanTire1.uexp" 2150
"D:/UE_project/Blaster/Content/Assets/AnimeCitySuburbs/Blueprints/Vehicles/BP_Van.uasset" 2151
"D:/UE_project/Blaster/Content/Assets/AnimeCitySuburbs/Blueprints/Vehicles/BP_Van.uexp" 2152
"D:/UE_project/Blaster/Content/Assets/AnimeCitySuburbs/Textures/T_chicken_BC.ubulk" 2153
"D:/UE_project/Blaster/Content/Assets/AnimeCitySuburbs/Textures/T_chicken_BC.uasset" 2154
"D:/UE_project/Blaster/Content/Assets/AnimeCitySuburbs/Textures/T_chicken_BC.uexp" 2155
"D:/UE_project/Blaster/Content/Assets/AnimeCitySuburbs/Materials/M_signs3.uasset" 2156
"D:/UE_project/Blaster/Content/Assets/AnimeCitySuburbs/Materials/M_signs3.uexp" 2157
"D:/UE_project/Blaster/Content/Assets/AnimeCitySuburbs/Models/Props/SM_Sign2.ubulk" 2158
"D:/UE_project/Blaster/Content/Assets/AnimeCitySuburbs/Models/Props/SM_Sign2.uasset" 2159
"D:/UE_project/Blaster/Content/Assets/AnimeCitySuburbs/Models/Props/SM_Sign2.uexp" 2160
"D:/UE_project/Blaster/Content/Assets/AnimeCitySuburbs/Models/RoadProps/SM_RoadBlock01.ubulk" 2161
"D:/UE_project/Blaster/Content/Assets/AnimeCitySuburbs/Models/RoadProps/SM_RoadBlock01.uasset" 2162
"D:/UE_project/Blaster/Content/Assets/AnimeCitySuburbs/Models/RoadProps/SM_RoadBlock01.uexp" 2163
"D:/UE_project/Blaster/Content/Assets/AnimeCitySuburbs/Textures/T_Moss_N.ubulk" 2164
"D:/UE_project/Blaster/Content/Assets/AnimeCitySuburbs/Textures/T_Moss_N.uasset" 2165
"D:/UE_project/Blaster/Content/Assets/AnimeCitySuburbs/Textures/T_Moss_N.uexp" 2166
"D:/UE_project/Blaster/Content/Assets/AnimeCitySuburbs/Textures/T_Moss_BC.ubulk" 2167
"D:/UE_project/Blaster/Content/Assets/AnimeCitySuburbs/Textures/T_Moss_BC.uasset" 2168
"D:/UE_project/Blaster/Content/Assets/AnimeCitySuburbs/Textures/T_Moss_BC.uexp" 2169
"D:/UE_project/Blaster/Content/Assets/AnimeCitySuburbs/Materials/MI_Wall_Blend.uasset" 2170
"D:/UE_project/Blaster/Content/Assets/AnimeCitySuburbs/Materials/MI_Wall_Blend.uexp" 2171
"D:/UE_project/Blaster/Content/Assets/AnimeCitySuburbs/Models/Props/SM_BigStairs.ubulk" 2172
"D:/UE_project/Blaster/Content/Assets/AnimeCitySuburbs/Models/Props/SM_BigStairs.uasset" 2173
"D:/UE_project/Blaster/Content/Assets/AnimeCitySuburbs/Models/Props/SM_BigStairs.uexp" 2174
"D:/UE_project/Blaster/Content/Assets/AnimeCitySuburbs/Models/Vegetation/SM_tree04.ubulk" 2175
"D:/UE_project/Blaster/Content/Assets/AnimeCitySuburbs/Models/Vegetation/SM_tree04.uasset" 2176
"D:/UE_project/Blaster/Content/Assets/AnimeCitySuburbs/Models/Vegetation/SM_tree04.uexp" 2177
"D:/UE_project/Blaster/Content/Assets/AnimeCitySuburbs/Textures/T_FoodVan_N.ubulk" 2178
"D:/UE_project/Blaster/Content/Assets/AnimeCitySuburbs/Textures/T_FoodVan_N.uasset" 2179
"D:/UE_project/Blaster/Content/Assets/AnimeCitySuburbs/Textures/T_FoodVan_N.uexp" 2180
"D:/UE_project/Blaster/Content/Assets/AnimeCitySuburbs/Textures/T_FoodVan_BC.ubulk" 2181
"D:/UE_project/Blaster/Content/Assets/AnimeCitySuburbs/Textures/T_FoodVan_BC.uasset" 2182
"D:/UE_project/Blaster/Content/Assets/AnimeCitySuburbs/Textures/T_FoodVan_BC.uexp" 2183
"D:/UE_project/Blaster/Content/Assets/AnimeCitySuburbs/Textures/T_FoodVan_E.ubulk" 2184
"D:/UE_project/Blaster/Content/Assets/AnimeCitySuburbs/Textures/T_FoodVan_E.uasset" 2185
"D:/UE_project/Blaster/Content/Assets/AnimeCitySuburbs/Textures/T_FoodVan_E.uexp" 2186
"D:/UE_project/Blaster/Content/Assets/AnimeCitySuburbs/Textures/T_FoodVan_ORM.ubulk" 2187
"D:/UE_project/Blaster/Content/Assets/AnimeCitySuburbs/Textures/T_FoodVan_ORM.uasset" 2188
"D:/UE_project/Blaster/Content/Assets/AnimeCitySuburbs/Textures/T_FoodVan_ORM.uexp" 2189
"D:/UE_project/Blaster/Content/Assets/AnimeCitySuburbs/Materials/MI_FoodVan.uasset" 2190
"D:/UE_project/Blaster/Content/Assets/AnimeCitySuburbs/Materials/MI_FoodVan.uexp" 2191
"D:/UE_project/Blaster/Content/Assets/AnimeCitySuburbs/Models/Vehicles/SM_Van_Open_IceCreamMascot.ubulk" 2192
"D:/UE_project/Blaster/Content/Assets/AnimeCitySuburbs/Models/Vehicles/SM_Van_Open_IceCreamMascot.uasset" 2193
"D:/UE_project/Blaster/Content/Assets/AnimeCitySuburbs/Models/Vehicles/SM_Van_Open_IceCreamMascot.uexp" 2194
"D:/UE_project/Blaster/Content/Assets/AnimeCitySuburbs/Textures/Vehicles/T_FoodVanColor_BC.ubulk" 2195
"D:/UE_project/Blaster/Content/Assets/AnimeCitySuburbs/Textures/Vehicles/T_FoodVanColor_BC.uasset" 2196
"D:/UE_project/Blaster/Content/Assets/AnimeCitySuburbs/Textures/Vehicles/T_FoodVanColor_BC.uexp" 2197
"D:/UE_project/Blaster/Content/Assets/AnimeCitySuburbs/Materials/MI_Van4.uasset" 2198
"D:/UE_project/Blaster/Content/Assets/AnimeCitySuburbs/Materials/MI_Van4.uexp" 2199
"D:/UE_project/Blaster/Content/Assets/AnimeCitySuburbs/Models/Vehicles/SM_Van_Open_SM_Van.ubulk" 2200
"D:/UE_project/Blaster/Content/Assets/AnimeCitySuburbs/Models/Vehicles/SM_Van_Open_SM_Van.uasset" 2201
"D:/UE_project/Blaster/Content/Assets/AnimeCitySuburbs/Models/Vehicles/SM_Van_Open_SM_Van.uexp" 2202
"D:/UE_project/Blaster/Content/Assets/AnimeCitySuburbs/Models/Vehicles/SM_Van_Open_VanInside.ubulk" 2203
"D:/UE_project/Blaster/Content/Assets/AnimeCitySuburbs/Models/Vehicles/SM_Van_Open_VanInside.uasset" 2204
"D:/UE_project/Blaster/Content/Assets/AnimeCitySuburbs/Models/Vehicles/SM_Van_Open_VanInside.uexp" 2205
"D:/UE_project/Blaster/Content/Assets/AnimeCitySuburbs/Blueprints/Vehicles/BP_Van1.uasset" 2206
"D:/UE_project/Blaster/Content/Assets/AnimeCitySuburbs/Blueprints/Vehicles/BP_Van1.uexp" 2207
"D:/UE_project/Blaster/Content/Assets/AnimeCitySuburbs/Models/BuildingPieces/SM_Wall03_corner.ubulk" 2208
"D:/UE_project/Blaster/Content/Assets/AnimeCitySuburbs/Models/BuildingPieces/SM_Wall03_corner.uasset" 2209
"D:/UE_project/Blaster/Content/Assets/AnimeCitySuburbs/Models/BuildingPieces/SM_Wall03_corner.uexp" 2210
"D:/UE_project/Blaster/Content/Assets/AnimeCitySuburbs/Models/BuildingPieces/SM_RoofD_02.ubulk" 2211
"D:/UE_project/Blaster/Content/Assets/AnimeCitySuburbs/Models/BuildingPieces/SM_RoofD_02.uasset" 2212
"D:/UE_project/Blaster/Content/Assets/AnimeCitySuburbs/Models/BuildingPieces/SM_RoofD_02.uexp" 2213
"D:/UE_project/Blaster/Content/Assets/AnimeCitySuburbs/Textures/T_Clay_ORM.ubulk" 2214
"D:/UE_project/Blaster/Content/Assets/AnimeCitySuburbs/Textures/T_Clay_ORM.uasset" 2215
"D:/UE_project/Blaster/Content/Assets/AnimeCitySuburbs/Textures/T_Clay_ORM.uexp" 2216
"D:/UE_project/Blaster/Content/Assets/AnimeCitySuburbs/Textures/T_Clay_N.ubulk" 2217
"D:/UE_project/Blaster/Content/Assets/AnimeCitySuburbs/Textures/T_Clay_N.uasset" 2218
"D:/UE_project/Blaster/Content/Assets/AnimeCitySuburbs/Textures/T_Clay_N.uexp" 2219
"D:/UE_project/Blaster/Content/Assets/AnimeCitySuburbs/Textures/T_Clay_A.ubulk" 2220
"D:/UE_project/Blaster/Content/Assets/AnimeCitySuburbs/Textures/T_Clay_A.uasset" 2221
"D:/UE_project/Blaster/Content/Assets/AnimeCitySuburbs/Textures/T_Clay_A.uexp" 2222
"D:/UE_project/Blaster/Content/Assets/AnimeCitySuburbs/Materials/MI_Clay.uasset" 2223
"D:/UE_project/Blaster/Content/Assets/AnimeCitySuburbs/Materials/MI_Clay.uexp" 2224
"D:/UE_project/Blaster/Content/Assets/AnimeCitySuburbs/Textures/Posters/T_shop02text_e.ubulk" 2225
"D:/UE_project/Blaster/Content/Assets/AnimeCitySuburbs/Textures/Posters/T_shop02text_e.uasset" 2226
"D:/UE_project/Blaster/Content/Assets/AnimeCitySuburbs/Textures/Posters/T_shop02text_e.uexp" 2227
"D:/UE_project/Blaster/Content/Assets/AnimeCitySuburbs/Textures/Posters/T_shop02text_bc.ubulk" 2228
"D:/UE_project/Blaster/Content/Assets/AnimeCitySuburbs/Textures/Posters/T_shop02text_bc.uasset" 2229
"D:/UE_project/Blaster/Content/Assets/AnimeCitySuburbs/Textures/Posters/T_shop02text_bc.uexp" 2230
"D:/UE_project/Blaster/Content/Assets/AnimeCitySuburbs/Materials/ShopPosters/MI_Shop02_Poster.uasset" 2231
"D:/UE_project/Blaster/Content/Assets/AnimeCitySuburbs/Materials/ShopPosters/MI_Shop02_Poster.uexp" 2232
"D:/UE_project/Blaster/Content/Assets/AnimeCitySuburbs/Models/Shop02/SM_Flag.ubulk" 2233
"D:/UE_project/Blaster/Content/Assets/AnimeCitySuburbs/Models/Shop02/SM_Flag.uasset" 2234
"D:/UE_project/Blaster/Content/Assets/AnimeCitySuburbs/Models/Shop02/SM_Flag.uexp" 2235
"D:/UE_project/Blaster/Content/Assets/AnimeCitySuburbs/Models/Props/SM_WindowRoof1.ubulk" 2236
"D:/UE_project/Blaster/Content/Assets/AnimeCitySuburbs/Models/Props/SM_WindowRoof1.uasset" 2237
"D:/UE_project/Blaster/Content/Assets/AnimeCitySuburbs/Models/Props/SM_WindowRoof1.uexp" 2238
"D:/UE_project/Blaster/Content/Assets/AnimeCitySuburbs/Models/BGBuildings/SM_BGBuilding3.ubulk" 2239
"D:/UE_project/Blaster/Content/Assets/AnimeCitySuburbs/Models/BGBuildings/SM_BGBuilding3.uasset" 2240
"D:/UE_project/Blaster/Content/Assets/AnimeCitySuburbs/Models/BGBuildings/SM_BGBuilding3.uexp" 2241
"D:/UE_project/Blaster/Content/Assets/AnimeCitySuburbs/Models/Road/SM_Sidewalk02_end.ubulk" 2242
"D:/UE_project/Blaster/Content/Assets/AnimeCitySuburbs/Models/Road/SM_Sidewalk02_end.uasset" 2243
"D:/UE_project/Blaster/Content/Assets/AnimeCitySuburbs/Models/Road/SM_Sidewalk02_end.uexp" 2244
"D:/UE_project/Blaster/Content/Assets/AnimeCitySuburbs/Models/Decals/SM_StreetMarkings_Writing2.ubulk" 2245
"D:/UE_project/Blaster/Content/Assets/AnimeCitySuburbs/Models/Decals/SM_StreetMarkings_Writing2.uasset" 2246
"D:/UE_project/Blaster/Content/Assets/AnimeCitySuburbs/Models/Decals/SM_StreetMarkings_Writing2.uexp" 2247
"D:/UE_project/Blaster/Content/Assets/AnimeCitySuburbs/Models/Shop03/SM_FishDoor.ubulk" 2248
"D:/UE_project/Blaster/Content/Assets/AnimeCitySuburbs/Models/Shop03/SM_FishDoor.uasset" 2249
"D:/UE_project/Blaster/Content/Assets/AnimeCitySuburbs/Models/Shop03/SM_FishDoor.uexp" 2250
"D:/UE_project/Blaster/Content/Assets/BalticVFX_MagicCirclesToolkit/Textures/mask_streakyFade.uasset" 2251
"D:/UE_project/Blaster/Content/Assets/BalticVFX_MagicCirclesToolkit/Textures/mask_streakyFade.uexp" 2252
"D:/UE_project/Blaster/Content/Assets/BalticVFX_MagicCirclesToolkit/Materials/Master/M_FX_Streaks.uasset" 2253
"D:/UE_project/Blaster/Content/Assets/BalticVFX_MagicCirclesToolkit/Materials/Master/M_FX_Streaks.uexp" 2254
"D:/UE_project/Blaster/Content/Assets/BalticVFX_MagicCirclesToolkit/Meshes/Shapes/SM_FX_RuneRing_Ground.ubulk" 2255
"D:/UE_project/Blaster/Content/Assets/BalticVFX_MagicCirclesToolkit/Meshes/Shapes/SM_FX_RuneRing_Ground.uasset" 2256
"D:/UE_project/Blaster/Content/Assets/BalticVFX_MagicCirclesToolkit/Meshes/Shapes/SM_FX_RuneRing_Ground.uexp" 2257
"../../../Engine/Plugins/FX/Niagara/Content/VectorFields/Assets/TilingCurl32.uasset" 2258
"../../../Engine/Plugins/FX/Niagara/Content/VectorFields/Assets/TilingCurl32.uexp" 2259
"../../../Engine/Plugins/FX/Niagara/Content/Enums/ENiagaraCurlNoiseQuality.uasset" 2260
"../../../Engine/Plugins/FX/Niagara/Content/Enums/ENiagaraCurlNoiseQuality.uexp" 2261
"../../../Engine/Plugins/FX/Niagara/Content/VectorFields/Assets/TilingCurl64.uasset" 2262
"../../../Engine/Plugins/FX/Niagara/Content/VectorFields/Assets/TilingCurl64.uexp" 2263
"../../../Engine/Plugins/FX/Niagara/Content/VectorFields/Assets/TilingCurl16.uasset" 2264
"../../../Engine/Plugins/FX/Niagara/Content/VectorFields/Assets/TilingCurl16.uexp" 2265
"D:/UE_project/Blaster/Content/Assets/BalticVFX_MagicCirclesToolkit/Materials/Instances/MI_Line_Script_Polygon_fine.uasset" 2266
"D:/UE_project/Blaster/Content/Assets/BalticVFX_MagicCirclesToolkit/Materials/Instances/MI_Line_Script_Polygon_fine.uexp" 2267
"D:/UE_project/Blaster/Content/Assets/BalticVFX_MagicCirclesToolkit/Meshes/Shapes/PolygramBands/SM_Baltic_MagicCircle_Polygrams_All_star8_wide.ubulk" 2268
"D:/UE_project/Blaster/Content/Assets/BalticVFX_MagicCirclesToolkit/Meshes/Shapes/PolygramBands/SM_Baltic_MagicCircle_Polygrams_All_star8_wide.uasset" 2269
"D:/UE_project/Blaster/Content/Assets/BalticVFX_MagicCirclesToolkit/Meshes/Shapes/PolygramBands/SM_Baltic_MagicCircle_Polygrams_All_star8_wide.uexp" 2270
"D:/UE_project/Blaster/Content/Assets/BalticVFX_MagicCirclesToolkit/Particles/NS_CircleExample3.uasset" 2271
"D:/UE_project/Blaster/Content/Assets/BalticVFX_MagicCirclesToolkit/Particles/NS_CircleExample3.uexp" 2272
"D:/UE_project/Blaster/Content/Blueprint/CaptureTheFlag/BP_BlueFlagZone.uasset" 2273
"D:/UE_project/Blaster/Content/Blueprint/CaptureTheFlag/BP_BlueFlagZone.uexp" 2274
"D:/UE_project/Blaster/Content/Assets/AnimeCitySuburbs/Textures/T_Crab_ORM.ubulk" 2275
"D:/UE_project/Blaster/Content/Assets/AnimeCitySuburbs/Textures/T_Crab_ORM.uasset" 2276
"D:/UE_project/Blaster/Content/Assets/AnimeCitySuburbs/Textures/T_Crab_ORM.uexp" 2277
"D:/UE_project/Blaster/Content/Assets/AnimeCitySuburbs/Textures/T_Crab_N.ubulk" 2278
"D:/UE_project/Blaster/Content/Assets/AnimeCitySuburbs/Textures/T_Crab_N.uasset" 2279
"D:/UE_project/Blaster/Content/Assets/AnimeCitySuburbs/Textures/T_Crab_N.uexp" 2280
"D:/UE_project/Blaster/Content/Assets/AnimeCitySuburbs/Textures/T_Crab_D.ubulk" 2281
"D:/UE_project/Blaster/Content/Assets/AnimeCitySuburbs/Textures/T_Crab_D.uasset" 2282
"D:/UE_project/Blaster/Content/Assets/AnimeCitySuburbs/Textures/T_Crab_D.uexp" 2283
"D:/UE_project/Blaster/Content/Assets/AnimeCitySuburbs/Materials/MI_Crab.uasset" 2284
"D:/UE_project/Blaster/Content/Assets/AnimeCitySuburbs/Materials/MI_Crab.uexp" 2285
"D:/UE_project/Blaster/Content/Assets/AnimeCitySuburbs/Models/Vehicles/SM_CarTire1.ubulk" 2286
"D:/UE_project/Blaster/Content/Assets/AnimeCitySuburbs/Models/Vehicles/SM_CarTire1.uasset" 2287
"D:/UE_project/Blaster/Content/Assets/AnimeCitySuburbs/Models/Vehicles/SM_CarTire1.uexp" 2288
"D:/UE_project/Blaster/Content/Assets/AnimeCitySuburbs/Models/Vehicles/SM_Car.ubulk" 2289
"D:/UE_project/Blaster/Content/Assets/AnimeCitySuburbs/Models/Vehicles/SM_Car.uasset" 2290
"D:/UE_project/Blaster/Content/Assets/AnimeCitySuburbs/Models/Vehicles/SM_Car.uexp" 2291
"D:/UE_project/Blaster/Content/Assets/AnimeCitySuburbs/Models/Vehicles/SM_CarTire2.ubulk" 2292
"D:/UE_project/Blaster/Content/Assets/AnimeCitySuburbs/Models/Vehicles/SM_CarTire2.uasset" 2293
"D:/UE_project/Blaster/Content/Assets/AnimeCitySuburbs/Models/Vehicles/SM_CarTire2.uexp" 2294
"D:/UE_project/Blaster/Content/Assets/AnimeCitySuburbs/Models/Vehicles/SM_CarTire3.ubulk" 2295
"D:/UE_project/Blaster/Content/Assets/AnimeCitySuburbs/Models/Vehicles/SM_CarTire3.uasset" 2296
"D:/UE_project/Blaster/Content/Assets/AnimeCitySuburbs/Models/Vehicles/SM_CarTire3.uexp" 2297
"D:/UE_project/Blaster/Content/Assets/AnimeCitySuburbs/Models/Vehicles/SM_CarTire4.ubulk" 2298
"D:/UE_project/Blaster/Content/Assets/AnimeCitySuburbs/Models/Vehicles/SM_CarTire4.uasset" 2299
"D:/UE_project/Blaster/Content/Assets/AnimeCitySuburbs/Models/Vehicles/SM_CarTire4.uexp" 2300
"D:/UE_project/Blaster/Content/Assets/AnimeCitySuburbs/Blueprints/Vehicles/BP_Car.uasset" 2301
"D:/UE_project/Blaster/Content/Assets/AnimeCitySuburbs/Blueprints/Vehicles/BP_Car.uexp" 2302
"D:/UE_project/Blaster/Content/Assets/AnimeCitySuburbs/Textures/T_FastFoodStand_N.ubulk" 2303
"D:/UE_project/Blaster/Content/Assets/AnimeCitySuburbs/Textures/T_FastFoodStand_N.uasset" 2304
"D:/UE_project/Blaster/Content/Assets/AnimeCitySuburbs/Textures/T_FastFoodStand_N.uexp" 2305
"D:/UE_project/Blaster/Content/Assets/AnimeCitySuburbs/Textures/T_FastFoodStand_E.ubulk" 2306
"D:/UE_project/Blaster/Content/Assets/AnimeCitySuburbs/Textures/T_FastFoodStand_E.uasset" 2307
"D:/UE_project/Blaster/Content/Assets/AnimeCitySuburbs/Textures/T_FastFoodStand_E.uexp" 2308
"D:/UE_project/Blaster/Content/Assets/AnimeCitySuburbs/Textures/T_FastFoodStand_ORM.ubulk" 2309
"D:/UE_project/Blaster/Content/Assets/AnimeCitySuburbs/Textures/T_FastFoodStand_ORM.uasset" 2310
"D:/UE_project/Blaster/Content/Assets/AnimeCitySuburbs/Textures/T_FastFoodStand_ORM.uexp" 2311
"D:/UE_project/Blaster/Content/Assets/AnimeCitySuburbs/Textures/T_FastFoodStand01_BC.ubulk" 2312
"D:/UE_project/Blaster/Content/Assets/AnimeCitySuburbs/Textures/T_FastFoodStand01_BC.uasset" 2313
"D:/UE_project/Blaster/Content/Assets/AnimeCitySuburbs/Textures/T_FastFoodStand01_BC.uexp" 2314
"D:/UE_project/Blaster/Content/Assets/AnimeCitySuburbs/Materials/MI_FastFoodStand02.uasset" 2315
"D:/UE_project/Blaster/Content/Assets/AnimeCitySuburbs/Materials/MI_FastFoodStand02.uexp" 2316
"D:/UE_project/Blaster/Content/Assets/AnimeCitySuburbs/Materials/MI_Leaves03.uasset" 2317
"D:/UE_project/Blaster/Content/Assets/AnimeCitySuburbs/Materials/MI_Leaves03.uexp" 2318
"D:/UE_project/Blaster/Content/Assets/AnimeCitySuburbs/Models/Vegetation/SM_tree03.ubulk" 2319
"D:/UE_project/Blaster/Content/Assets/AnimeCitySuburbs/Models/Vegetation/SM_tree03.uasset" 2320
"D:/UE_project/Blaster/Content/Assets/AnimeCitySuburbs/Models/Vegetation/SM_tree03.uexp" 2321
"D:/UE_project/Blaster/Content/Assets/AnimeCitySuburbs/Models/BuildingPieces/SM_Wall2.ubulk" 2322
"D:/UE_project/Blaster/Content/Assets/AnimeCitySuburbs/Models/BuildingPieces/SM_Wall2.uasset" 2323
"D:/UE_project/Blaster/Content/Assets/AnimeCitySuburbs/Models/BuildingPieces/SM_Wall2.uexp" 2324
"D:/UE_project/Blaster/Content/Assets/AnimeCitySuburbs/Textures/T_roadsideleaves03.ubulk" 2325
"D:/UE_project/Blaster/Content/Assets/AnimeCitySuburbs/Textures/T_roadsideleaves03.uasset" 2326
"D:/UE_project/Blaster/Content/Assets/AnimeCitySuburbs/Textures/T_roadsideleaves03.uexp" 2327
"D:/UE_project/Blaster/Content/Assets/AnimeCitySuburbs/Materials/M_LeavesOnGround03.uasset" 2328
"D:/UE_project/Blaster/Content/Assets/AnimeCitySuburbs/Materials/M_LeavesOnGround03.uexp" 2329
"D:/UE_project/Blaster/Content/Assets/AnimeCitySuburbs/Materials/MI_Clay02.uasset" 2330
"D:/UE_project/Blaster/Content/Assets/AnimeCitySuburbs/Materials/MI_Clay02.uexp" 2331
"D:/UE_project/Blaster/Content/Assets/AnimeCitySuburbs/Materials/MI_Clay03.uasset" 2332
"D:/UE_project/Blaster/Content/Assets/AnimeCitySuburbs/Materials/MI_Clay03.uexp" 2333
"D:/UE_project/Blaster/Content/Assets/AnimeCitySuburbs/Models/Props/SM_Wires.ubulk" 2334
"D:/UE_project/Blaster/Content/Assets/AnimeCitySuburbs/Models/Props/SM_Wires.uasset" 2335
"D:/UE_project/Blaster/Content/Assets/AnimeCitySuburbs/Models/Props/SM_Wires.uexp" 2336
"D:/UE_project/Blaster/Content/Assets/AnimeCitySuburbs/Models/BuildingPieces/SM_WallB_01.ubulk" 2337
"D:/UE_project/Blaster/Content/Assets/AnimeCitySuburbs/Models/BuildingPieces/SM_WallB_01.uasset" 2338
"D:/UE_project/Blaster/Content/Assets/AnimeCitySuburbs/Models/BuildingPieces/SM_WallB_01.uexp" 2339
"D:/UE_project/Blaster/Content/Assets/AnimeCitySuburbs/Models/BuildingPieces/SM_WallG_02.ubulk" 2340
"D:/UE_project/Blaster/Content/Assets/AnimeCitySuburbs/Models/BuildingPieces/SM_WallG_02.uasset" 2341
"D:/UE_project/Blaster/Content/Assets/AnimeCitySuburbs/Models/BuildingPieces/SM_WallG_02.uexp" 2342
"D:/UE_project/Blaster/Content/Assets/AnimeCitySuburbs/Models/Props/SM_WindowRoof2.ubulk" 2343
"D:/UE_project/Blaster/Content/Assets/AnimeCitySuburbs/Models/Props/SM_WindowRoof2.uasset" 2344
"D:/UE_project/Blaster/Content/Assets/AnimeCitySuburbs/Models/Props/SM_WindowRoof2.uexp" 2345
"D:/UE_project/Blaster/Content/Assets/AnimeCitySuburbs/Materials/MI_Bicycle_Orange.uasset" 2346
"D:/UE_project/Blaster/Content/Assets/AnimeCitySuburbs/Materials/MI_Bicycle_Orange.uexp" 2347
"D:/UE_project/Blaster/Content/Assets/AnimeCitySuburbs/Models/BuildingPieces/SM_Ledge02.ubulk" 2348
"D:/UE_project/Blaster/Content/Assets/AnimeCitySuburbs/Models/BuildingPieces/SM_Ledge02.uasset" 2349
"D:/UE_project/Blaster/Content/Assets/AnimeCitySuburbs/Models/BuildingPieces/SM_Ledge02.uexp" 2350
"D:/UE_project/Blaster/Content/Assets/AnimeCitySuburbs/Textures/T_TunnelText_A.ubulk" 2351
"D:/UE_project/Blaster/Content/Assets/AnimeCitySuburbs/Textures/T_TunnelText_A.uasset" 2352
"D:/UE_project/Blaster/Content/Assets/AnimeCitySuburbs/Textures/T_TunnelText_A.uexp" 2353
"D:/UE_project/Blaster/Content/Assets/AnimeCitySuburbs/Materials/M_TunnelText.uasset" 2354
"D:/UE_project/Blaster/Content/Assets/AnimeCitySuburbs/Materials/M_TunnelText.uexp" 2355
"D:/UE_project/Blaster/Content/Assets/AnimeCitySuburbs/Models/SM_Tunnel.ubulk" 2356
"D:/UE_project/Blaster/Content/Assets/AnimeCitySuburbs/Models/SM_Tunnel.uasset" 2357
"D:/UE_project/Blaster/Content/Assets/AnimeCitySuburbs/Models/SM_Tunnel.uexp" 2358
"D:/UE_project/Blaster/Content/Assets/AnimeCitySuburbs/Textures/Vehicles/T_Car_Red_BC.ubulk" 2359
"D:/UE_project/Blaster/Content/Assets/AnimeCitySuburbs/Textures/Vehicles/T_Car_Red_BC.uasset" 2360
"D:/UE_project/Blaster/Content/Assets/AnimeCitySuburbs/Textures/Vehicles/T_Car_Red_BC.uexp" 2361
"D:/UE_project/Blaster/Content/Assets/AnimeCitySuburbs/Materials/MI_Car_Red.uasset" 2362
"D:/UE_project/Blaster/Content/Assets/AnimeCitySuburbs/Materials/MI_Car_Red.uexp" 2363
"D:/UE_project/Blaster/Content/Assets/AnimeCitySuburbs/Models/Props/SM_Pipe1.ubulk" 2364
"D:/UE_project/Blaster/Content/Assets/AnimeCitySuburbs/Models/Props/SM_Pipe1.uasset" 2365
"D:/UE_project/Blaster/Content/Assets/AnimeCitySuburbs/Models/Props/SM_Pipe1.uexp" 2366
"D:/UE_project/Blaster/Content/Assets/AnimeCitySuburbs/Models/Shop04/SM_food_01.ubulk" 2367
"D:/UE_project/Blaster/Content/Assets/AnimeCitySuburbs/Models/Shop04/SM_food_01.uasset" 2368
"D:/UE_project/Blaster/Content/Assets/AnimeCitySuburbs/Models/Shop04/SM_food_01.uexp" 2369
"D:/UE_project/Blaster/Content/Assets/AnimeCitySuburbs/Models/Shop04/SM_food_04.ubulk" 2370
"D:/UE_project/Blaster/Content/Assets/AnimeCitySuburbs/Models/Shop04/SM_food_04.uasset" 2371
"D:/UE_project/Blaster/Content/Assets/AnimeCitySuburbs/Models/Shop04/SM_food_04.uexp" 2372
"D:/UE_project/Blaster/Content/Assets/AnimeCitySuburbs/Models/Shop04/SM_food_02.ubulk" 2373
"D:/UE_project/Blaster/Content/Assets/AnimeCitySuburbs/Models/Shop04/SM_food_02.uasset" 2374
"D:/UE_project/Blaster/Content/Assets/AnimeCitySuburbs/Models/Shop04/SM_food_02.uexp" 2375
"D:/UE_project/Blaster/Content/Assets/AnimeCitySuburbs/Models/Shop04/SM_booth.ubulk" 2376
"D:/UE_project/Blaster/Content/Assets/AnimeCitySuburbs/Models/Shop04/SM_booth.uasset" 2377
"D:/UE_project/Blaster/Content/Assets/AnimeCitySuburbs/Models/Shop04/SM_booth.uexp" 2378
"D:/UE_project/Blaster/Content/Assets/AnimeCitySuburbs/Textures/T_BoothText_BC.uasset" 2379
"D:/UE_project/Blaster/Content/Assets/AnimeCitySuburbs/Textures/T_BoothText_BC.uexp" 2380
"D:/UE_project/Blaster/Content/Assets/AnimeCitySuburbs/Materials/MI_BoothDecal.uasset" 2381
"D:/UE_project/Blaster/Content/Assets/AnimeCitySuburbs/Materials/MI_BoothDecal.uexp" 2382
"D:/UE_project/Blaster/Content/Assets/AnimeCitySuburbs/Models/Shop04/SM_food_03.ubulk" 2383
"D:/UE_project/Blaster/Content/Assets/AnimeCitySuburbs/Models/Shop04/SM_food_03.uasset" 2384
"D:/UE_project/Blaster/Content/Assets/AnimeCitySuburbs/Models/Shop04/SM_food_03.uexp" 2385
"D:/UE_project/Blaster/Content/Assets/AnimeCitySuburbs/Models/Shop04/SM_boothTable.ubulk" 2386
"D:/UE_project/Blaster/Content/Assets/AnimeCitySuburbs/Models/Shop04/SM_boothTable.uasset" 2387
"D:/UE_project/Blaster/Content/Assets/AnimeCitySuburbs/Models/Shop04/SM_boothTable.uexp" 2388
"D:/UE_project/Blaster/Content/Assets/AnimeCitySuburbs/Textures/T_BoothText2_BC.ubulk" 2389
"D:/UE_project/Blaster/Content/Assets/AnimeCitySuburbs/Textures/T_BoothText2_BC.uasset" 2390
"D:/UE_project/Blaster/Content/Assets/AnimeCitySuburbs/Textures/T_BoothText2_BC.uexp" 2391
"D:/UE_project/Blaster/Content/Assets/AnimeCitySuburbs/Materials/MI_BoothDecal2.uasset" 2392
"D:/UE_project/Blaster/Content/Assets/AnimeCitySuburbs/Materials/MI_BoothDecal2.uexp" 2393
"D:/UE_project/Blaster/Content/Assets/AnimeCitySuburbs/Models/Shop04/SM_crate_02.ubulk" 2394
"D:/UE_project/Blaster/Content/Assets/AnimeCitySuburbs/Models/Shop04/SM_crate_02.uasset" 2395
"D:/UE_project/Blaster/Content/Assets/AnimeCitySuburbs/Models/Shop04/SM_crate_02.uexp" 2396
"D:/UE_project/Blaster/Content/Assets/AnimeCitySuburbs/Blueprints/Shop/BP_StreetVendor01.uasset" 2397
"D:/UE_project/Blaster/Content/Assets/AnimeCitySuburbs/Blueprints/Shop/BP_StreetVendor01.uexp" 2398
"D:/UE_project/Blaster/Content/Assets/AnimeCitySuburbs/Models/BuildingPieces/SM_WallB_03.ubulk" 2399
"D:/UE_project/Blaster/Content/Assets/AnimeCitySuburbs/Models/BuildingPieces/SM_WallB_03.uasset" 2400
"D:/UE_project/Blaster/Content/Assets/AnimeCitySuburbs/Models/BuildingPieces/SM_WallB_03.uexp" 2401
"D:/UE_project/Blaster/Content/Assets/AnimeCitySuburbs/Models/Vegetation/SM_tree01.ubulk" 2402
"D:/UE_project/Blaster/Content/Assets/AnimeCitySuburbs/Models/Vegetation/SM_tree01.uasset" 2403
"D:/UE_project/Blaster/Content/Assets/AnimeCitySuburbs/Models/Vegetation/SM_tree01.uexp" 2404
"D:/UE_project/Blaster/Content/Assets/AnimeCitySuburbs/Models/Vegetation/SM_Bush01.ubulk" 2405
"D:/UE_project/Blaster/Content/Assets/AnimeCitySuburbs/Models/Vegetation/SM_Bush01.uasset" 2406
"D:/UE_project/Blaster/Content/Assets/AnimeCitySuburbs/Models/Vegetation/SM_Bush01.uexp" 2407
"D:/UE_project/Blaster/Content/Assets/AnimeCitySuburbs/Models/Props/SM_StreetSign2.ubulk" 2408
"D:/UE_project/Blaster/Content/Assets/AnimeCitySuburbs/Models/Props/SM_StreetSign2.uasset" 2409
"D:/UE_project/Blaster/Content/Assets/AnimeCitySuburbs/Models/Props/SM_StreetSign2.uexp" 2410
"../../../Engine/Plugins/FX/Niagara/Content/DefaultAssets/DefaultSpriteMaterial.uasset" 2411
"../../../Engine/Plugins/FX/Niagara/Content/DefaultAssets/DefaultSpriteMaterial.uexp" 2412
"../../../Engine/Plugins/FX/Niagara/Content/Enums/SpriteRenderer/ENiagara_ScaleSpriteSize.uasset" 2413
"../../../Engine/Plugins/FX/Niagara/Content/Enums/SpriteRenderer/ENiagara_ScaleSpriteSize.uexp" 2414
"D:/UE_project/Blaster/Content/Assets/AnimeCitySuburbs/FX/NS_PufferTruster.uasset" 2415
"D:/UE_project/Blaster/Content/Assets/AnimeCitySuburbs/FX/NS_PufferTruster.uexp" 2416
"D:/UE_project/Blaster/Content/Assets/AnimeCitySuburbs/Textures/T_Blimp_N.ubulk" 2417
"D:/UE_project/Blaster/Content/Assets/AnimeCitySuburbs/Textures/T_Blimp_N.uasset" 2418
"D:/UE_project/Blaster/Content/Assets/AnimeCitySuburbs/Textures/T_Blimp_N.uexp" 2419
"D:/UE_project/Blaster/Content/Assets/AnimeCitySuburbs/Textures/T_Blimp_E.ubulk" 2420
"D:/UE_project/Blaster/Content/Assets/AnimeCitySuburbs/Textures/T_Blimp_E.uasset" 2421
"D:/UE_project/Blaster/Content/Assets/AnimeCitySuburbs/Textures/T_Blimp_E.uexp" 2422
"D:/UE_project/Blaster/Content/Assets/AnimeCitySuburbs/Textures/T_Blimp_ORM.ubulk" 2423
"D:/UE_project/Blaster/Content/Assets/AnimeCitySuburbs/Textures/T_Blimp_ORM.uasset" 2424
"D:/UE_project/Blaster/Content/Assets/AnimeCitySuburbs/Textures/T_Blimp_ORM.uexp" 2425
"D:/UE_project/Blaster/Content/Assets/AnimeCitySuburbs/Textures/T_Blimp_BC.ubulk" 2426
"D:/UE_project/Blaster/Content/Assets/AnimeCitySuburbs/Textures/T_Blimp_BC.uasset" 2427
"D:/UE_project/Blaster/Content/Assets/AnimeCitySuburbs/Textures/T_Blimp_BC.uexp" 2428
"D:/UE_project/Blaster/Content/Assets/AnimeCitySuburbs/Materials/MI_PufferBalloon.uasset" 2429
"D:/UE_project/Blaster/Content/Assets/AnimeCitySuburbs/Materials/MI_PufferBalloon.uexp" 2430
"D:/UE_project/Blaster/Content/Assets/AnimeCitySuburbs/Textures/T_BlimpCabin_ORM.ubulk" 2431
"D:/UE_project/Blaster/Content/Assets/AnimeCitySuburbs/Textures/T_BlimpCabin_ORM.uasset" 2432
"D:/UE_project/Blaster/Content/Assets/AnimeCitySuburbs/Textures/T_BlimpCabin_ORM.uexp" 2433
"D:/UE_project/Blaster/Content/Assets/AnimeCitySuburbs/Textures/T_BlimpCabin_N.ubulk" 2434
"D:/UE_project/Blaster/Content/Assets/AnimeCitySuburbs/Textures/T_BlimpCabin_N.uasset" 2435
"D:/UE_project/Blaster/Content/Assets/AnimeCitySuburbs/Textures/T_BlimpCabin_N.uexp" 2436
"D:/UE_project/Blaster/Content/Assets/AnimeCitySuburbs/Textures/T_BlimpCabin_E.ubulk" 2437
"D:/UE_project/Blaster/Content/Assets/AnimeCitySuburbs/Textures/T_BlimpCabin_E.uasset" 2438
"D:/UE_project/Blaster/Content/Assets/AnimeCitySuburbs/Textures/T_BlimpCabin_E.uexp" 2439
"D:/UE_project/Blaster/Content/Assets/AnimeCitySuburbs/Textures/T_BlimpCabin_BC.ubulk" 2440
"D:/UE_project/Blaster/Content/Assets/AnimeCitySuburbs/Textures/T_BlimpCabin_BC.uasset" 2441
"D:/UE_project/Blaster/Content/Assets/AnimeCitySuburbs/Textures/T_BlimpCabin_BC.uexp" 2442
"D:/UE_project/Blaster/Content/Assets/AnimeCitySuburbs/Materials/MI_PufferBalloonCabin.uasset" 2443
"D:/UE_project/Blaster/Content/Assets/AnimeCitySuburbs/Materials/MI_PufferBalloonCabin.uexp" 2444
"D:/UE_project/Blaster/Content/Assets/AnimeCitySuburbs/Models/SM_PufferFishBalloon.ubulk" 2445
"D:/UE_project/Blaster/Content/Assets/AnimeCitySuburbs/Models/SM_PufferFishBalloon.uasset" 2446
"D:/UE_project/Blaster/Content/Assets/AnimeCitySuburbs/Models/SM_PufferFishBalloon.uexp" 2447
"../../../Engine/Content/BasicShapes/Cube.ubulk" 2448
"../../../Engine/Content/BasicShapes/Cube.uasset" 2449
"../../../Engine/Content/BasicShapes/Cube.uexp" 2450
"../../../Engine/Content/BasicShapes/BasicShapeMaterial.uasset" 2451
"../../../Engine/Content/BasicShapes/BasicShapeMaterial.uexp" 2452
"D:/UE_project/Blaster/Content/Assets/AnimeCitySuburbs/Blueprints/PufferBalloon/BP_FollowSpline.uasset" 2453
"D:/UE_project/Blaster/Content/Assets/AnimeCitySuburbs/Blueprints/PufferBalloon/BP_FollowSpline.uexp" 2454
"D:/UE_project/Blaster/Content/Assets/AnimeCitySuburbs/Blueprints/PufferBalloon/BP_PufferFishPatrol.uasset" 2455
"D:/UE_project/Blaster/Content/Assets/AnimeCitySuburbs/Blueprints/PufferBalloon/BP_PufferFishPatrol.uexp" 2456
"D:/UE_project/Blaster/Content/Assets/AnimeCitySuburbs/Models/Road/SM_Sidewalk01_end.ubulk" 2457
"D:/UE_project/Blaster/Content/Assets/AnimeCitySuburbs/Models/Road/SM_Sidewalk01_end.uasset" 2458
"D:/UE_project/Blaster/Content/Assets/AnimeCitySuburbs/Models/Road/SM_Sidewalk01_end.uexp" 2459
"D:/UE_project/Blaster/Content/Assets/AnimeCitySuburbs/Models/Props/SM_SignWalk.ubulk" 2460
"D:/UE_project/Blaster/Content/Assets/AnimeCitySuburbs/Models/Props/SM_SignWalk.uasset" 2461
"D:/UE_project/Blaster/Content/Assets/AnimeCitySuburbs/Models/Props/SM_SignWalk.uexp" 2462
"D:/UE_project/Blaster/Content/Assets/AnimeCitySuburbs/Models/Fence/SM_Fence06_pillar.ubulk" 2463
"D:/UE_project/Blaster/Content/Assets/AnimeCitySuburbs/Models/Fence/SM_Fence06_pillar.uasset" 2464
"D:/UE_project/Blaster/Content/Assets/AnimeCitySuburbs/Models/Fence/SM_Fence06_pillar.uexp" 2465
"D:/UE_project/Blaster/Content/Assets/AnimeCitySuburbs/Models/RoadProps/SM_Pipe02.ubulk" 2466
"D:/UE_project/Blaster/Content/Assets/AnimeCitySuburbs/Models/RoadProps/SM_Pipe02.uasset" 2467
"D:/UE_project/Blaster/Content/Assets/AnimeCitySuburbs/Models/RoadProps/SM_Pipe02.uexp" 2468
"D:/UE_project/Blaster/Content/Assets/AnimeCitySuburbs/Models/Fence/SM_Pillar01.ubulk" 2469
"D:/UE_project/Blaster/Content/Assets/AnimeCitySuburbs/Models/Fence/SM_Pillar01.uasset" 2470
"D:/UE_project/Blaster/Content/Assets/AnimeCitySuburbs/Models/Fence/SM_Pillar01.uexp" 2471
"D:/UE_project/Blaster/Content/Assets/AnimeCitySuburbs/Models/SM_House02.ubulk" 2472
"D:/UE_project/Blaster/Content/Assets/AnimeCitySuburbs/Models/SM_House02.uasset" 2473
"D:/UE_project/Blaster/Content/Assets/AnimeCitySuburbs/Models/SM_House02.uexp" 2474
"D:/UE_project/Blaster/Content/Assets/AnimeCitySuburbs/Models/BuildingPieces/SM_ShopWindow.ubulk" 2475
"D:/UE_project/Blaster/Content/Assets/AnimeCitySuburbs/Models/BuildingPieces/SM_ShopWindow.uasset" 2476
"D:/UE_project/Blaster/Content/Assets/AnimeCitySuburbs/Models/BuildingPieces/SM_ShopWindow.uexp" 2477
"D:/UE_project/Blaster/Content/Assets/AnimeCitySuburbs/Models/VendingMachines/SM_SodaMachine.ubulk" 2478
"D:/UE_project/Blaster/Content/Assets/AnimeCitySuburbs/Models/VendingMachines/SM_SodaMachine.uasset" 2479
"D:/UE_project/Blaster/Content/Assets/AnimeCitySuburbs/Models/VendingMachines/SM_SodaMachine.uexp" 2480
"D:/UE_project/Blaster/Content/Assets/AnimeCitySuburbs/Blueprints/VendingMachines/BP_SodaMachine.uasset" 2481
"D:/UE_project/Blaster/Content/Assets/AnimeCitySuburbs/Blueprints/VendingMachines/BP_SodaMachine.uexp" 2482
"D:/UE_project/Blaster/Content/Assets/MilitaryWeapSilver/Sound/Attenuation/RocketLoop_att.uasset" 2483
"D:/UE_project/Blaster/Content/Assets/MilitaryWeapSilver/Sound/Attenuation/RocketLoop_att.uexp" 2484
"D:/UE_project/Blaster/Content/Assets/MilitaryWeapSilver/Weapons/Textures/Rocket_launcher_A_Norm.ubulk" 2485
"D:/UE_project/Blaster/Content/Assets/MilitaryWeapSilver/Weapons/Textures/Rocket_launcher_A_Norm.uasset" 2486
"D:/UE_project/Blaster/Content/Assets/MilitaryWeapSilver/Weapons/Textures/Rocket_launcher_A_Norm.uexp" 2487
"D:/UE_project/Blaster/Content/Assets/MilitaryWeapSilver/Weapons/Textures/Rocket_launcher_A_Masks.ubulk" 2488
"D:/UE_project/Blaster/Content/Assets/MilitaryWeapSilver/Weapons/Textures/Rocket_launcher_A_Masks.uasset" 2489
"D:/UE_project/Blaster/Content/Assets/MilitaryWeapSilver/Weapons/Textures/Rocket_launcher_A_Masks.uexp" 2490
"D:/UE_project/Blaster/Content/Assets/MilitaryWeapSilver/Weapons/Textures/Rocket_launcher_A_Diff.ubulk" 2491
"D:/UE_project/Blaster/Content/Assets/MilitaryWeapSilver/Weapons/Textures/Rocket_launcher_A_Diff.uasset" 2492
"D:/UE_project/Blaster/Content/Assets/MilitaryWeapSilver/Weapons/Textures/Rocket_launcher_A_Diff.uexp" 2493
"D:/UE_project/Blaster/Content/Assets/MilitaryWeapSilver/Weapons/Materials/M_RocketLauncher_01.uasset" 2494
"D:/UE_project/Blaster/Content/Assets/MilitaryWeapSilver/Weapons/Materials/M_RocketLauncher_01.uexp" 2495
"D:/UE_project/Blaster/Content/Assets/MilitaryWeapSilver/Weapons/RocketLauncherA_Ammo.ubulk" 2496
"D:/UE_project/Blaster/Content/Assets/MilitaryWeapSilver/Weapons/RocketLauncherA_Ammo.uasset" 2497
"D:/UE_project/Blaster/Content/Assets/MilitaryWeapSilver/Weapons/RocketLauncherA_Ammo.uexp" 2498
"D:/UE_project/Blaster/Content/Assets/MilitaryWeapSilver/Sound/RocketLauncher/Wavs/RocketLauncher_Explosion01.ubulk" 2499
"D:/UE_project/Blaster/Content/Assets/MilitaryWeapSilver/Sound/RocketLauncher/Wavs/RocketLauncher_Explosion01.uasset" 2500
"D:/UE_project/Blaster/Content/Assets/MilitaryWeapSilver/Sound/RocketLauncher/Wavs/RocketLauncher_Explosion01.uexp" 2501
"D:/UE_project/Blaster/Content/Assets/MilitaryWeapSilver/Sound/RocketLauncher/Wavs/RocketLauncher_Explosion05.ubulk" 2502
"D:/UE_project/Blaster/Content/Assets/MilitaryWeapSilver/Sound/RocketLauncher/Wavs/RocketLauncher_Explosion05.uasset" 2503
"D:/UE_project/Blaster/Content/Assets/MilitaryWeapSilver/Sound/RocketLauncher/Wavs/RocketLauncher_Explosion05.uexp" 2504
"D:/UE_project/Blaster/Content/Assets/MilitaryWeapSilver/Sound/Attenuation/Explosion_att.uasset" 2505
"D:/UE_project/Blaster/Content/Assets/MilitaryWeapSilver/Sound/Attenuation/Explosion_att.uexp" 2506
"D:/UE_project/Blaster/Content/Assets/MilitaryWeapSilver/Sound/RocketLauncher/Wavs/RocketLauncher_Explosion03.ubulk" 2507
"D:/UE_project/Blaster/Content/Assets/MilitaryWeapSilver/Sound/RocketLauncher/Wavs/RocketLauncher_Explosion03.uasset" 2508
"D:/UE_project/Blaster/Content/Assets/MilitaryWeapSilver/Sound/RocketLauncher/Wavs/RocketLauncher_Explosion03.uexp" 2509
"D:/UE_project/Blaster/Content/Assets/MilitaryWeapSilver/Sound/RocketLauncher/Wavs/RocketLauncher_Explosion04.ubulk" 2510
"D:/UE_project/Blaster/Content/Assets/MilitaryWeapSilver/Sound/RocketLauncher/Wavs/RocketLauncher_Explosion04.uasset" 2511
"D:/UE_project/Blaster/Content/Assets/MilitaryWeapSilver/Sound/RocketLauncher/Wavs/RocketLauncher_Explosion04.uexp" 2512
"D:/UE_project/Blaster/Content/Assets/MilitaryWeapSilver/Sound/RocketLauncher/Wavs/RocketLauncher_Explosion02.ubulk" 2513
"D:/UE_project/Blaster/Content/Assets/MilitaryWeapSilver/Sound/RocketLauncher/Wavs/RocketLauncher_Explosion02.uasset" 2514
"D:/UE_project/Blaster/Content/Assets/MilitaryWeapSilver/Sound/RocketLauncher/Wavs/RocketLauncher_Explosion02.uexp" 2515
"D:/UE_project/Blaster/Content/Assets/MilitaryWeapSilver/Sound/RocketLauncher/Cues/RocketLauncher_Explosion_Cue.uasset" 2516
"D:/UE_project/Blaster/Content/Assets/MilitaryWeapSilver/Sound/RocketLauncher/Cues/RocketLauncher_Explosion_Cue.uexp" 2517
"D:/UE_project/Blaster/Content/Assets/MilitaryWeapSilver/FX/Textures/T_Shockwave_NormalMap_01.ubulk" 2518
"D:/UE_project/Blaster/Content/Assets/MilitaryWeapSilver/FX/Textures/T_Shockwave_NormalMap_01.uasset" 2519
"D:/UE_project/Blaster/Content/Assets/MilitaryWeapSilver/FX/Textures/T_Shockwave_NormalMap_01.uexp" 2520
"D:/UE_project/Blaster/Content/Assets/MilitaryWeapSilver/FX/Materials/M_Shockwave_Refraction_01.uasset" 2521
"D:/UE_project/Blaster/Content/Assets/MilitaryWeapSilver/FX/Materials/M_Shockwave_Refraction_01.uexp" 2522
"D:/UE_project/Blaster/Content/Assets/MilitaryWeapSilver/FX/Materials/M_Smoke_8x8_B_01_Inst.uasset" 2523
"D:/UE_project/Blaster/Content/Assets/MilitaryWeapSilver/FX/Materials/M_Smoke_8x8_B_01_Inst.uexp" 2524
"D:/UE_project/Blaster/Content/Assets/MilitaryWeapSilver/FX/Textures/T_SmokeRibbon_01.ubulk" 2525
"D:/UE_project/Blaster/Content/Assets/MilitaryWeapSilver/FX/Textures/T_SmokeRibbon_01.uasset" 2526
"D:/UE_project/Blaster/Content/Assets/MilitaryWeapSilver/FX/Textures/T_SmokeRibbon_01.uexp" 2527
"D:/UE_project/Blaster/Content/Assets/MilitaryWeapSilver/FX/Materials/M_SmokeRibbon_01.uasset" 2528
"D:/UE_project/Blaster/Content/Assets/MilitaryWeapSilver/FX/Materials/M_SmokeRibbon_01.uexp" 2529
"D:/UE_project/Blaster/Content/Assets/MilitaryWeapSilver/FX/Textures/T_LightRay_01.ubulk" 2530
"D:/UE_project/Blaster/Content/Assets/MilitaryWeapSilver/FX/Textures/T_LightRay_01.uasset" 2531
"D:/UE_project/Blaster/Content/Assets/MilitaryWeapSilver/FX/Textures/T_LightRay_01.uexp" 2532
"D:/UE_project/Blaster/Content/Assets/MilitaryWeapSilver/FX/Materials/M_LightRay_01.uasset" 2533
"D:/UE_project/Blaster/Content/Assets/MilitaryWeapSilver/FX/Materials/M_LightRay_01.uexp" 2534
"D:/UE_project/Blaster/Content/Assets/MilitaryWeapSilver/FX/Textures/T_Explosion_8x8_Temperature_01.ubulk" 2535
"D:/UE_project/Blaster/Content/Assets/MilitaryWeapSilver/FX/Textures/T_Explosion_8x8_Temperature_01.uasset" 2536
"D:/UE_project/Blaster/Content/Assets/MilitaryWeapSilver/FX/Textures/T_Explosion_8x8_Temperature_01.uexp" 2537
"D:/UE_project/Blaster/Content/Assets/MilitaryWeapSilver/FX/Textures/T_Explosion_8x8_Density_01.ubulk" 2538
"D:/UE_project/Blaster/Content/Assets/MilitaryWeapSilver/FX/Textures/T_Explosion_8x8_Density_01.uasset" 2539
"D:/UE_project/Blaster/Content/Assets/MilitaryWeapSilver/FX/Textures/T_Explosion_8x8_Density_01.uexp" 2540
"D:/UE_project/Blaster/Content/Assets/MilitaryWeapSilver/FX/Textures/T_Explosion_8x8_Erode_01.ubulk" 2541
"D:/UE_project/Blaster/Content/Assets/MilitaryWeapSilver/FX/Textures/T_Explosion_8x8_Erode_01.uasset" 2542
"D:/UE_project/Blaster/Content/Assets/MilitaryWeapSilver/FX/Textures/T_Explosion_8x8_Erode_01.uexp" 2543
"D:/UE_project/Blaster/Content/Assets/MilitaryWeapSilver/FX/Textures/T_Explosion_Macro_01.ubulk" 2544
"D:/UE_project/Blaster/Content/Assets/MilitaryWeapSilver/FX/Textures/T_Explosion_Macro_01.uasset" 2545
"D:/UE_project/Blaster/Content/Assets/MilitaryWeapSilver/FX/Textures/T_Explosion_Macro_01.uexp" 2546
"D:/UE_project/Blaster/Content/Assets/MilitaryWeapSilver/FX/Materials/M_Explosion_8x8_A_01.uasset" 2547
"D:/UE_project/Blaster/Content/Assets/MilitaryWeapSilver/FX/Materials/M_Explosion_8x8_A_01.uexp" 2548
"D:/UE_project/Blaster/Content/Assets/MilitaryWeapSilver/FX/Materials/M_RocketExplosion_8x8_A_01_Inst.uasset" 2549
"D:/UE_project/Blaster/Content/Assets/MilitaryWeapSilver/FX/Materials/M_RocketExplosion_8x8_A_01_Inst.uexp" 2550
"D:/UE_project/Blaster/Content/Assets/MilitaryWeapSilver/FX/P_RocketLauncher_Explosion_01.uasset" 2551
"D:/UE_project/Blaster/Content/Assets/MilitaryWeapSilver/FX/P_RocketLauncher_Explosion_01.uexp" 2552
"../../../Engine/Content/Tutorial/SubEditors/TutorialAssets/T_SmokeSubUV_8X8.ubulk" 2553
"../../../Engine/Content/Tutorial/SubEditors/TutorialAssets/T_SmokeSubUV_8X8.uasset" 2554
"../../../Engine/Content/Tutorial/SubEditors/TutorialAssets/T_SmokeSubUV_8X8.uexp" 2555
"D:/UE_project/Blaster/Content/Assets/FX/RocketTrail/M_TrailSmoke.uasset" 2556
"D:/UE_project/Blaster/Content/Assets/FX/RocketTrail/M_TrailSmoke.uexp" 2557
"D:/UE_project/Blaster/Content/Assets/FX/RocketTrail/MI_TrailSmoke.uasset" 2558
"D:/UE_project/Blaster/Content/Assets/FX/RocketTrail/MI_TrailSmoke.uexp" 2559
"D:/UE_project/Blaster/Content/Assets/FX/RocketTrail/NS_TrailSmoke.uasset" 2560
"D:/UE_project/Blaster/Content/Assets/FX/RocketTrail/NS_TrailSmoke.uexp" 2561
"D:/UE_project/Blaster/Content/Assets/MilitaryWeapSilver/Sound/RocketLauncher/Wavs/RocketLauncher_InAirLoop.ubulk" 2562
"D:/UE_project/Blaster/Content/Assets/MilitaryWeapSilver/Sound/RocketLauncher/Wavs/RocketLauncher_InAirLoop.uasset" 2563
"D:/UE_project/Blaster/Content/Assets/MilitaryWeapSilver/Sound/RocketLauncher/Wavs/RocketLauncher_InAirLoop.uexp" 2564
"D:/UE_project/Blaster/Content/Assets/MilitaryWeapSilver/Sound/RocketLauncher/Cues/RocketLauncher_InAirLoop_Cue.uasset" 2565
"D:/UE_project/Blaster/Content/Assets/MilitaryWeapSilver/Sound/RocketLauncher/Cues/RocketLauncher_InAirLoop_Cue.uexp" 2566
"D:/UE_project/Blaster/Content/Blueprint/Weapon/Projectiles/BP_Rocket.uasset" 2567
"D:/UE_project/Blaster/Content/Blueprint/Weapon/Projectiles/BP_Rocket.uexp" 2568
"D:/UE_project/Blaster/Content/Assets/MilitaryWeapSilver/Sound/RocketLauncher/Wavs/RocketLauncherA_Fire_ST03.ubulk" 2569
"D:/UE_project/Blaster/Content/Assets/MilitaryWeapSilver/Sound/RocketLauncher/Wavs/RocketLauncherA_Fire_ST03.uasset" 2570
"D:/UE_project/Blaster/Content/Assets/MilitaryWeapSilver/Sound/RocketLauncher/Wavs/RocketLauncherA_Fire_ST03.uexp" 2571
"D:/UE_project/Blaster/Content/Assets/MilitaryWeapSilver/Sound/RocketLauncher/Wavs/RocketLauncherA_Fire03.ubulk" 2572
"D:/UE_project/Blaster/Content/Assets/MilitaryWeapSilver/Sound/RocketLauncher/Wavs/RocketLauncherA_Fire03.uasset" 2573
"D:/UE_project/Blaster/Content/Assets/MilitaryWeapSilver/Sound/RocketLauncher/Wavs/RocketLauncherA_Fire03.uexp" 2574
"D:/UE_project/Blaster/Content/Assets/MilitaryWeapSilver/Sound/RocketLauncher/Wavs/RocketLauncherA_Fire04.ubulk" 2575
"D:/UE_project/Blaster/Content/Assets/MilitaryWeapSilver/Sound/RocketLauncher/Wavs/RocketLauncherA_Fire04.uasset" 2576
"D:/UE_project/Blaster/Content/Assets/MilitaryWeapSilver/Sound/RocketLauncher/Wavs/RocketLauncherA_Fire04.uexp" 2577
"D:/UE_project/Blaster/Content/Assets/MilitaryWeapSilver/Sound/RocketLauncher/Wavs/RocketLauncherA_Fire01.ubulk" 2578
"D:/UE_project/Blaster/Content/Assets/MilitaryWeapSilver/Sound/RocketLauncher/Wavs/RocketLauncherA_Fire01.uasset" 2579
"D:/UE_project/Blaster/Content/Assets/MilitaryWeapSilver/Sound/RocketLauncher/Wavs/RocketLauncherA_Fire01.uexp" 2580
"D:/UE_project/Blaster/Content/Assets/MilitaryWeapSilver/Sound/RocketLauncher/Wavs/RocketLauncherA_Fire_ST04.ubulk" 2581
"D:/UE_project/Blaster/Content/Assets/MilitaryWeapSilver/Sound/RocketLauncher/Wavs/RocketLauncherA_Fire_ST04.uasset" 2582
"D:/UE_project/Blaster/Content/Assets/MilitaryWeapSilver/Sound/RocketLauncher/Wavs/RocketLauncherA_Fire_ST04.uexp" 2583
"D:/UE_project/Blaster/Content/Assets/MilitaryWeapSilver/Sound/RocketLauncher/Wavs/RocketLauncherA_Fire_ST01.ubulk" 2584
"D:/UE_project/Blaster/Content/Assets/MilitaryWeapSilver/Sound/RocketLauncher/Wavs/RocketLauncherA_Fire_ST01.uasset" 2585
"D:/UE_project/Blaster/Content/Assets/MilitaryWeapSilver/Sound/RocketLauncher/Wavs/RocketLauncherA_Fire_ST01.uexp" 2586
"D:/UE_project/Blaster/Content/Assets/MilitaryWeapSilver/Sound/RocketLauncher/Wavs/RocketLauncherA_Fire02.ubulk" 2587
"D:/UE_project/Blaster/Content/Assets/MilitaryWeapSilver/Sound/RocketLauncher/Wavs/RocketLauncherA_Fire02.uasset" 2588
"D:/UE_project/Blaster/Content/Assets/MilitaryWeapSilver/Sound/RocketLauncher/Wavs/RocketLauncherA_Fire02.uexp" 2589
"D:/UE_project/Blaster/Content/Assets/MilitaryWeapSilver/Sound/RocketLauncher/Wavs/RocketLauncherA_Fire_ST02.ubulk" 2590
"D:/UE_project/Blaster/Content/Assets/MilitaryWeapSilver/Sound/RocketLauncher/Wavs/RocketLauncherA_Fire_ST02.uasset" 2591
"D:/UE_project/Blaster/Content/Assets/MilitaryWeapSilver/Sound/RocketLauncher/Wavs/RocketLauncherA_Fire_ST02.uexp" 2592
"D:/UE_project/Blaster/Content/Assets/MilitaryWeapSilver/Sound/RocketLauncher/Cues/RocketLauncherA_Fire_Cue.uasset" 2593
"D:/UE_project/Blaster/Content/Assets/MilitaryWeapSilver/Sound/RocketLauncher/Cues/RocketLauncherA_Fire_Cue.uexp" 2594
"D:/UE_project/Blaster/Content/Assets/MilitaryWeapSilver/FX/P_RocketLauncher_MuzzleFlash_Front_01.uasset" 2595
"D:/UE_project/Blaster/Content/Assets/MilitaryWeapSilver/FX/P_RocketLauncher_MuzzleFlash_Front_01.uexp" 2596
"D:/UE_project/Blaster/Content/Assets/MilitaryWeapSilver/Weapons/Rocket_Launcher_A_Skeleton.uasset" 2597
"D:/UE_project/Blaster/Content/Assets/MilitaryWeapSilver/Weapons/Rocket_Launcher_A_Skeleton.uexp" 2598
"D:/UE_project/Blaster/Content/Assets/MilitaryWeapSilver/FX/P_RocketLauncher_MuzzleFlash_Rear_01.uasset" 2599
"D:/UE_project/Blaster/Content/Assets/MilitaryWeapSilver/FX/P_RocketLauncher_MuzzleFlash_Rear_01.uexp" 2600
"D:/UE_project/Blaster/Content/Assets/MilitaryWeapSilver/Weapons/Animations/Fire_RocketLauncher_W.uasset" 2601
"D:/UE_project/Blaster/Content/Assets/MilitaryWeapSilver/Weapons/Animations/Fire_RocketLauncher_W.uexp" 2602
"D:/UE_project/Blaster/Content/Assets/MilitaryWeapSilver/Weapons/Rocket_Launcher_A_PhysicsAsset.uasset" 2603
"D:/UE_project/Blaster/Content/Assets/MilitaryWeapSilver/Weapons/Rocket_Launcher_A_PhysicsAsset.uexp" 2604
"D:/UE_project/Blaster/Content/Assets/MilitaryWeapSilver/Weapons/Rocket_Launcher_A.uasset" 2605
"D:/UE_project/Blaster/Content/Assets/MilitaryWeapSilver/Weapons/Rocket_Launcher_A.uexp" 2606
"D:/UE_project/Blaster/Content/Assets/MilitaryWeapSilver/Sound/RocketLauncher/Wavs/RocketLauncher_Raise.ubulk" 2607
"D:/UE_project/Blaster/Content/Assets/MilitaryWeapSilver/Sound/RocketLauncher/Wavs/RocketLauncher_Raise.uasset" 2608
"D:/UE_project/Blaster/Content/Assets/MilitaryWeapSilver/Sound/RocketLauncher/Wavs/RocketLauncher_Raise.uexp" 2609
"D:/UE_project/Blaster/Content/Assets/MilitaryWeapSilver/Sound/RocketLauncher/Cues/RocketLauncher_Raise_Cue.uasset" 2610
"D:/UE_project/Blaster/Content/Assets/MilitaryWeapSilver/Sound/RocketLauncher/Cues/RocketLauncher_Raise_Cue.uexp" 2611
"D:/UE_project/Blaster/Content/Blueprint/Weapon/BP_RocketLauncher.uasset" 2612
"D:/UE_project/Blaster/Content/Blueprint/Weapon/BP_RocketLauncher.uexp" 2613
"D:/UE_project/Blaster/Content/Assets/AnimeCitySuburbs/Models/Vegetation/SM_Ivy2.ubulk" 2614
"D:/UE_project/Blaster/Content/Assets/AnimeCitySuburbs/Models/Vegetation/SM_Ivy2.uasset" 2615
"D:/UE_project/Blaster/Content/Assets/AnimeCitySuburbs/Models/Vegetation/SM_Ivy2.uexp" 2616
"D:/UE_project/Blaster/Content/Assets/AnimeCitySuburbs/Models/BuildingPieces/SM_Wall02b.ubulk" 2617
"D:/UE_project/Blaster/Content/Assets/AnimeCitySuburbs/Models/BuildingPieces/SM_Wall02b.uasset" 2618
"D:/UE_project/Blaster/Content/Assets/AnimeCitySuburbs/Models/BuildingPieces/SM_Wall02b.uexp" 2619
"D:/UE_project/Blaster/Content/Assets/AnimeCitySuburbs/Materials/MI_PlasterWall_03.uasset" 2620
"D:/UE_project/Blaster/Content/Assets/AnimeCitySuburbs/Materials/MI_PlasterWall_03.uexp" 2621
"D:/UE_project/Blaster/Content/Assets/AnimeCitySuburbs/Models/Park/SM_PavementSide.ubulk" 2622
"D:/UE_project/Blaster/Content/Assets/AnimeCitySuburbs/Models/Park/SM_PavementSide.uasset" 2623
"D:/UE_project/Blaster/Content/Assets/AnimeCitySuburbs/Models/Park/SM_PavementSide.uexp" 2624
"../../../Engine/Plugins/FX/Niagara/Content/Enums/Wind/ENiagaraWindTurbulenceFrequencyMode.uasset" 2625
"../../../Engine/Plugins/FX/Niagara/Content/Enums/Wind/ENiagaraWindTurbulenceFrequencyMode.uexp" 2626
"../../../Engine/Plugins/FX/Niagara/Content/Enums/Wind/ENiagaraWindTurbulenceMode.uasset" 2627
"../../../Engine/Plugins/FX/Niagara/Content/Enums/Wind/ENiagaraWindTurbulenceMode.uexp" 2628
"../../../Engine/Plugins/FX/Niagara/Content/Enums/Wind/ENiagaraWindGroundMaskMode.uasset" 2629
"../../../Engine/Plugins/FX/Niagara/Content/Enums/Wind/ENiagaraWindGroundMaskMode.uexp" 2630
"../../../Engine/Plugins/FX/Niagara/Content/Enums/Wind/ENiagaraWindCombingMode.uasset" 2631
"../../../Engine/Plugins/FX/Niagara/Content/Enums/Wind/ENiagaraWindCombingMode.uexp" 2632
"../../../Engine/Plugins/FX/Niagara/Content/Enums/Wind/ENiagaraWindTurbulenceContributionMode.uasset" 2633
"../../../Engine/Plugins/FX/Niagara/Content/Enums/Wind/ENiagaraWindTurbulenceContributionMode.uexp" 2634
"../../../Engine/Plugins/FX/Niagara/Content/Enums/Wind/ENiagaraWindOffsetMode.uasset" 2635
"../../../Engine/Plugins/FX/Niagara/Content/Enums/Wind/ENiagaraWindOffsetMode.uexp" 2636
"../../../Engine/Plugins/FX/Niagara/Content/Enums/Wind/ENiagaraWindFrictionDistanceMode.uasset" 2637
"../../../Engine/Plugins/FX/Niagara/Content/Enums/Wind/ENiagaraWindFrictionDistanceMode.uexp" 2638
"../../../Engine/Plugins/FX/Niagara/Content/Enums/Wind/ENiagaraWindFrictionMode.uasset" 2639
"../../../Engine/Plugins/FX/Niagara/Content/Enums/Wind/ENiagaraWindFrictionMode.uexp" 2640
"../../../Engine/Plugins/FX/Niagara/Content/Enums/Transforms/ENiagara_MeshOrientationOptions.uasset" 2641
"../../../Engine/Plugins/FX/Niagara/Content/Enums/Transforms/ENiagara_MeshOrientationOptions.uexp" 2642
"D:/UE_project/Blaster/Content/Assets/AnimeCitySuburbs/FX/NS_FallingLeaves01.uasset" 2643
"D:/UE_project/Blaster/Content/Assets/AnimeCitySuburbs/FX/NS_FallingLeaves01.uexp" 2644
"D:/UE_project/Blaster/Content/Assets/AnimeCitySuburbs/Models/Road/SM_Sidewalk01_ramp.ubulk" 2645
"D:/UE_project/Blaster/Content/Assets/AnimeCitySuburbs/Models/Road/SM_Sidewalk01_ramp.uasset" 2646
"D:/UE_project/Blaster/Content/Assets/AnimeCitySuburbs/Models/Road/SM_Sidewalk01_ramp.uexp" 2647
"D:/UE_project/Blaster/Content/Assets/AnimeCitySuburbs/Materials/MI_StreetMarkings_Red.uasset" 2648
"D:/UE_project/Blaster/Content/Assets/AnimeCitySuburbs/Materials/MI_StreetMarkings_Red.uexp" 2649
"D:/UE_project/Blaster/Content/Assets/AnimeCitySuburbs/Models/TramSet/SM_Pole.ubulk" 2650
"D:/UE_project/Blaster/Content/Assets/AnimeCitySuburbs/Models/TramSet/SM_Pole.uasset" 2651
"D:/UE_project/Blaster/Content/Assets/AnimeCitySuburbs/Models/TramSet/SM_Pole.uexp" 2652
"D:/UE_project/Blaster/Content/Blueprint/PlayerStart/BP_RedTeamPlayerStart.uasset" 2653
"D:/UE_project/Blaster/Content/Blueprint/PlayerStart/BP_RedTeamPlayerStart.uexp" 2654
"D:/UE_project/Blaster/Content/Assets/MilitaryWeapSilver/Weapons/Grenade_Launcher_A_Skeleton.uasset" 2655
"D:/UE_project/Blaster/Content/Assets/MilitaryWeapSilver/Weapons/Grenade_Launcher_A_Skeleton.uexp" 2656
"D:/UE_project/Blaster/Content/Assets/MilitaryWeapSilver/Weapons/Grenade_Launcher_A_PhysicsAsset.uasset" 2657
"D:/UE_project/Blaster/Content/Assets/MilitaryWeapSilver/Weapons/Grenade_Launcher_A_PhysicsAsset.uexp" 2658
"D:/UE_project/Blaster/Content/Assets/MilitaryWeapSilver/Weapons/Textures/Grenade_Launcher_A_Norm.ubulk" 2659
"D:/UE_project/Blaster/Content/Assets/MilitaryWeapSilver/Weapons/Textures/Grenade_Launcher_A_Norm.uasset" 2660
"D:/UE_project/Blaster/Content/Assets/MilitaryWeapSilver/Weapons/Textures/Grenade_Launcher_A_Norm.uexp" 2661
"D:/UE_project/Blaster/Content/Assets/MilitaryWeapSilver/Weapons/Textures/Grenade_Launcher_A_Masks.ubulk" 2662
"D:/UE_project/Blaster/Content/Assets/MilitaryWeapSilver/Weapons/Textures/Grenade_Launcher_A_Masks.uasset" 2663
"D:/UE_project/Blaster/Content/Assets/MilitaryWeapSilver/Weapons/Textures/Grenade_Launcher_A_Masks.uexp" 2664
"D:/UE_project/Blaster/Content/Assets/MilitaryWeapSilver/Weapons/Textures/Grenade_Launcher_A_Diff.ubulk" 2665
"D:/UE_project/Blaster/Content/Assets/MilitaryWeapSilver/Weapons/Textures/Grenade_Launcher_A_Diff.uasset" 2666
"D:/UE_project/Blaster/Content/Assets/MilitaryWeapSilver/Weapons/Textures/Grenade_Launcher_A_Diff.uexp" 2667
"D:/UE_project/Blaster/Content/Assets/MilitaryWeapSilver/Weapons/Materials/M_GrenadeLauncher_01.uasset" 2668
"D:/UE_project/Blaster/Content/Assets/MilitaryWeapSilver/Weapons/Materials/M_GrenadeLauncher_01.uexp" 2669
"D:/UE_project/Blaster/Content/Assets/MilitaryWeapSilver/Weapons/Grenade_Launcher_A.uasset" 2670
"D:/UE_project/Blaster/Content/Assets/MilitaryWeapSilver/Weapons/Grenade_Launcher_A.uexp" 2671
"D:/UE_project/Blaster/Content/Assets/FX/RocketTrail/NS_TrailSmoke_grenade.uasset" 2672
"D:/UE_project/Blaster/Content/Assets/FX/RocketTrail/NS_TrailSmoke_grenade.uexp" 2673
"D:/UE_project/Blaster/Content/Assets/MilitaryWeapSilver/Sound/GrenadeLauncher/Wavs/GrenadeLauncher_Bounce03.ubulk" 2674
"D:/UE_project/Blaster/Content/Assets/MilitaryWeapSilver/Sound/GrenadeLauncher/Wavs/GrenadeLauncher_Bounce03.uasset" 2675
"D:/UE_project/Blaster/Content/Assets/MilitaryWeapSilver/Sound/GrenadeLauncher/Wavs/GrenadeLauncher_Bounce03.uexp" 2676
"D:/UE_project/Blaster/Content/Assets/MilitaryWeapSilver/Sound/GrenadeLauncher/Wavs/GrenadeLauncher_Bounce05.ubulk" 2677
"D:/UE_project/Blaster/Content/Assets/MilitaryWeapSilver/Sound/GrenadeLauncher/Wavs/GrenadeLauncher_Bounce05.uasset" 2678
"D:/UE_project/Blaster/Content/Assets/MilitaryWeapSilver/Sound/GrenadeLauncher/Wavs/GrenadeLauncher_Bounce05.uexp" 2679
"D:/UE_project/Blaster/Content/Assets/MilitaryWeapSilver/Sound/GrenadeLauncher/Wavs/GrenadeLauncher_Bounce02.ubulk" 2680
"D:/UE_project/Blaster/Content/Assets/MilitaryWeapSilver/Sound/GrenadeLauncher/Wavs/GrenadeLauncher_Bounce02.uasset" 2681
"D:/UE_project/Blaster/Content/Assets/MilitaryWeapSilver/Sound/GrenadeLauncher/Wavs/GrenadeLauncher_Bounce02.uexp" 2682
"D:/UE_project/Blaster/Content/Assets/MilitaryWeapSilver/Sound/GrenadeLauncher/Wavs/GrenadeLauncher_Bounce04.ubulk" 2683
"D:/UE_project/Blaster/Content/Assets/MilitaryWeapSilver/Sound/GrenadeLauncher/Wavs/GrenadeLauncher_Bounce04.uasset" 2684
"D:/UE_project/Blaster/Content/Assets/MilitaryWeapSilver/Sound/GrenadeLauncher/Wavs/GrenadeLauncher_Bounce04.uexp" 2685
"D:/UE_project/Blaster/Content/Assets/MilitaryWeapSilver/Sound/GrenadeLauncher/Wavs/GrenadeLauncher_Bounce01.ubulk" 2686
"D:/UE_project/Blaster/Content/Assets/MilitaryWeapSilver/Sound/GrenadeLauncher/Wavs/GrenadeLauncher_Bounce01.uasset" 2687
"D:/UE_project/Blaster/Content/Assets/MilitaryWeapSilver/Sound/GrenadeLauncher/Wavs/GrenadeLauncher_Bounce01.uexp" 2688
"D:/UE_project/Blaster/Content/Assets/MilitaryWeapSilver/Sound/GrenadeLauncher/Cues/GrenadeLauncher_Bounce_Cue.uasset" 2689
"D:/UE_project/Blaster/Content/Assets/MilitaryWeapSilver/Sound/GrenadeLauncher/Cues/GrenadeLauncher_Bounce_Cue.uexp" 2690
"D:/UE_project/Blaster/Content/Assets/MilitaryWeapSilver/Sound/GrenadeLauncher/Wavs/GrenadeLauncher_Explosion03.ubulk" 2691
"D:/UE_project/Blaster/Content/Assets/MilitaryWeapSilver/Sound/GrenadeLauncher/Wavs/GrenadeLauncher_Explosion03.uasset" 2692
"D:/UE_project/Blaster/Content/Assets/MilitaryWeapSilver/Sound/GrenadeLauncher/Wavs/GrenadeLauncher_Explosion03.uexp" 2693
"D:/UE_project/Blaster/Content/Assets/MilitaryWeapSilver/Sound/GrenadeLauncher/Wavs/GrenadeLauncher_Explosion05.ubulk" 2694
"D:/UE_project/Blaster/Content/Assets/MilitaryWeapSilver/Sound/GrenadeLauncher/Wavs/GrenadeLauncher_Explosion05.uasset" 2695
"D:/UE_project/Blaster/Content/Assets/MilitaryWeapSilver/Sound/GrenadeLauncher/Wavs/GrenadeLauncher_Explosion05.uexp" 2696
"D:/UE_project/Blaster/Content/Assets/MilitaryWeapSilver/Sound/GrenadeLauncher/Wavs/GrenadeLauncher_Explosion01.ubulk" 2697
"D:/UE_project/Blaster/Content/Assets/MilitaryWeapSilver/Sound/GrenadeLauncher/Wavs/GrenadeLauncher_Explosion01.uasset" 2698
"D:/UE_project/Blaster/Content/Assets/MilitaryWeapSilver/Sound/GrenadeLauncher/Wavs/GrenadeLauncher_Explosion01.uexp" 2699
"D:/UE_project/Blaster/Content/Assets/MilitaryWeapSilver/Sound/GrenadeLauncher/Wavs/GrenadeLauncher_Explosion04.ubulk" 2700
"D:/UE_project/Blaster/Content/Assets/MilitaryWeapSilver/Sound/GrenadeLauncher/Wavs/GrenadeLauncher_Explosion04.uasset" 2701
"D:/UE_project/Blaster/Content/Assets/MilitaryWeapSilver/Sound/GrenadeLauncher/Wavs/GrenadeLauncher_Explosion04.uexp" 2702
"D:/UE_project/Blaster/Content/Assets/MilitaryWeapSilver/Sound/GrenadeLauncher/Wavs/GrenadeLauncher_Explosion02.ubulk" 2703
"D:/UE_project/Blaster/Content/Assets/MilitaryWeapSilver/Sound/GrenadeLauncher/Wavs/GrenadeLauncher_Explosion02.uasset" 2704
"D:/UE_project/Blaster/Content/Assets/MilitaryWeapSilver/Sound/GrenadeLauncher/Wavs/GrenadeLauncher_Explosion02.uexp" 2705
"D:/UE_project/Blaster/Content/Assets/MilitaryWeapSilver/Sound/GrenadeLauncher/Cues/GrenadeLauncher_Explosion_Cue.uasset" 2706
"D:/UE_project/Blaster/Content/Assets/MilitaryWeapSilver/Sound/GrenadeLauncher/Cues/GrenadeLauncher_Explosion_Cue.uexp" 2707
"D:/UE_project/Blaster/Content/Assets/MilitaryWeapSilver/Weapons/GrenadeLauncherA_Ammo.ubulk" 2708
"D:/UE_project/Blaster/Content/Assets/MilitaryWeapSilver/Weapons/GrenadeLauncherA_Ammo.uasset" 2709
"D:/UE_project/Blaster/Content/Assets/MilitaryWeapSilver/Weapons/GrenadeLauncherA_Ammo.uexp" 2710
"D:/UE_project/Blaster/Content/Assets/MilitaryWeapSilver/FX/Textures/T_Debris_Tileable_01.ubulk" 2711
"D:/UE_project/Blaster/Content/Assets/MilitaryWeapSilver/FX/Textures/T_Debris_Tileable_01.uasset" 2712
"D:/UE_project/Blaster/Content/Assets/MilitaryWeapSilver/FX/Textures/T_Debris_Tileable_01.uexp" 2713
"D:/UE_project/Blaster/Content/Assets/MilitaryWeapSilver/FX/Materials/M_Debris_Tileable_01.uasset" 2714
"D:/UE_project/Blaster/Content/Assets/MilitaryWeapSilver/FX/Materials/M_Debris_Tileable_01.uexp" 2715
"D:/UE_project/Blaster/Content/Assets/MilitaryWeapSilver/FX/Textures/T_RockSmall_01.ubulk" 2716
"D:/UE_project/Blaster/Content/Assets/MilitaryWeapSilver/FX/Textures/T_RockSmall_01.uasset" 2717
"D:/UE_project/Blaster/Content/Assets/MilitaryWeapSilver/FX/Textures/T_RockSmall_01.uexp" 2718
"D:/UE_project/Blaster/Content/Assets/MilitaryWeapSilver/FX/Materials/M_RockSmall_01.uasset" 2719
"D:/UE_project/Blaster/Content/Assets/MilitaryWeapSilver/FX/Materials/M_RockSmall_01.uexp" 2720
"D:/UE_project/Blaster/Content/Assets/MilitaryWeapSilver/FX/P_Grenade_Explosion_01.uasset" 2721
"D:/UE_project/Blaster/Content/Assets/MilitaryWeapSilver/FX/P_Grenade_Explosion_01.uexp" 2722
"D:/UE_project/Blaster/Content/Blueprint/Weapon/Projectiles/BP_ProjectileGrenade.uasset" 2723
"D:/UE_project/Blaster/Content/Blueprint/Weapon/Projectiles/BP_ProjectileGrenade.uexp" 2724
"D:/UE_project/Blaster/Content/Assets/Textures/Crosshairs/Shotgun/shotgun_small_right.uasset" 2725
"D:/UE_project/Blaster/Content/Assets/Textures/Crosshairs/Shotgun/shotgun_small_right.uexp" 2726
"D:/UE_project/Blaster/Content/Assets/Textures/Crosshairs/Shotgun/shotgun_small_left.uasset" 2727
"D:/UE_project/Blaster/Content/Assets/Textures/Crosshairs/Shotgun/shotgun_small_left.uexp" 2728
"D:/UE_project/Blaster/Content/Assets/Textures/Crosshairs/Shotgun/shotgun_small_center.uasset" 2729
"D:/UE_project/Blaster/Content/Assets/Textures/Crosshairs/Shotgun/shotgun_small_center.uexp" 2730
"D:/UE_project/Blaster/Content/Assets/MilitaryWeapSilver/Sound/GrenadeLauncher/Wavs/GrenadeLauncherA_Fire_ST01.ubulk" 2731
"D:/UE_project/Blaster/Content/Assets/MilitaryWeapSilver/Sound/GrenadeLauncher/Wavs/GrenadeLauncherA_Fire_ST01.uasset" 2732
"D:/UE_project/Blaster/Content/Assets/MilitaryWeapSilver/Sound/GrenadeLauncher/Wavs/GrenadeLauncherA_Fire_ST01.uexp" 2733
"D:/UE_project/Blaster/Content/Assets/MilitaryWeapSilver/Sound/GrenadeLauncher/Wavs/GrenadeLauncherA_Fire_ST04.ubulk" 2734
"D:/UE_project/Blaster/Content/Assets/MilitaryWeapSilver/Sound/GrenadeLauncher/Wavs/GrenadeLauncherA_Fire_ST04.uasset" 2735
"D:/UE_project/Blaster/Content/Assets/MilitaryWeapSilver/Sound/GrenadeLauncher/Wavs/GrenadeLauncherA_Fire_ST04.uexp" 2736
"D:/UE_project/Blaster/Content/Assets/MilitaryWeapSilver/Sound/GrenadeLauncher/Wavs/GrenadeLauncherA_Fire_ST03.ubulk" 2737
"D:/UE_project/Blaster/Content/Assets/MilitaryWeapSilver/Sound/GrenadeLauncher/Wavs/GrenadeLauncherA_Fire_ST03.uasset" 2738
"D:/UE_project/Blaster/Content/Assets/MilitaryWeapSilver/Sound/GrenadeLauncher/Wavs/GrenadeLauncherA_Fire_ST03.uexp" 2739
"D:/UE_project/Blaster/Content/Assets/MilitaryWeapSilver/Sound/GrenadeLauncher/Wavs/GrenadeLauncherA_Fire02.ubulk" 2740
"D:/UE_project/Blaster/Content/Assets/MilitaryWeapSilver/Sound/GrenadeLauncher/Wavs/GrenadeLauncherA_Fire02.uasset" 2741
"D:/UE_project/Blaster/Content/Assets/MilitaryWeapSilver/Sound/GrenadeLauncher/Wavs/GrenadeLauncherA_Fire02.uexp" 2742
"D:/UE_project/Blaster/Content/Assets/MilitaryWeapSilver/Sound/GrenadeLauncher/Wavs/GrenadeLauncherA_Fire04.ubulk" 2743
"D:/UE_project/Blaster/Content/Assets/MilitaryWeapSilver/Sound/GrenadeLauncher/Wavs/GrenadeLauncherA_Fire04.uasset" 2744
"D:/UE_project/Blaster/Content/Assets/MilitaryWeapSilver/Sound/GrenadeLauncher/Wavs/GrenadeLauncherA_Fire04.uexp" 2745
"D:/UE_project/Blaster/Content/Assets/MilitaryWeapSilver/Sound/GrenadeLauncher/Wavs/GrenadeLauncherA_Fire01.ubulk" 2746
"D:/UE_project/Blaster/Content/Assets/MilitaryWeapSilver/Sound/GrenadeLauncher/Wavs/GrenadeLauncherA_Fire01.uasset" 2747
"D:/UE_project/Blaster/Content/Assets/MilitaryWeapSilver/Sound/GrenadeLauncher/Wavs/GrenadeLauncherA_Fire01.uexp" 2748
"D:/UE_project/Blaster/Content/Assets/MilitaryWeapSilver/Sound/GrenadeLauncher/Wavs/GrenadeLauncherA_Fire03.ubulk" 2749
"D:/UE_project/Blaster/Content/Assets/MilitaryWeapSilver/Sound/GrenadeLauncher/Wavs/GrenadeLauncherA_Fire03.uasset" 2750
"D:/UE_project/Blaster/Content/Assets/MilitaryWeapSilver/Sound/GrenadeLauncher/Wavs/GrenadeLauncherA_Fire03.uexp" 2751
"D:/UE_project/Blaster/Content/Assets/MilitaryWeapSilver/Sound/GrenadeLauncher/Wavs/GrenadeLauncherA_Fire_ST02.ubulk" 2752
"D:/UE_project/Blaster/Content/Assets/MilitaryWeapSilver/Sound/GrenadeLauncher/Wavs/GrenadeLauncherA_Fire_ST02.uasset" 2753
"D:/UE_project/Blaster/Content/Assets/MilitaryWeapSilver/Sound/GrenadeLauncher/Wavs/GrenadeLauncherA_Fire_ST02.uexp" 2754
"D:/UE_project/Blaster/Content/Assets/MilitaryWeapSilver/Sound/GrenadeLauncher/Cues/GrenadeLauncherA_Fire_Cue.uasset" 2755
"D:/UE_project/Blaster/Content/Assets/MilitaryWeapSilver/Sound/GrenadeLauncher/Cues/GrenadeLauncherA_Fire_Cue.uexp" 2756
"D:/UE_project/Blaster/Content/Assets/MilitaryWeapSilver/FX/P_Grenade_MuzzleFlash_01.uasset" 2757
"D:/UE_project/Blaster/Content/Assets/MilitaryWeapSilver/FX/P_Grenade_MuzzleFlash_01.uexp" 2758
"D:/UE_project/Blaster/Content/Assets/MilitaryWeapSilver/Weapons/Animations/Fire_GrenadeLauncher_W.uasset" 2759
"D:/UE_project/Blaster/Content/Assets/MilitaryWeapSilver/Weapons/Animations/Fire_GrenadeLauncher_W.uexp" 2760
"D:/UE_project/Blaster/Content/Assets/MilitaryWeapSilver/Sound/GrenadeLauncher/Wavs/GrenadeLauncher_Lower.ubulk" 2761
"D:/UE_project/Blaster/Content/Assets/MilitaryWeapSilver/Sound/GrenadeLauncher/Wavs/GrenadeLauncher_Lower.uasset" 2762
"D:/UE_project/Blaster/Content/Assets/MilitaryWeapSilver/Sound/GrenadeLauncher/Wavs/GrenadeLauncher_Lower.uexp" 2763
"D:/UE_project/Blaster/Content/Assets/MilitaryWeapSilver/Sound/GrenadeLauncher/Cues/GrenadeLauncher_Lower_Cue.uasset" 2764
"D:/UE_project/Blaster/Content/Assets/MilitaryWeapSilver/Sound/GrenadeLauncher/Cues/GrenadeLauncher_Lower_Cue.uexp" 2765
"D:/UE_project/Blaster/Content/Blueprint/Weapon/BP_GrenadeLauncher.uasset" 2766
"D:/UE_project/Blaster/Content/Blueprint/Weapon/BP_GrenadeLauncher.uexp" 2767
"../../../Engine/Content/BasicShapes/Sphere.ubulk" 2768
"../../../Engine/Content/BasicShapes/Sphere.uasset" 2769
"../../../Engine/Content/BasicShapes/Sphere.uexp" 2770
"D:/UE_project/Blaster/Content/Assets/AnimeCitySuburbs/Blueprints/BP_HangingWire.uasset" 2771
"D:/UE_project/Blaster/Content/Assets/AnimeCitySuburbs/Blueprints/BP_HangingWire.uexp" 2772
"D:/UE_project/Blaster/Content/Assets/AnimeCitySuburbs/Materials/MI_Metal_02.uasset" 2773
"D:/UE_project/Blaster/Content/Assets/AnimeCitySuburbs/Materials/MI_Metal_02.uexp" 2774
"D:/UE_project/Blaster/Content/Assets/AnimeCitySuburbs/Models/Fence/SM_Fence02.ubulk" 2775
"D:/UE_project/Blaster/Content/Assets/AnimeCitySuburbs/Models/Fence/SM_Fence02.uasset" 2776
"D:/UE_project/Blaster/Content/Assets/AnimeCitySuburbs/Models/Fence/SM_Fence02.uexp" 2777
"D:/UE_project/Blaster/Content/Assets/AnimeCitySuburbs/Models/Props/SM_Sign8.ubulk" 2778
"D:/UE_project/Blaster/Content/Assets/AnimeCitySuburbs/Models/Props/SM_Sign8.uasset" 2779
"D:/UE_project/Blaster/Content/Assets/AnimeCitySuburbs/Models/Props/SM_Sign8.uexp" 2780
"D:/UE_project/Blaster/Content/Assets/AnimeCitySuburbs/Textures/T_FastFoodStand01_BC_.ubulk" 2781
"D:/UE_project/Blaster/Content/Assets/AnimeCitySuburbs/Textures/T_FastFoodStand01_BC_.uasset" 2782
"D:/UE_project/Blaster/Content/Assets/AnimeCitySuburbs/Textures/T_FastFoodStand01_BC_.uexp" 2783
"D:/UE_project/Blaster/Content/Assets/AnimeCitySuburbs/Materials/MI_FastFoodStand01.uasset" 2784
"D:/UE_project/Blaster/Content/Assets/AnimeCitySuburbs/Materials/MI_FastFoodStand01.uexp" 2785
"D:/UE_project/Blaster/Content/Assets/AnimeCitySuburbs/Models/Props/SM_fastfoodStand01.ubulk" 2786
"D:/UE_project/Blaster/Content/Assets/AnimeCitySuburbs/Models/Props/SM_fastfoodStand01.uasset" 2787
"D:/UE_project/Blaster/Content/Assets/AnimeCitySuburbs/Models/Props/SM_fastfoodStand01.uexp" 2788
"D:/UE_project/Blaster/Content/Assets/AnimeCitySuburbs/Textures/Vehicles/T_Bike_BC.ubulk" 2789
"D:/UE_project/Blaster/Content/Assets/AnimeCitySuburbs/Textures/Vehicles/T_Bike_BC.uasset" 2790
"D:/UE_project/Blaster/Content/Assets/AnimeCitySuburbs/Textures/Vehicles/T_Bike_BC.uexp" 2791
"D:/UE_project/Blaster/Content/Assets/AnimeCitySuburbs/Textures/Vehicles/T_Bike_ORM.ubulk" 2792
"D:/UE_project/Blaster/Content/Assets/AnimeCitySuburbs/Textures/Vehicles/T_Bike_ORM.uasset" 2793
"D:/UE_project/Blaster/Content/Assets/AnimeCitySuburbs/Textures/Vehicles/T_Bike_ORM.uexp" 2794
"D:/UE_project/Blaster/Content/Assets/AnimeCitySuburbs/Textures/Vehicles/T_Bike_N.ubulk" 2795
"D:/UE_project/Blaster/Content/Assets/AnimeCitySuburbs/Textures/Vehicles/T_Bike_N.uasset" 2796
"D:/UE_project/Blaster/Content/Assets/AnimeCitySuburbs/Textures/Vehicles/T_Bike_N.uexp" 2797
"D:/UE_project/Blaster/Content/Assets/AnimeCitySuburbs/Materials/MI_Bike.uasset" 2798
"D:/UE_project/Blaster/Content/Assets/AnimeCitySuburbs/Materials/MI_Bike.uexp" 2799
"D:/UE_project/Blaster/Content/Assets/AnimeCitySuburbs/Models/Vehicles/SM_Bike.ubulk" 2800
"D:/UE_project/Blaster/Content/Assets/AnimeCitySuburbs/Models/Vehicles/SM_Bike.uasset" 2801
"D:/UE_project/Blaster/Content/Assets/AnimeCitySuburbs/Models/Vehicles/SM_Bike.uexp" 2802
"D:/UE_project/Blaster/Content/Assets/AnimeCitySuburbs/Models/Vehicles/SM_BikeTire2.ubulk" 2803
"D:/UE_project/Blaster/Content/Assets/AnimeCitySuburbs/Models/Vehicles/SM_BikeTire2.uasset" 2804
"D:/UE_project/Blaster/Content/Assets/AnimeCitySuburbs/Models/Vehicles/SM_BikeTire2.uexp" 2805
"D:/UE_project/Blaster/Content/Assets/AnimeCitySuburbs/Models/Vehicles/SM_BikeTIre1.ubulk" 2806
"D:/UE_project/Blaster/Content/Assets/AnimeCitySuburbs/Models/Vehicles/SM_BikeTIre1.uasset" 2807
"D:/UE_project/Blaster/Content/Assets/AnimeCitySuburbs/Models/Vehicles/SM_BikeTIre1.uexp" 2808
"D:/UE_project/Blaster/Content/Assets/AnimeCitySuburbs/Blueprints/Vehicles/BP_Bike.uasset" 2809
"D:/UE_project/Blaster/Content/Assets/AnimeCitySuburbs/Blueprints/Vehicles/BP_Bike.uexp" 2810
"D:/UE_project/Blaster/Content/Assets/AnimeCitySuburbs/Textures/T_PotPlant_A.ubulk" 2811
"D:/UE_project/Blaster/Content/Assets/AnimeCitySuburbs/Textures/T_PotPlant_A.uasset" 2812
"D:/UE_project/Blaster/Content/Assets/AnimeCitySuburbs/Textures/T_PotPlant_A.uexp" 2813
"D:/UE_project/Blaster/Content/Assets/AnimeCitySuburbs/Textures/T_Plant_MT.ubulk" 2814
"D:/UE_project/Blaster/Content/Assets/AnimeCitySuburbs/Textures/T_Plant_MT.uasset" 2815
"D:/UE_project/Blaster/Content/Assets/AnimeCitySuburbs/Textures/T_Plant_MT.uexp" 2816
"D:/UE_project/Blaster/Content/Assets/AnimeCitySuburbs/Textures/T_PotPlant_N.ubulk" 2817
"D:/UE_project/Blaster/Content/Assets/AnimeCitySuburbs/Textures/T_PotPlant_N.uasset" 2818
"D:/UE_project/Blaster/Content/Assets/AnimeCitySuburbs/Textures/T_PotPlant_N.uexp" 2819
"D:/UE_project/Blaster/Content/Assets/AnimeCitySuburbs/Materials/MI_Plant.uasset" 2820
"D:/UE_project/Blaster/Content/Assets/AnimeCitySuburbs/Materials/MI_Plant.uexp" 2821
"D:/UE_project/Blaster/Content/Assets/AnimeCitySuburbs/Models/Props/SM_PotPlant03.ubulk" 2822
"D:/UE_project/Blaster/Content/Assets/AnimeCitySuburbs/Models/Props/SM_PotPlant03.uasset" 2823
"D:/UE_project/Blaster/Content/Assets/AnimeCitySuburbs/Models/Props/SM_PotPlant03.uexp" 2824
"D:/UE_project/Blaster/Content/Assets/AnimeCitySuburbs/Blueprints/Shop/BP_StreetVendor02.uasset" 2825
"D:/UE_project/Blaster/Content/Assets/AnimeCitySuburbs/Blueprints/Shop/BP_StreetVendor02.uexp" 2826
"D:/UE_project/Blaster/Content/Assets/AnimeCitySuburbs/Models/Lanterns/SM_Lantern1.ubulk" 2827
"D:/UE_project/Blaster/Content/Assets/AnimeCitySuburbs/Models/Lanterns/SM_Lantern1.uasset" 2828
"D:/UE_project/Blaster/Content/Assets/AnimeCitySuburbs/Models/Lanterns/SM_Lantern1.uexp" 2829
"D:/UE_project/Blaster/Content/Assets/AnimeCitySuburbs/Materials/MI_Leaves04.uasset" 2830
"D:/UE_project/Blaster/Content/Assets/AnimeCitySuburbs/Materials/MI_Leaves04.uexp" 2831
"D:/UE_project/Blaster/Content/Assets/AnimeCitySuburbs/Textures/T_SignTEch_ORM.ubulk" 2832
"D:/UE_project/Blaster/Content/Assets/AnimeCitySuburbs/Textures/T_SignTEch_ORM.uasset" 2833
"D:/UE_project/Blaster/Content/Assets/AnimeCitySuburbs/Textures/T_SignTEch_ORM.uexp" 2834
"D:/UE_project/Blaster/Content/Assets/AnimeCitySuburbs/Materials/MI_Asphalt_Inst.uasset" 2835
"D:/UE_project/Blaster/Content/Assets/AnimeCitySuburbs/Materials/MI_Asphalt_Inst.uexp" 2836
"D:/UE_project/Blaster/Content/Assets/AnimeCitySuburbs/Textures/T_Stool_BC.ubulk" 2837
"D:/UE_project/Blaster/Content/Assets/AnimeCitySuburbs/Textures/T_Stool_BC.uasset" 2838
"D:/UE_project/Blaster/Content/Assets/AnimeCitySuburbs/Textures/T_Stool_BC.uexp" 2839
"D:/UE_project/Blaster/Content/Assets/AnimeCitySuburbs/Textures/T_Stool_ORM.ubulk" 2840
"D:/UE_project/Blaster/Content/Assets/AnimeCitySuburbs/Textures/T_Stool_ORM.uasset" 2841
"D:/UE_project/Blaster/Content/Assets/AnimeCitySuburbs/Textures/T_Stool_ORM.uexp" 2842
"D:/UE_project/Blaster/Content/Assets/AnimeCitySuburbs/Textures/T_Stool_E.ubulk" 2843
"D:/UE_project/Blaster/Content/Assets/AnimeCitySuburbs/Textures/T_Stool_E.uasset" 2844
"D:/UE_project/Blaster/Content/Assets/AnimeCitySuburbs/Textures/T_Stool_E.uexp" 2845
"D:/UE_project/Blaster/Content/Assets/AnimeCitySuburbs/Textures/T_Stool_N.ubulk" 2846
"D:/UE_project/Blaster/Content/Assets/AnimeCitySuburbs/Textures/T_Stool_N.uasset" 2847
"D:/UE_project/Blaster/Content/Assets/AnimeCitySuburbs/Textures/T_Stool_N.uexp" 2848
"D:/UE_project/Blaster/Content/Assets/AnimeCitySuburbs/Materials/MI_Stool.uasset" 2849
"D:/UE_project/Blaster/Content/Assets/AnimeCitySuburbs/Materials/MI_Stool.uexp" 2850
"D:/UE_project/Blaster/Content/Assets/AnimeCitySuburbs/Models/Props/SM_Stool.ubulk" 2851
"D:/UE_project/Blaster/Content/Assets/AnimeCitySuburbs/Models/Props/SM_Stool.uasset" 2852
"D:/UE_project/Blaster/Content/Assets/AnimeCitySuburbs/Models/Props/SM_Stool.uexp" 2853
"D:/UE_project/Blaster/Content/Assets/AnimeCitySuburbs/Materials/MI_Windows_Inst_Inst_Inst2.uasset" 2854
"D:/UE_project/Blaster/Content/Assets/AnimeCitySuburbs/Materials/MI_Windows_Inst_Inst_Inst2.uexp" 2855
"D:/UE_project/Blaster/Content/Assets/AnimeCitySuburbs/Textures/T_Water_N.ubulk" 2856
"D:/UE_project/Blaster/Content/Assets/AnimeCitySuburbs/Textures/T_Water_N.uasset" 2857
"D:/UE_project/Blaster/Content/Assets/AnimeCitySuburbs/Textures/T_Water_N.uexp" 2858
"../../../Engine/Content/Functions/Engine_MaterialFunctions02/Math/DeriveNormalZ_Function.uasset" 2859
"../../../Engine/Content/Functions/Engine_MaterialFunctions02/Math/DeriveNormalZ_Function.uexp" 2860
"D:/UE_project/Blaster/Content/Assets/AnimeCitySuburbs/Materials/M_Water.uasset" 2861
"D:/UE_project/Blaster/Content/Assets/AnimeCitySuburbs/Materials/M_Water.uexp" 2862
"D:/UE_project/Blaster/Content/Assets/AnimeCitySuburbs/Materials/MI_Water.uasset" 2863
"D:/UE_project/Blaster/Content/Assets/AnimeCitySuburbs/Materials/MI_Water.uexp" 2864
"D:/UE_project/Blaster/Content/Assets/AnimeCitySuburbs/Models/Decals/SM_StreetMarkings_Stop.ubulk" 2865
"D:/UE_project/Blaster/Content/Assets/AnimeCitySuburbs/Models/Decals/SM_StreetMarkings_Stop.uasset" 2866
"D:/UE_project/Blaster/Content/Assets/AnimeCitySuburbs/Models/Decals/SM_StreetMarkings_Stop.uexp" 2867
"D:/UE_project/Blaster/Content/Assets/AnimeCitySuburbs/Models/BuildingPieces/SM_BlockB3.ubulk" 2868
"D:/UE_project/Blaster/Content/Assets/AnimeCitySuburbs/Models/BuildingPieces/SM_BlockB3.uasset" 2869
"D:/UE_project/Blaster/Content/Assets/AnimeCitySuburbs/Models/BuildingPieces/SM_BlockB3.uexp" 2870
"D:/UE_project/Blaster/Content/Assets/AnimeCitySuburbs/Models/BuildingPieces/SM_WallE_02.ubulk" 2871
"D:/UE_project/Blaster/Content/Assets/AnimeCitySuburbs/Models/BuildingPieces/SM_WallE_02.uasset" 2872
"D:/UE_project/Blaster/Content/Assets/AnimeCitySuburbs/Models/BuildingPieces/SM_WallE_02.uexp" 2873
"D:/UE_project/Blaster/Content/Assets/MilitaryWeapSilver/Pickups/Textures/Pickup_Masks.ubulk" 2874
"D:/UE_project/Blaster/Content/Assets/MilitaryWeapSilver/Pickups/Textures/Pickup_Masks.uasset" 2875
"D:/UE_project/Blaster/Content/Assets/MilitaryWeapSilver/Pickups/Textures/Pickup_Masks.uexp" 2876
"D:/UE_project/Blaster/Content/Assets/MilitaryWeapSilver/Pickups/Textures/Pickup_Norm.ubulk" 2877
"D:/UE_project/Blaster/Content/Assets/MilitaryWeapSilver/Pickups/Textures/Pickup_Norm.uasset" 2878
"D:/UE_project/Blaster/Content/Assets/MilitaryWeapSilver/Pickups/Textures/Pickup_Norm.uexp" 2879
"D:/UE_project/Blaster/Content/Assets/MilitaryWeapSilver/Pickups/Textures/Pickup_Diff.ubulk" 2880
"D:/UE_project/Blaster/Content/Assets/MilitaryWeapSilver/Pickups/Textures/Pickup_Diff.uasset" 2881
"D:/UE_project/Blaster/Content/Assets/MilitaryWeapSilver/Pickups/Textures/Pickup_Diff.uexp" 2882
"D:/UE_project/Blaster/Content/Assets/MilitaryWeapSilver/Pickups/Materials/M_Pickups_Inst.uasset" 2883
"D:/UE_project/Blaster/Content/Assets/MilitaryWeapSilver/Pickups/Materials/M_Pickups_Inst.uexp" 2884
"D:/UE_project/Blaster/Content/Assets/MilitaryWeapSilver/Pickups/Pistol_Pickup.ubulk" 2885
"D:/UE_project/Blaster/Content/Assets/MilitaryWeapSilver/Pickups/Pistol_Pickup.uasset" 2886
"D:/UE_project/Blaster/Content/Assets/MilitaryWeapSilver/Pickups/Pistol_Pickup.uexp" 2887
"D:/UE_project/Blaster/Content/Assets/MilitaryWeapSilver/Sound/Pistol/Wavs/Pistol_AmmoPickup.ubulk" 2888
"D:/UE_project/Blaster/Content/Assets/MilitaryWeapSilver/Sound/Pistol/Wavs/Pistol_AmmoPickup.uasset" 2889
"D:/UE_project/Blaster/Content/Assets/MilitaryWeapSilver/Sound/Pistol/Wavs/Pistol_AmmoPickup.uexp" 2890
"D:/UE_project/Blaster/Content/Assets/MilitaryWeapSilver/Sound/Pistol/Cues/Pistol_AmmoPickup_Cue.uasset" 2891
"D:/UE_project/Blaster/Content/Assets/MilitaryWeapSilver/Sound/Pistol/Cues/Pistol_AmmoPickup_Cue.uexp" 2892
"D:/UE_project/Blaster/Content/Blueprint/Pickups/AmmoPickups/BP_PistolAmmo.uasset" 2893
"D:/UE_project/Blaster/Content/Blueprint/Pickups/AmmoPickups/BP_PistolAmmo.uexp" 2894
"D:/UE_project/Blaster/Content/Assets/MilitaryWeapSilver/Pickups/GrenadeLauncher_Pickup.ubulk" 2895
"D:/UE_project/Blaster/Content/Assets/MilitaryWeapSilver/Pickups/GrenadeLauncher_Pickup.uasset" 2896
"D:/UE_project/Blaster/Content/Assets/MilitaryWeapSilver/Pickups/GrenadeLauncher_Pickup.uexp" 2897
"D:/UE_project/Blaster/Content/Assets/MilitaryWeapSilver/Sound/GrenadeLauncher/Wavs/GrenadeLauncher_AmmoPickup.ubulk" 2898
"D:/UE_project/Blaster/Content/Assets/MilitaryWeapSilver/Sound/GrenadeLauncher/Wavs/GrenadeLauncher_AmmoPickup.uasset" 2899
"D:/UE_project/Blaster/Content/Assets/MilitaryWeapSilver/Sound/GrenadeLauncher/Wavs/GrenadeLauncher_AmmoPickup.uexp" 2900
"D:/UE_project/Blaster/Content/Assets/MilitaryWeapSilver/Sound/GrenadeLauncher/Cues/GrenadeLauncher_AmmoPickup_Cue.uasset" 2901
"D:/UE_project/Blaster/Content/Assets/MilitaryWeapSilver/Sound/GrenadeLauncher/Cues/GrenadeLauncher_AmmoPickup_Cue.uexp" 2902
"D:/UE_project/Blaster/Content/Blueprint/Pickups/AmmoPickups/BP_GrenadeAmmo.uasset" 2903
"D:/UE_project/Blaster/Content/Blueprint/Pickups/AmmoPickups/BP_GrenadeAmmo.uexp" 2904
"D:/UE_project/Blaster/Content/Assets/FPS_Weapon_Bundle/Weapons/Meshes/SMG11/SM_SMG11_Mag_X.ubulk" 2905
"D:/UE_project/Blaster/Content/Assets/FPS_Weapon_Bundle/Weapons/Meshes/SMG11/SM_SMG11_Mag_X.uasset" 2906
"D:/UE_project/Blaster/Content/Assets/FPS_Weapon_Bundle/Weapons/Meshes/SMG11/SM_SMG11_Mag_X.uexp" 2907
"D:/UE_project/Blaster/Content/Blueprint/Pickups/AmmoPickups/BP_SMGAmmo.uasset" 2908
"D:/UE_project/Blaster/Content/Blueprint/Pickups/AmmoPickups/BP_SMGAmmo.uexp" 2909
"D:/UE_project/Blaster/Content/Assets/MilitaryWeapSilver/Pickups/AssaultRifle_Pickup.ubulk" 2910
"D:/UE_project/Blaster/Content/Assets/MilitaryWeapSilver/Pickups/AssaultRifle_Pickup.uasset" 2911
"D:/UE_project/Blaster/Content/Assets/MilitaryWeapSilver/Pickups/AssaultRifle_Pickup.uexp" 2912
"D:/UE_project/Blaster/Content/Assets/MilitaryWeapSilver/Sound/Rifle/Wavs/Rifle_AmmoPickup.ubulk" 2913
"D:/UE_project/Blaster/Content/Assets/MilitaryWeapSilver/Sound/Rifle/Wavs/Rifle_AmmoPickup.uasset" 2914
"D:/UE_project/Blaster/Content/Assets/MilitaryWeapSilver/Sound/Rifle/Wavs/Rifle_AmmoPickup.uexp" 2915
"D:/UE_project/Blaster/Content/Assets/MilitaryWeapSilver/Sound/Rifle/Cues/Rifle_AmmoPickup_Cue.uasset" 2916
"D:/UE_project/Blaster/Content/Assets/MilitaryWeapSilver/Sound/Rifle/Cues/Rifle_AmmoPickup_Cue.uexp" 2917
"D:/UE_project/Blaster/Content/Blueprint/Pickups/AmmoPickups/BP_ARAmmo.uasset" 2918
"D:/UE_project/Blaster/Content/Blueprint/Pickups/AmmoPickups/BP_ARAmmo.uexp" 2919
"D:/UE_project/Blaster/Content/Assets/MilitaryWeapSilver/Pickups/Shotgun_Pickup.ubulk" 2920
"D:/UE_project/Blaster/Content/Assets/MilitaryWeapSilver/Pickups/Shotgun_Pickup.uasset" 2921
"D:/UE_project/Blaster/Content/Assets/MilitaryWeapSilver/Pickups/Shotgun_Pickup.uexp" 2922
"D:/UE_project/Blaster/Content/Assets/MilitaryWeapSilver/Sound/Shotgun/Wavs/Shotgun_AmmoPickup.ubulk" 2923
"D:/UE_project/Blaster/Content/Assets/MilitaryWeapSilver/Sound/Shotgun/Wavs/Shotgun_AmmoPickup.uasset" 2924
"D:/UE_project/Blaster/Content/Assets/MilitaryWeapSilver/Sound/Shotgun/Wavs/Shotgun_AmmoPickup.uexp" 2925
"D:/UE_project/Blaster/Content/Assets/MilitaryWeapSilver/Sound/Shotgun/Cues/Shotgun_AmmoPickup_Cue.uasset" 2926
"D:/UE_project/Blaster/Content/Assets/MilitaryWeapSilver/Sound/Shotgun/Cues/Shotgun_AmmoPickup_Cue.uexp" 2927
"D:/UE_project/Blaster/Content/Blueprint/Pickups/AmmoPickups/BP_ShutgunAmmo.uasset" 2928
"D:/UE_project/Blaster/Content/Blueprint/Pickups/AmmoPickups/BP_ShutgunAmmo.uexp" 2929
"D:/UE_project/Blaster/Content/Assets/MilitaryWeapSilver/Pickups/RocketLauncher_Pickup.ubulk" 2930
"D:/UE_project/Blaster/Content/Assets/MilitaryWeapSilver/Pickups/RocketLauncher_Pickup.uasset" 2931
"D:/UE_project/Blaster/Content/Assets/MilitaryWeapSilver/Pickups/RocketLauncher_Pickup.uexp" 2932
"D:/UE_project/Blaster/Content/Assets/MilitaryWeapSilver/Sound/RocketLauncher/Wavs/RocketLauncher_AmmoPickup.ubulk" 2933
"D:/UE_project/Blaster/Content/Assets/MilitaryWeapSilver/Sound/RocketLauncher/Wavs/RocketLauncher_AmmoPickup.uasset" 2934
"D:/UE_project/Blaster/Content/Assets/MilitaryWeapSilver/Sound/RocketLauncher/Wavs/RocketLauncher_AmmoPickup.uexp" 2935
"D:/UE_project/Blaster/Content/Assets/MilitaryWeapSilver/Sound/RocketLauncher/Cues/RocketLauncher_AmmoPickup_Cue.uasset" 2936
"D:/UE_project/Blaster/Content/Assets/MilitaryWeapSilver/Sound/RocketLauncher/Cues/RocketLauncher_AmmoPickup_Cue.uexp" 2937
"D:/UE_project/Blaster/Content/Blueprint/Pickups/AmmoPickups/BP_RocketAmmo.uasset" 2938
"D:/UE_project/Blaster/Content/Blueprint/Pickups/AmmoPickups/BP_RocketAmmo.uexp" 2939
"D:/UE_project/Blaster/Content/Assets/MilitaryWeapSilver/Pickups/SniperRifle_Pickup.ubulk" 2940
"D:/UE_project/Blaster/Content/Assets/MilitaryWeapSilver/Pickups/SniperRifle_Pickup.uasset" 2941
"D:/UE_project/Blaster/Content/Assets/MilitaryWeapSilver/Pickups/SniperRifle_Pickup.uexp" 2942
"D:/UE_project/Blaster/Content/Assets/MilitaryWeapSilver/Sound/SniperRifle/Wavs/SniperRifle_AmmoPickup.ubulk" 2943
"D:/UE_project/Blaster/Content/Assets/MilitaryWeapSilver/Sound/SniperRifle/Wavs/SniperRifle_AmmoPickup.uasset" 2944
"D:/UE_project/Blaster/Content/Assets/MilitaryWeapSilver/Sound/SniperRifle/Wavs/SniperRifle_AmmoPickup.uexp" 2945
"D:/UE_project/Blaster/Content/Assets/MilitaryWeapSilver/Sound/SniperRifle/Cues/SniperRifle_AmmoPickup_Cue.uasset" 2946
"D:/UE_project/Blaster/Content/Assets/MilitaryWeapSilver/Sound/SniperRifle/Cues/SniperRifle_AmmoPickup_Cue.uexp" 2947
"D:/UE_project/Blaster/Content/Blueprint/Pickups/AmmoPickups/BP_SniperRifleAmmo.uasset" 2948
"D:/UE_project/Blaster/Content/Blueprint/Pickups/AmmoPickups/BP_SniperRifleAmmo.uexp" 2949
"D:/UE_project/Blaster/Content/Blueprint/Pickups/BP_AmmoSpawnPoint.uasset" 2950
"D:/UE_project/Blaster/Content/Blueprint/Pickups/BP_AmmoSpawnPoint.uexp" 2951
"D:/UE_project/Blaster/Content/Assets/AnimeCitySuburbs/Textures/T_Quack_BC.ubulk" 2952
"D:/UE_project/Blaster/Content/Assets/AnimeCitySuburbs/Textures/T_Quack_BC.uasset" 2953
"D:/UE_project/Blaster/Content/Assets/AnimeCitySuburbs/Textures/T_Quack_BC.uexp" 2954
"D:/UE_project/Blaster/Content/Assets/AnimeCitySuburbs/Textures/T_Quack_ORM.ubulk" 2955
"D:/UE_project/Blaster/Content/Assets/AnimeCitySuburbs/Textures/T_Quack_ORM.uasset" 2956
"D:/UE_project/Blaster/Content/Assets/AnimeCitySuburbs/Textures/T_Quack_ORM.uexp" 2957
"D:/UE_project/Blaster/Content/Assets/AnimeCitySuburbs/Textures/T_Quack_N.ubulk" 2958
"D:/UE_project/Blaster/Content/Assets/AnimeCitySuburbs/Textures/T_Quack_N.uasset" 2959
"D:/UE_project/Blaster/Content/Assets/AnimeCitySuburbs/Textures/T_Quack_N.uexp" 2960
"D:/UE_project/Blaster/Content/Assets/AnimeCitySuburbs/Materials/MI_Quack.uasset" 2961
"D:/UE_project/Blaster/Content/Assets/AnimeCitySuburbs/Materials/MI_Quack.uexp" 2962
"D:/UE_project/Blaster/Content/Assets/AnimeCitySuburbs/Models/Props/SM_DRQuack.ubulk" 2963
"D:/UE_project/Blaster/Content/Assets/AnimeCitySuburbs/Models/Props/SM_DRQuack.uasset" 2964
"D:/UE_project/Blaster/Content/Assets/AnimeCitySuburbs/Models/Props/SM_DRQuack.uexp" 2965
"D:/UE_project/Blaster/Content/Assets/AnimeCitySuburbs/Models/Park/SM_PavementT.ubulk" 2966
"D:/UE_project/Blaster/Content/Assets/AnimeCitySuburbs/Models/Park/SM_PavementT.uasset" 2967
"D:/UE_project/Blaster/Content/Assets/AnimeCitySuburbs/Models/Park/SM_PavementT.uexp" 2968
"D:/UE_project/Blaster/Content/Assets/Textures/UI_Buttom/T_Border.uasset" 2969
"D:/UE_project/Blaster/Content/Assets/Textures/UI_Buttom/T_Border.uexp" 2970
"D:/UE_project/Blaster/Content/Assets/Textures/UI_Buttom/T_ButtomBorderExit.uasset" 2971
"D:/UE_project/Blaster/Content/Assets/Textures/UI_Buttom/T_ButtomBorderExit.uexp" 2972
"D:/UE_project/Blaster/Content/Assets/Textures/UI_Buttom/T_ButtomBorderText.uasset" 2973
"D:/UE_project/Blaster/Content/Assets/Textures/UI_Buttom/T_ButtomBorderText.uexp" 2974
"D:/UE_project/Blaster/Content/Assets/Textures/UI_Buttom/T_ButtomBorderInput.uasset" 2975
"D:/UE_project/Blaster/Content/Assets/Textures/UI_Buttom/T_ButtomBorderInput.uexp" 2976
"D:/UE_project/Blaster/Content/Blueprint/HUD/WBP_ReturnToMainMenu.uasset" 2977
"D:/UE_project/Blaster/Content/Blueprint/HUD/WBP_ReturnToMainMenu.uexp" 2978
"D:/UE_project/Blaster/Content/Blueprint/Input/Actions/IA_Quit.uasset" 2979
"D:/UE_project/Blaster/Content/Blueprint/Input/Actions/IA_Quit.uexp" 2980
"D:/UE_project/Blaster/Content/Blueprint/Input/Actions/IA_Fire.uasset" 2981
"D:/UE_project/Blaster/Content/Blueprint/Input/Actions/IA_Fire.uexp" 2982
"D:/UE_project/Blaster/Content/Blueprint/Input/Actions/IA_Crouch.uasset" 2983
"D:/UE_project/Blaster/Content/Blueprint/Input/Actions/IA_Crouch.uexp" 2984
"D:/UE_project/Blaster/Content/Blueprint/Input/Actions/IA_Move.uasset" 2985
"D:/UE_project/Blaster/Content/Blueprint/Input/Actions/IA_Move.uexp" 2986
"D:/UE_project/Blaster/Content/Blueprint/Input/Actions/IA_Aim.uasset" 2987
"D:/UE_project/Blaster/Content/Blueprint/Input/Actions/IA_Aim.uexp" 2988
"D:/UE_project/Blaster/Content/Blueprint/Input/Actions/IA_Look.uasset" 2989
"D:/UE_project/Blaster/Content/Blueprint/Input/Actions/IA_Look.uexp" 2990
"D:/UE_project/Blaster/Content/Blueprint/Input/Actions/IA_Reload.uasset" 2991
"D:/UE_project/Blaster/Content/Blueprint/Input/Actions/IA_Reload.uexp" 2992
"D:/UE_project/Blaster/Content/Blueprint/Input/Actions/IA_Equip.uasset" 2993
"D:/UE_project/Blaster/Content/Blueprint/Input/Actions/IA_Equip.uexp" 2994
"D:/UE_project/Blaster/Content/Blueprint/Input/Actions/IA_Jump.uasset" 2995
"D:/UE_project/Blaster/Content/Blueprint/Input/Actions/IA_Jump.uexp" 2996
"D:/UE_project/Blaster/Content/Blueprint/Input/Actions/IA_ThrowGrenage.uasset" 2997
"D:/UE_project/Blaster/Content/Blueprint/Input/Actions/IA_ThrowGrenage.uexp" 2998
"D:/UE_project/Blaster/Content/Blueprint/Input/IMC_Blaster.uasset" 2999
"D:/UE_project/Blaster/Content/Blueprint/Input/IMC_Blaster.uexp" 3000
"D:/UE_project/Blaster/Content/Blueprint/PlayerController/BP_TeamPlayerController.uasset" 3001
"D:/UE_project/Blaster/Content/Blueprint/PlayerController/BP_TeamPlayerController.uexp" 3002
"D:/UE_project/Blaster/Content/Assets/Textures/WeaponIcon/GrenadeLauncherIcon.uasset" 3003
"D:/UE_project/Blaster/Content/Assets/Textures/WeaponIcon/GrenadeLauncherIcon.uexp" 3004
"D:/UE_project/Blaster/Content/Assets/Textures/WeaponIcon/GrenadeIcon.uasset" 3005
"D:/UE_project/Blaster/Content/Assets/Textures/WeaponIcon/GrenadeIcon.uexp" 3006
"D:/UE_project/Blaster/Content/Assets/Textures/WeaponIcon/RifleIcon.uasset" 3007
"D:/UE_project/Blaster/Content/Assets/Textures/WeaponIcon/RifleIcon.uexp" 3008
"D:/UE_project/Blaster/Content/Assets/Textures/WeaponIcon/SniperRifleIcon.uasset" 3009
"D:/UE_project/Blaster/Content/Assets/Textures/WeaponIcon/SniperRifleIcon.uexp" 3010
"D:/UE_project/Blaster/Content/Assets/Textures/WeaponIcon/PistolIcon.uasset" 3011
"D:/UE_project/Blaster/Content/Assets/Textures/WeaponIcon/PistolIcon.uexp" 3012
"D:/UE_project/Blaster/Content/Assets/Textures/WeaponIcon/SMGIcon.uasset" 3013
"D:/UE_project/Blaster/Content/Assets/Textures/WeaponIcon/SMGIcon.uexp" 3014
"D:/UE_project/Blaster/Content/Assets/Textures/WeaponIcon/ShotGunIcon.uasset" 3015
"D:/UE_project/Blaster/Content/Assets/Textures/WeaponIcon/ShotGunIcon.uexp" 3016
"D:/UE_project/Blaster/Content/Assets/Textures/WeaponIcon/RocketLauncherIcon.uasset" 3017
"D:/UE_project/Blaster/Content/Assets/Textures/WeaponIcon/RocketLauncherIcon.uexp" 3018
"D:/UE_project/Blaster/Content/Blueprint/HUD/WBP_ElimAnnouncement.uasset" 3019
"D:/UE_project/Blaster/Content/Blueprint/HUD/WBP_ElimAnnouncement.uexp" 3020
"D:/UE_project/Blaster/Content/Assets/Textures/Score/T_Score.ubulk" 3021
"D:/UE_project/Blaster/Content/Assets/Textures/Score/T_Score.uasset" 3022
"D:/UE_project/Blaster/Content/Assets/Textures/Score/T_Score.uexp" 3023
"D:/UE_project/Blaster/Content/Assets/Textures/Grenades/GrenadeTextureOutlined12.uasset" 3024
"D:/UE_project/Blaster/Content/Assets/Textures/Grenades/GrenadeTextureOutlined12.uexp" 3025
"D:/UE_project/Blaster/Content/Assets/Textures/Overlay/HealthIcon.uasset" 3026
"D:/UE_project/Blaster/Content/Assets/Textures/Overlay/HealthIcon.uexp" 3027
"D:/UE_project/Blaster/Content/Assets/Fonts/KaiShu.uexp" 3028
"D:/UE_project/Blaster/Content/Assets/Fonts/KaiShu.uasset" 3029
"D:/UE_project/Blaster/Content/Assets/Fonts/KaiShu.ufont" 3030
"D:/UE_project/Blaster/Content/Assets/Fonts/KaiShu_Font.uasset" 3031
"D:/UE_project/Blaster/Content/Assets/Fonts/KaiShu_Font.uexp" 3032
"D:/UE_project/Blaster/Content/Assets/Textures/Overlay/Wifi_Signal.uasset" 3033
"D:/UE_project/Blaster/Content/Assets/Textures/Overlay/Wifi_Signal.uexp" 3034
"D:/UE_project/Blaster/Content/Assets/Textures/Overlay/ShieldIcon.uasset" 3035
"D:/UE_project/Blaster/Content/Assets/Textures/Overlay/ShieldIcon.uexp" 3036
"D:/UE_project/Blaster/Content/Assets/Textures/Score/T_Defeats.ubulk" 3037
"D:/UE_project/Blaster/Content/Assets/Textures/Score/T_Defeats.uasset" 3038
"D:/UE_project/Blaster/Content/Assets/Textures/Score/T_Defeats.uexp" 3039
"D:/UE_project/Blaster/Content/Blueprint/HUD/WBP_CharacterOverlay.uasset" 3040
"D:/UE_project/Blaster/Content/Blueprint/HUD/WBP_CharacterOverlay.uexp" 3041
"D:/UE_project/Blaster/Content/Blueprint/HUD/WBP_Announcement.uasset" 3042
"D:/UE_project/Blaster/Content/Blueprint/HUD/WBP_Announcement.uexp" 3043
"D:/UE_project/Blaster/Content/Blueprint/HUD/BP_BlasterHUD.uasset" 3044
"D:/UE_project/Blaster/Content/Blueprint/HUD/BP_BlasterHUD.uexp" 3045
"D:/UE_project/Blaster/Content/Assets/MilitaryWeapSilver/Sound/SniperRifle/Wavs/SniperRifle_ZoomIn.ubulk" 3046
"D:/UE_project/Blaster/Content/Assets/MilitaryWeapSilver/Sound/SniperRifle/Wavs/SniperRifle_ZoomIn.uasset" 3047
"D:/UE_project/Blaster/Content/Assets/MilitaryWeapSilver/Sound/SniperRifle/Wavs/SniperRifle_ZoomIn.uexp" 3048
"D:/UE_project/Blaster/Content/Assets/MilitaryWeapSilver/Sound/SniperRifle/Cues/SniperRifle_ZoomIn_Cue.uasset" 3049
"D:/UE_project/Blaster/Content/Assets/MilitaryWeapSilver/Sound/SniperRifle/Cues/SniperRifle_ZoomIn_Cue.uexp" 3050
"D:/UE_project/Blaster/Content/Assets/Girl/Mesh/Blue/T__11_N.uasset" 3051
"D:/UE_project/Blaster/Content/Assets/Girl/Mesh/Blue/T__11_N.uexp" 3052
"D:/UE_project/Blaster/Plugins/VRM4U/Content/MaterialUtil/MToonUtil/MF_LinearColorConvert.uasset" 3053
"D:/UE_project/Blaster/Plugins/VRM4U/Content/MaterialUtil/MToonUtil/MF_LinearColorConvert.uexp" 3054
"D:/UE_project/Blaster/Plugins/VRM4U/Content/MaterialUtil/T_DummyWhite.uasset" 3055
"D:/UE_project/Blaster/Plugins/VRM4U/Content/MaterialUtil/T_DummyWhite.uexp" 3056
"D:/UE_project/Blaster/Plugins/VRM4U/Content/MaterialUtil/MToonUtil/MPC_MToon.uasset" 3057
"D:/UE_project/Blaster/Plugins/VRM4U/Content/MaterialUtil/MToonUtil/MPC_MToon.uexp" 3058
"D:/UE_project/Blaster/Plugins/VRM4U/Content/MaterialUtil/T_DummyWhite_Linear.uasset" 3059
"D:/UE_project/Blaster/Plugins/VRM4U/Content/MaterialUtil/T_DummyWhite_Linear.uexp" 3060
"D:/UE_project/Blaster/Plugins/VRM4U/Content/MaterialUtil/T_DummyBlack.uasset" 3061
"D:/UE_project/Blaster/Plugins/VRM4U/Content/MaterialUtil/T_DummyBlack.uexp" 3062
"D:/UE_project/Blaster/Plugins/VRM4U/Content/MaterialUtil/MToonUtil/MF_MatCapUV.uasset" 3063
"D:/UE_project/Blaster/Plugins/VRM4U/Content/MaterialUtil/MToonUtil/MF_MatCapUV.uexp" 3064
"D:/UE_project/Blaster/Plugins/VRM4U/Content/MaterialUtil/UE5/MaterialFunction/MF_RimMatcap.uasset" 3065
"D:/UE_project/Blaster/Plugins/VRM4U/Content/MaterialUtil/UE5/MaterialFunction/MF_RimMatcap.uexp" 3066
"D:/UE_project/Blaster/Plugins/VRM4U/Content/MaterialUtil/MToonUtil/MF_FadeRate.uasset" 3067
"D:/UE_project/Blaster/Plugins/VRM4U/Content/MaterialUtil/MToonUtil/MF_FadeRate.uexp" 3068
"D:/UE_project/Blaster/Plugins/VRM4U/Content/MaterialUtil/MToonUtil/MF_MobileHDRSwitch.uasset" 3069
"D:/UE_project/Blaster/Plugins/VRM4U/Content/MaterialUtil/MToonUtil/MF_MobileHDRSwitch.uexp" 3070
"D:/UE_project/Blaster/Plugins/VRM4U/Content/MaterialUtil/UE5/MaterialFunction/MF_MRSA.uasset" 3071
"D:/UE_project/Blaster/Plugins/VRM4U/Content/MaterialUtil/UE5/MaterialFunction/MF_MRSA.uexp" 3072
"D:/UE_project/Blaster/Plugins/VRM4U/Content/MaterialUtil/MToonUtil/MF_TranslucentSwitch.uasset" 3073
"D:/UE_project/Blaster/Plugins/VRM4U/Content/MaterialUtil/MToonUtil/MF_TranslucentSwitch.uexp" 3074
"../../../Engine/Content/Functions/Engine_MaterialFunctions02/Utility/FOV.uasset" 3075
"../../../Engine/Content/Functions/Engine_MaterialFunctions02/Utility/FOV.uexp" 3076
"../../../Engine/Content/Functions/Engine_MaterialFunctions02/WorldPositionOffset/LocalPosition.uasset" 3077
"../../../Engine/Content/Functions/Engine_MaterialFunctions02/WorldPositionOffset/LocalPosition.uexp" 3078
"../../../Engine/Content/Functions/Engine_MaterialFunctions02/Utility/DynamicBranch.uasset" 3079
"../../../Engine/Content/Functions/Engine_MaterialFunctions02/Utility/DynamicBranch.uexp" 3080
"D:/UE_project/Blaster/Plugins/VRM4U/Content/MaterialUtil/MToonUtil/MF_FovFix.uasset" 3081
"D:/UE_project/Blaster/Plugins/VRM4U/Content/MaterialUtil/MToonUtil/MF_FovFix.uexp" 3082
"D:/UE_project/Blaster/Plugins/VRM4U/Content/MaterialUtil/MToonUtil/MF_LightAttenuation.uasset" 3083
"D:/UE_project/Blaster/Plugins/VRM4U/Content/MaterialUtil/MToonUtil/MF_LightAttenuation.uexp" 3084
"D:/UE_project/Blaster/Plugins/VRM4U/Content/MaterialUtil/UE5/MaterialFunction/MF_Shadow.uasset" 3085
"D:/UE_project/Blaster/Plugins/VRM4U/Content/MaterialUtil/UE5/MaterialFunction/MF_Shadow.uexp" 3086
"../../../Engine/Content/Functions/Engine_MaterialFunctions02/ScreenResolution.uasset" 3087
"../../../Engine/Content/Functions/Engine_MaterialFunctions02/ScreenResolution.uexp" 3088
"D:/UE_project/Blaster/Plugins/VRM4U/Content/MaterialUtil/UE5/MaterialFunction/MF_FlakeAndSpark.uasset" 3089
"D:/UE_project/Blaster/Plugins/VRM4U/Content/MaterialUtil/UE5/MaterialFunction/MF_FlakeAndSpark.uexp" 3090
"D:/UE_project/Blaster/Plugins/VRM4U/Content/MaterialUtil/MToonUtil/MF_ShadowSwitch.uasset" 3091
"D:/UE_project/Blaster/Plugins/VRM4U/Content/MaterialUtil/MToonUtil/MF_ShadowSwitch.uexp" 3092
"D:/UE_project/Blaster/Plugins/VRM4U/Content/MaterialUtil/MToonUtil/MF_FovCharacter.uasset" 3093
"D:/UE_project/Blaster/Plugins/VRM4U/Content/MaterialUtil/MToonUtil/MF_FovCharacter.uexp" 3094
"../../../Engine/Content/Functions/Engine_MaterialFunctions02/ExampleContent/Textures/flipbook.ubulk" 3095
"../../../Engine/Content/Functions/Engine_MaterialFunctions02/ExampleContent/Textures/flipbook.uasset" 3096
"../../../Engine/Content/Functions/Engine_MaterialFunctions02/ExampleContent/Textures/flipbook.uexp" 3097
"../../../Engine/Content/Functions/Engine_MaterialFunctions01/Texturing/SkyAtmosphereImage.uasset" 3098
"../../../Engine/Content/Functions/Engine_MaterialFunctions01/Texturing/SkyAtmosphereImage.uexp" 3099
"D:/UE_project/Blaster/Plugins/VRM4U/Content/MaterialUtil/MToonUtil/MF_RaytraceSwitch.uasset" 3100
"D:/UE_project/Blaster/Plugins/VRM4U/Content/MaterialUtil/MToonUtil/MF_RaytraceSwitch.uexp" 3101
"../../../Engine/Content/Functions/Engine_MaterialFunctions01/Vectors/RotateVector.uasset" 3102
"../../../Engine/Content/Functions/Engine_MaterialFunctions01/Vectors/RotateVector.uexp" 3103
"../../../Engine/Content/Functions/Engine_MaterialFunctions01/Texturing/SkyboxImage.uasset" 3104
"../../../Engine/Content/Functions/Engine_MaterialFunctions01/Texturing/SkyboxImage.uexp" 3105
"D:/UE_project/Blaster/Plugins/VRM4U/Content/MaterialUtil/MF_Aniso.uasset" 3106
"D:/UE_project/Blaster/Plugins/VRM4U/Content/MaterialUtil/MF_Aniso.uexp" 3107
"D:/UE_project/Blaster/Plugins/VRM4U/Content/MaterialUtil/T_Dummy_N.uasset" 3108
"D:/UE_project/Blaster/Plugins/VRM4U/Content/MaterialUtil/T_Dummy_N.uexp" 3109
"D:/UE_project/Blaster/Plugins/VRM4U/Content/MaterialUtil/UE5/MaterialFunction/MF_CustomAniso.uasset" 3110
"D:/UE_project/Blaster/Plugins/VRM4U/Content/MaterialUtil/UE5/MaterialFunction/MF_CustomAniso.uexp" 3111
"../../../Engine/Content/Functions/Engine_MaterialFunctions02/ExampleContent/DebugNumberStrip.uasset" 3112
"../../../Engine/Content/Functions/Engine_MaterialFunctions02/ExampleContent/DebugNumberStrip.uexp" 3113
"../../../Engine/Content/Functions/Engine_MaterialFunctions01/Texturing/ComputeMipLevel.uasset" 3114
"../../../Engine/Content/Functions/Engine_MaterialFunctions01/Texturing/ComputeMipLevel.uexp" 3115
"../../../Engine/Content/Functions/Engine_MaterialFunctions01/Texturing/TextureCropping.uasset" 3116
"../../../Engine/Content/Functions/Engine_MaterialFunctions01/Texturing/TextureCropping.uexp" 3117
"../../../Engine/Content/Functions/Engine_MaterialFunctions02/ExampleContent/Textures/DebugNumberPeriod.uasset" 3118
"../../../Engine/Content/Functions/Engine_MaterialFunctions02/ExampleContent/Textures/DebugNumberPeriod.uexp" 3119
"../../../Engine/Content/Functions/Engine_MaterialFunctions02/Utility/DebugScalarValues.uasset" 3120
"../../../Engine/Content/Functions/Engine_MaterialFunctions02/Utility/DebugScalarValues.uexp" 3121
"../../../Engine/Content/Functions/Engine_MaterialFunctions02/Utility/DebugFloat3Values.uasset" 3122
"../../../Engine/Content/Functions/Engine_MaterialFunctions02/Utility/DebugFloat3Values.uexp" 3123
"../../../Engine/Content/Functions/Engine_MaterialFunctions02/Math/RGBtoHSV.uasset" 3124
"../../../Engine/Content/Functions/Engine_MaterialFunctions02/Math/RGBtoHSV.uexp" 3125
"D:/UE_project/Blaster/Plugins/VRM4U/Content/MaterialUtil/MToonUtil/MF_SubsurfaceProfleSwitch.uasset" 3126
"D:/UE_project/Blaster/Plugins/VRM4U/Content/MaterialUtil/MToonUtil/MF_SubsurfaceProfleSwitch.uexp" 3127
"../../../Engine/Content/Functions/MaterialLayerFunctions/MatLayerBlend_Emissive.uasset" 3128
"../../../Engine/Content/Functions/MaterialLayerFunctions/MatLayerBlend_Emissive.uexp" 3129
"D:/UE_project/Blaster/Plugins/VRM4U/Content/MaterialUtil/MToonUtil/MF_SubsurfaceSwitch.uasset" 3130
"D:/UE_project/Blaster/Plugins/VRM4U/Content/MaterialUtil/MToonUtil/MF_SubsurfaceSwitch.uexp" 3131
"D:/UE_project/Blaster/Plugins/VRM4U/Content/MaterialUtil/MaterialBackdrop.ubulk" 3132
"D:/UE_project/Blaster/Plugins/VRM4U/Content/MaterialUtil/MaterialBackdrop.uasset" 3133
"D:/UE_project/Blaster/Plugins/VRM4U/Content/MaterialUtil/MaterialBackdrop.uexp" 3134
"../../../Engine/Content/Functions/Engine_MaterialFunctions02/HueShift.uasset" 3135
"../../../Engine/Content/Functions/Engine_MaterialFunctions02/HueShift.uexp" 3136
"D:/UE_project/Blaster/Plugins/VRM4U/Content/MaterialUtil/UE5/MaterialFunction/MF_BaseColor.uasset" 3137
"D:/UE_project/Blaster/Plugins/VRM4U/Content/MaterialUtil/UE5/MaterialFunction/MF_BaseColor.uexp" 3138
"D:/UE_project/Blaster/Plugins/VRM4U/Content/MaterialUtil/UE5/MaterialFunction/MF_ZOffset.uasset" 3139
"D:/UE_project/Blaster/Plugins/VRM4U/Content/MaterialUtil/UE5/MaterialFunction/MF_ZOffset.uexp" 3140
"../../../Engine/Content/Functions/Engine_MaterialFunctions02/Math/Pi.uasset" 3141
"../../../Engine/Content/Functions/Engine_MaterialFunctions02/Math/Pi.uexp" 3142
"D:/UE_project/Blaster/Plugins/VRM4U/Content/MaterialUtil/MToonUtil/MF_FovScale.uasset" 3143
"D:/UE_project/Blaster/Plugins/VRM4U/Content/MaterialUtil/MToonUtil/MF_FovScale.uexp" 3144
"D:/UE_project/Blaster/Plugins/VRM4U/Content/MaterialUtil/UE5/MaterialFunction/MF_Outline.uasset" 3145
"D:/UE_project/Blaster/Plugins/VRM4U/Content/MaterialUtil/UE5/MaterialFunction/MF_Outline.uexp" 3146
"D:/UE_project/Blaster/Plugins/VRM4U/Content/MaterialUtil/UE5/MaterialFunction/MF_Emissive.uasset" 3147
"D:/UE_project/Blaster/Plugins/VRM4U/Content/MaterialUtil/UE5/MaterialFunction/MF_Emissive.uexp" 3148
"D:/UE_project/Blaster/Plugins/VRM4U/Content/MaterialUtil/UE5/MaterialFunction/MF_Exposure.uasset" 3149
"D:/UE_project/Blaster/Plugins/VRM4U/Content/MaterialUtil/UE5/MaterialFunction/MF_Exposure.uexp" 3150
"D:/UE_project/Blaster/Plugins/VRM4U/Content/MaterialUtil/UE5/MaterialFunction/MF_Normal.uasset" 3151
"D:/UE_project/Blaster/Plugins/VRM4U/Content/MaterialUtil/UE5/MaterialFunction/MF_Normal.uexp" 3152
"D:/UE_project/Blaster/Plugins/VRM4U/Content/MaterialUtil/UE5/MaterialFunction/MF_AngelRing.uasset" 3153
"D:/UE_project/Blaster/Plugins/VRM4U/Content/MaterialUtil/UE5/MaterialFunction/MF_AngelRing.uexp" 3154
"../../../Engine/Content/Functions/Engine_MaterialFunctions02/Texturing/CustomRotator.uasset" 3155
"../../../Engine/Content/Functions/Engine_MaterialFunctions02/Texturing/CustomRotator.uexp" 3156
"D:/UE_project/Blaster/Plugins/VRM4U/Content/MaterialUtil/UE5/MaterialFunction/MF_UVScroll.uasset" 3157
"D:/UE_project/Blaster/Plugins/VRM4U/Content/MaterialUtil/UE5/MaterialFunction/MF_UVScroll.uexp" 3158
"D:/UE_project/Blaster/Plugins/VRM4U/Content/MaterialUtil/UE5/MaterialFunction/MF_VrmMToonBase.uasset" 3159
"D:/UE_project/Blaster/Plugins/VRM4U/Content/MaterialUtil/UE5/MaterialFunction/MF_VrmMToonBase.uexp" 3160
"../../../Engine/Content/Functions/Engine_MaterialFunctions02/ExampleContent/Textures/LowResBlurredNoise.uasset" 3161
"../../../Engine/Content/Functions/Engine_MaterialFunctions02/ExampleContent/Textures/LowResBlurredNoise.uexp" 3162
"../../../Engine/Content/MaterialTemplates/Textures/T_Noise01.ubulk" 3163
"../../../Engine/Content/MaterialTemplates/Textures/T_Noise01.uasset" 3164
"../../../Engine/Content/MaterialTemplates/Textures/T_Noise01.uexp" 3165
"../../../Engine/Content/Functions/Engine_MaterialFunctions02/Texturing/ScreenAlignedPixelToPixelUVs.uasset" 3166
"../../../Engine/Content/Functions/Engine_MaterialFunctions02/Texturing/ScreenAlignedPixelToPixelUVs.uexp" 3167
"../../../Engine/Content/Functions/Engine_MaterialFunctions02/Utility/DitherTemporalAA.uasset" 3168
"../../../Engine/Content/Functions/Engine_MaterialFunctions02/Utility/DitherTemporalAA.uexp" 3169
"D:/UE_project/Blaster/Plugins/VRM4U/Content/MaterialUtil/UE5/Material/M_VrmMToonBaseOpaque.uasset" 3170
"D:/UE_project/Blaster/Plugins/VRM4U/Content/MaterialUtil/UE5/Material/M_VrmMToonBaseOpaque.uexp" 3171
"D:/UE_project/Blaster/Plugins/VRM4U/Content/MaterialUtil/UE5/Material/MI_VrmMToonBaseLitOpaque.uasset" 3172
"D:/UE_project/Blaster/Plugins/VRM4U/Content/MaterialUtil/UE5/Material/MI_VrmMToonBaseLitOpaque.uexp" 3173
"D:/UE_project/Blaster/Plugins/VRM4U/Content/MaterialUtil/UE5/Material/MI_VrmMToonOptUnlitOpaque.uasset" 3174
"D:/UE_project/Blaster/Plugins/VRM4U/Content/MaterialUtil/UE5/Material/MI_VrmMToonOptUnlitOpaque.uexp" 3175
"D:/UE_project/Blaster/Content/Assets/Girl/Mesh/Blue/T_Shader_NoneBlack.uasset" 3176
"D:/UE_project/Blaster/Content/Assets/Girl/Mesh/Blue/T_Shader_NoneBlack.uexp" 3177
"D:/UE_project/Blaster/Content/Assets/Girl/Mesh/Blue/T__10.uasset" 3178
"D:/UE_project/Blaster/Content/Assets/Girl/Mesh/Blue/T__10.uexp" 3179
"D:/UE_project/Blaster/Content/Assets/Girl/Mesh/Blue/T_MatcapWarp.uasset" 3180
"D:/UE_project/Blaster/Content/Assets/Girl/Mesh/Blue/T_MatcapWarp.uexp" 3181
"D:/UE_project/Blaster/Content/Assets/Girl/Mesh/Blue/SP_Girl_Blue.uasset" 3182
"D:/UE_project/Blaster/Content/Assets/Girl/Mesh/Blue/SP_Girl_Blue.uexp" 3183
"D:/UE_project/Blaster/Content/Assets/Girl/Mesh/Blue/M_N00_000_00_Body_00_SKIN__Instance_.uasset" 3184
"D:/UE_project/Blaster/Content/Assets/Girl/Mesh/Blue/M_N00_000_00_Body_00_SKIN__Instance_.uexp" 3185
"D:/UE_project/Blaster/Content/Assets/Girl/Mesh/Blue/T_Shader_NoneNormal_N.uasset" 3186
"D:/UE_project/Blaster/Content/Assets/Girl/Mesh/Blue/T_Shader_NoneNormal_N.uexp" 3187
"D:/UE_project/Blaster/Content/Assets/Girl/Mesh/Blue/T__09.uasset" 3188
"D:/UE_project/Blaster/Content/Assets/Girl/Mesh/Blue/T__09.uexp" 3189
"D:/UE_project/Blaster/Plugins/VRM4U/Content/MaterialUtil/UE5/Material/MI_VrmMToonOptUnlitTranslucent.uasset" 3190
"D:/UE_project/Blaster/Plugins/VRM4U/Content/MaterialUtil/UE5/Material/MI_VrmMToonOptUnlitTranslucent.uexp" 3191
"D:/UE_project/Blaster/Plugins/VRM4U/Content/MaterialUtil/UE5/Material/MI_VrmMToonOptUnlitTranslucentTwoSided.uasset" 3192
"D:/UE_project/Blaster/Plugins/VRM4U/Content/MaterialUtil/UE5/Material/MI_VrmMToonOptUnlitTranslucentTwoSided.uexp" 3193
"D:/UE_project/Blaster/Content/Assets/Girl/Mesh/Blue/M_N00_000_00_FaceEyeline_00_FACE__Instance_.uasset" 3194
"D:/UE_project/Blaster/Content/Assets/Girl/Mesh/Blue/M_N00_000_00_FaceEyeline_00_FACE__Instance_.uexp" 3195
"D:/UE_project/Blaster/Content/Assets/Girl/Mesh/Blue/T__15.uasset" 3196
"D:/UE_project/Blaster/Content/Assets/Girl/Mesh/Blue/T__15.uexp" 3197
"D:/UE_project/Blaster/Plugins/VRM4U/Content/MaterialUtil/UE5/Material/MI_VrmMToonOptUnlitOpaqueTwoSided.uasset" 3198
"D:/UE_project/Blaster/Plugins/VRM4U/Content/MaterialUtil/UE5/Material/MI_VrmMToonOptUnlitOpaqueTwoSided.uexp" 3199
"D:/UE_project/Blaster/Content/Assets/Girl/Mesh/Blue/M_N00_007_03_Tops_01_CLOTH__Instance_.uasset" 3200
"D:/UE_project/Blaster/Content/Assets/Girl/Mesh/Blue/M_N00_007_03_Tops_01_CLOTH__Instance_.uexp" 3201
"D:/UE_project/Blaster/Content/Assets/Girl/Mesh/Blue/T__02.uasset" 3202
"D:/UE_project/Blaster/Content/Assets/Girl/Mesh/Blue/T__02.uexp" 3203
"D:/UE_project/Blaster/Content/Assets/Girl/Mesh/Blue/M_N00_000_00_EyeIris_00_EYE__Instance_.uasset" 3204
"D:/UE_project/Blaster/Content/Assets/Girl/Mesh/Blue/M_N00_000_00_EyeIris_00_EYE__Instance_.uexp" 3205
"D:/UE_project/Blaster/Content/Assets/Girl/Mesh/Blue/T__13.uasset" 3206
"D:/UE_project/Blaster/Content/Assets/Girl/Mesh/Blue/T__13.uexp" 3207
"D:/UE_project/Blaster/Content/Assets/Girl/Mesh/Blue/M_N00_010_01_Onepiece_00_CLOTH__Instance_.uasset" 3208
"D:/UE_project/Blaster/Content/Assets/Girl/Mesh/Blue/M_N00_010_01_Onepiece_00_CLOTH__Instance_.uexp" 3209
"D:/UE_project/Blaster/Content/Assets/Girl/Mesh/Blue/T__07.uasset" 3210
"D:/UE_project/Blaster/Content/Assets/Girl/Mesh/Blue/T__07.uexp" 3211
"D:/UE_project/Blaster/Content/Assets/Girl/Mesh/Blue/M_N00_000_00_FaceBrow_00_FACE__Instance_.uasset" 3212
"D:/UE_project/Blaster/Content/Assets/Girl/Mesh/Blue/M_N00_000_00_FaceBrow_00_FACE__Instance_.uexp" 3213
"D:/UE_project/Blaster/Content/Assets/Girl/Mesh/Blue/T__06.uasset" 3214
"D:/UE_project/Blaster/Content/Assets/Girl/Mesh/Blue/T__06.uexp" 3215
"D:/UE_project/Blaster/Content/Assets/Girl/Mesh/Blue/M_N00_000_00_EyeWhite_00_EYE__Instance_.uasset" 3216
"D:/UE_project/Blaster/Content/Assets/Girl/Mesh/Blue/M_N00_000_00_EyeWhite_00_EYE__Instance_.uexp" 3217
"D:/UE_project/Blaster/Content/Assets/Girl/Mesh/Blue/T__01.uasset" 3218
"D:/UE_project/Blaster/Content/Assets/Girl/Mesh/Blue/T__01.uexp" 3219
"D:/UE_project/Blaster/Content/Assets/Girl/Mesh/Blue/M_N00_000_00_FaceMouth_00_FACE__Instance_.uasset" 3220
"D:/UE_project/Blaster/Content/Assets/Girl/Mesh/Blue/M_N00_000_00_FaceMouth_00_FACE__Instance_.uexp" 3221
"D:/UE_project/Blaster/Content/Assets/Girl/Mesh/Blue/T__12.uasset" 3222
"D:/UE_project/Blaster/Content/Assets/Girl/Mesh/Blue/T__12.uexp" 3223
"D:/UE_project/Blaster/Content/Assets/Girl/Mesh/Blue/M_N00_008_01_Shoes_01_CLOTH__Instance_.uasset" 3224
"D:/UE_project/Blaster/Content/Assets/Girl/Mesh/Blue/M_N00_008_01_Shoes_01_CLOTH__Instance_.uexp" 3225
"D:/UE_project/Blaster/Content/Assets/Girl/Mesh/Blue/T_N00_000_Hair_00_nml_N.uasset" 3226
"D:/UE_project/Blaster/Content/Assets/Girl/Mesh/Blue/T_N00_000_Hair_00_nml_N.uexp" 3227
"D:/UE_project/Blaster/Content/Assets/Girl/Mesh/Blue/T__17.uasset" 3228
"D:/UE_project/Blaster/Content/Assets/Girl/Mesh/Blue/T__17.uexp" 3229
"D:/UE_project/Blaster/Content/Assets/Girl/Mesh/Blue/T__18.uasset" 3230
"D:/UE_project/Blaster/Content/Assets/Girl/Mesh/Blue/T__18.uexp" 3231
"D:/UE_project/Blaster/Content/Assets/Girl/Mesh/Blue/M_N00_000_Hair_00_HAIR__Instance_.uasset" 3232
"D:/UE_project/Blaster/Content/Assets/Girl/Mesh/Blue/M_N00_000_Hair_00_HAIR__Instance_.uexp" 3233
"D:/UE_project/Blaster/Content/Assets/Girl/Mesh/Blue/T_N00_000_00_HairBack_00_nml_N.uasset" 3234
"D:/UE_project/Blaster/Content/Assets/Girl/Mesh/Blue/T_N00_000_00_HairBack_00_nml_N.uexp" 3235
"D:/UE_project/Blaster/Content/Assets/Girl/Mesh/Blue/T__16.uasset" 3236
"D:/UE_project/Blaster/Content/Assets/Girl/Mesh/Blue/T__16.uexp" 3237
"D:/UE_project/Blaster/Content/Assets/Girl/Mesh/Blue/M_N00_000_00_HairBack_00_HAIR__Instance_.uasset" 3238
"D:/UE_project/Blaster/Content/Assets/Girl/Mesh/Blue/M_N00_000_00_HairBack_00_HAIR__Instance_.uexp" 3239
"D:/UE_project/Blaster/Content/Assets/Girl/Mesh/Blue/T_N00_000_00_Face_00_out.uasset" 3240
"D:/UE_project/Blaster/Content/Assets/Girl/Mesh/Blue/T_N00_000_00_Face_00_out.uexp" 3241
"D:/UE_project/Blaster/Content/Assets/Girl/Mesh/Blue/T__05_N.uasset" 3242
"D:/UE_project/Blaster/Content/Assets/Girl/Mesh/Blue/T__05_N.uexp" 3243
"D:/UE_project/Blaster/Content/Assets/Girl/Mesh/Blue/T__04.uasset" 3244
"D:/UE_project/Blaster/Content/Assets/Girl/Mesh/Blue/T__04.uexp" 3245
"D:/UE_project/Blaster/Content/Assets/Girl/Mesh/Blue/M_N00_000_00_Face_00_SKIN__Instance_.uasset" 3246
"D:/UE_project/Blaster/Content/Assets/Girl/Mesh/Blue/M_N00_000_00_Face_00_SKIN__Instance_.uexp" 3247
"D:/UE_project/Blaster/Plugins/VRM4U/Content/MaterialUtil/UE5/Material/MI_VrmMToonOptUnlitOutline.uasset" 3248
"D:/UE_project/Blaster/Plugins/VRM4U/Content/MaterialUtil/UE5/Material/MI_VrmMToonOptUnlitOutline.uexp" 3249
"D:/UE_project/Blaster/Content/Assets/Girl/Mesh/Blue/M_N00_010_01_Onepiece_00_CLOTH__Instance__outline.uasset" 3250
"D:/UE_project/Blaster/Content/Assets/Girl/Mesh/Blue/M_N00_010_01_Onepiece_00_CLOTH__Instance__outline.uexp" 3251
"D:/UE_project/Blaster/Content/Assets/Girl/Mesh/Blue/M_N00_000_00_HairBack_00_HAIR__Instance__outline.uasset" 3252
"D:/UE_project/Blaster/Content/Assets/Girl/Mesh/Blue/M_N00_000_00_HairBack_00_HAIR__Instance__outline.uexp" 3253
"D:/UE_project/Blaster/Content/Assets/Girl/Mesh/Blue/M_N00_000_00_FaceMouth_00_FACE__Instance__outline.uasset" 3254
"D:/UE_project/Blaster/Content/Assets/Girl/Mesh/Blue/M_N00_000_00_FaceMouth_00_FACE__Instance__outline.uexp" 3255
"D:/UE_project/Blaster/Content/Assets/Girl/Mesh/Blue/T_Thumbnail.uasset" 3256
"D:/UE_project/Blaster/Content/Assets/Girl/Mesh/Blue/T_Thumbnail.uexp" 3257
"D:/UE_project/Blaster/Content/Assets/Girl/Mesh/SKEL_Girl.uasset" 3258
"D:/UE_project/Blaster/Content/Assets/Girl/Mesh/SKEL_Girl.uexp" 3259
"D:/UE_project/Blaster/Content/Assets/Girl/Mesh/Blue/POSE_retarget_Girl_Blue.uasset" 3260
"D:/UE_project/Blaster/Content/Assets/Girl/Mesh/Blue/POSE_retarget_Girl_Blue.uexp" 3261
"D:/UE_project/Blaster/Plugins/VRM4U/Content/MaterialUtil/T_DummyGray.uasset" 3262
"D:/UE_project/Blaster/Plugins/VRM4U/Content/MaterialUtil/T_DummyGray.uexp" 3263
"D:/UE_project/Blaster/Plugins/VRM4U/Content/MaterialUtil/UEFN/MF_UEFNBase.uasset" 3264
"D:/UE_project/Blaster/Plugins/VRM4U/Content/MaterialUtil/UEFN/MF_UEFNBase.uexp" 3265
"D:/UE_project/Blaster/Plugins/VRM4U/Content/MaterialUtil/UEFN/M_UEFNBase.uasset" 3266
"D:/UE_project/Blaster/Plugins/VRM4U/Content/MaterialUtil/UEFN/M_UEFNBase.uexp" 3267
"D:/UE_project/Blaster/Plugins/VRM4U/Content/MaterialUtil/UEFN/MI_UEFN_Unlit.uasset" 3268
"D:/UE_project/Blaster/Plugins/VRM4U/Content/MaterialUtil/UEFN/MI_UEFN_Unlit.uexp" 3269
"D:/UE_project/Blaster/Plugins/VRM4U/Content/MaterialUtil/UEFN/MI_UEFN_UnlitTwoSided.uasset" 3270
"D:/UE_project/Blaster/Plugins/VRM4U/Content/MaterialUtil/UEFN/MI_UEFN_UnlitTwoSided.uexp" 3271
"D:/UE_project/Blaster/Plugins/VRM4U/Content/MaterialUtil/UEFN/MI_UEFN_UnlitTransparent.uasset" 3272
"D:/UE_project/Blaster/Plugins/VRM4U/Content/MaterialUtil/UEFN/MI_UEFN_UnlitTransparent.uexp" 3273
"D:/UE_project/Blaster/Plugins/VRM4U/Content/MaterialUtil/UEFN/MI_UEFN_UnlitTransparentTwosided.uasset" 3274
"D:/UE_project/Blaster/Plugins/VRM4U/Content/MaterialUtil/UEFN/MI_UEFN_UnlitTransparentTwosided.uexp" 3275
"D:/UE_project/Blaster/Plugins/VRM4U/Content/ImportDataSet/DS_UEFN_Unlit.uasset" 3276
"D:/UE_project/Blaster/Plugins/VRM4U/Content/ImportDataSet/DS_UEFN_Unlit.uexp" 3277
"D:/UE_project/Blaster/Content/Assets/Girl/Mesh/Blue/M_N00_000_00_EyeIris_00_EYE__Instance__outline.uasset" 3278
"D:/UE_project/Blaster/Content/Assets/Girl/Mesh/Blue/M_N00_000_00_EyeIris_00_EYE__Instance__outline.uexp" 3279
"D:/UE_project/Blaster/Content/Assets/Girl/Mesh/Blue/T__03.uasset" 3280
"D:/UE_project/Blaster/Content/Assets/Girl/Mesh/Blue/T__03.uexp" 3281
"D:/UE_project/Blaster/Content/Assets/Girl/Mesh/Blue/M_N00_000_00_EyeHighlight_00_EYE__Instance__outline.uasset" 3282
"D:/UE_project/Blaster/Content/Assets/Girl/Mesh/Blue/M_N00_000_00_EyeHighlight_00_EYE__Instance__outline.uexp" 3283
"../../../Engine/Content/Functions/Engine_MaterialFunctions02/Texturing/ScreenAlignedUVs.uasset" 3284
"../../../Engine/Content/Functions/Engine_MaterialFunctions02/Texturing/ScreenAlignedUVs.uexp" 3285
"D:/UE_project/Blaster/Plugins/VRM4U/Content/MaterialUtil/MToonUtil/MF_AmbientOcclusion.uasset" 3286
"D:/UE_project/Blaster/Plugins/VRM4U/Content/MaterialUtil/MToonUtil/MF_AmbientOcclusion.uexp" 3287
"../../../Engine/Content/Functions/Engine_MaterialFunctions02/SmoothStep.uasset" 3288
"../../../Engine/Content/Functions/Engine_MaterialFunctions02/SmoothStep.uexp" 3289
"D:/UE_project/Blaster/Plugins/VRM4U/Content/MaterialUtil/MToonUtil/MF_VrmMToonBase.uasset" 3290
"D:/UE_project/Blaster/Plugins/VRM4U/Content/MaterialUtil/MToonUtil/MF_VrmMToonBase.uexp" 3291
"D:/UE_project/Blaster/Plugins/VRM4U/Content/MaterialUtil/MToonUtil/M_VrmMToonBaseOpaque.uasset" 3292
"D:/UE_project/Blaster/Plugins/VRM4U/Content/MaterialUtil/MToonUtil/M_VrmMToonBaseOpaque.uexp" 3293
"D:/UE_project/Blaster/Plugins/VRM4U/Content/MaterialUtil/MToonUtil/MI_VrmMToonBaseLitOpaque.uasset" 3294
"D:/UE_project/Blaster/Plugins/VRM4U/Content/MaterialUtil/MToonUtil/MI_VrmMToonBaseLitOpaque.uexp" 3295
"D:/UE_project/Blaster/Plugins/VRM4U/Content/MaterialUtil/MToonUtil/MI_VrmMToonOptLitOpaque.uasset" 3296
"D:/UE_project/Blaster/Plugins/VRM4U/Content/MaterialUtil/MToonUtil/MI_VrmMToonOptLitOpaque.uexp" 3297
"D:/UE_project/Blaster/Plugins/VRM4U/Content/MaterialUtil/MToonUtil/MI_VrmMToonOptLitTranslucent.uasset" 3298
"D:/UE_project/Blaster/Plugins/VRM4U/Content/MaterialUtil/MToonUtil/MI_VrmMToonOptLitTranslucent.uexp" 3299
"D:/UE_project/Blaster/Plugins/VRM4U/Content/MaterialUtil/MToonUtil/MI_VrmMToonOptLitTranslucentTwoSided.uasset" 3300
"D:/UE_project/Blaster/Plugins/VRM4U/Content/MaterialUtil/MToonUtil/MI_VrmMToonOptLitTranslucentTwoSided.uexp" 3301
"D:/UE_project/Blaster/Plugins/VRM4U/Content/ImportDataSet/UE5/DS_VRM_UE5_MToonUnLit.uasset" 3302
"D:/UE_project/Blaster/Plugins/VRM4U/Content/ImportDataSet/UE5/DS_VRM_UE5_MToonUnLit.uexp" 3303
"D:/UE_project/Blaster/Plugins/VRM4U/Content/MaterialUtil/MToonUtil/MI_VrmMToonBaseUnlitOpaque.uasset" 3304
"D:/UE_project/Blaster/Plugins/VRM4U/Content/MaterialUtil/MToonUtil/MI_VrmMToonBaseUnlitOpaque.uexp" 3305
"D:/UE_project/Blaster/Plugins/VRM4U/Content/MaterialUtil/MToonUtil/MI_VrmMToonBaseUnlitTranslucent.uasset" 3306
"D:/UE_project/Blaster/Plugins/VRM4U/Content/MaterialUtil/MToonUtil/MI_VrmMToonBaseUnlitTranslucent.uexp" 3307
"D:/UE_project/Blaster/Content/Assets/Girl/Mesh/Blue/M_N00_000_Hair_00_HAIR__Instance__outline.uasset" 3308
"D:/UE_project/Blaster/Content/Assets/Girl/Mesh/Blue/M_N00_000_Hair_00_HAIR__Instance__outline.uexp" 3309
"D:/UE_project/Blaster/Content/Assets/Girl/Mesh/Blue/M_N00_000_00_FaceEyeline_00_FACE__Instance__outline.uasset" 3310
"D:/UE_project/Blaster/Content/Assets/Girl/Mesh/Blue/M_N00_000_00_FaceEyeline_00_FACE__Instance__outline.uexp" 3311
"D:/UE_project/Blaster/Plugins/VRM4U/Content/MaterialUtil/UEFN/MI_UEFN_Lit.uasset" 3312
"D:/UE_project/Blaster/Plugins/VRM4U/Content/MaterialUtil/UEFN/MI_UEFN_Lit.uexp" 3313
"D:/UE_project/Blaster/Plugins/VRM4U/Content/MaterialUtil/UEFN/MI_UEFN_LitTransparent.uasset" 3314
"D:/UE_project/Blaster/Plugins/VRM4U/Content/MaterialUtil/UEFN/MI_UEFN_LitTransparent.uexp" 3315
"D:/UE_project/Blaster/Plugins/VRM4U/Content/MaterialUtil/UEFN/MI_UEFN_LitTransparentTwoSided.uasset" 3316
"D:/UE_project/Blaster/Plugins/VRM4U/Content/MaterialUtil/UEFN/MI_UEFN_LitTransparentTwoSided.uexp" 3317
"D:/UE_project/Blaster/Plugins/VRM4U/Content/MaterialUtil/UEFN/MI_UEFN_LitTwoSided.uasset" 3318
"D:/UE_project/Blaster/Plugins/VRM4U/Content/MaterialUtil/UEFN/MI_UEFN_LitTwoSided.uexp" 3319
"D:/UE_project/Blaster/Plugins/VRM4U/Content/ImportDataSet/DS_UEFN_Lit.uasset" 3320
"D:/UE_project/Blaster/Plugins/VRM4U/Content/ImportDataSet/DS_UEFN_Lit.uexp" 3321
"D:/UE_project/Blaster/Content/Assets/Girl/Mesh/Blue/M_N00_000_00_Face_00_SKIN__Instance__outline.uasset" 3322
"D:/UE_project/Blaster/Content/Assets/Girl/Mesh/Blue/M_N00_000_00_Face_00_SKIN__Instance__outline.uexp" 3323
"D:/UE_project/Blaster/Plugins/VRM4U/Content/MaterialUtil/M_VrmSimple.uasset" 3324
"D:/UE_project/Blaster/Plugins/VRM4U/Content/MaterialUtil/M_VrmSimple.uexp" 3325
"D:/UE_project/Blaster/Plugins/VRM4U/Content/ImportDataSet/DS_VRMCustom.uasset" 3326
"D:/UE_project/Blaster/Plugins/VRM4U/Content/ImportDataSet/DS_VRMCustom.uexp" 3327
"D:/UE_project/Blaster/Plugins/VRM4U/Content/MaterialUtil/MI_VrmSimplePBR.uasset" 3328
"D:/UE_project/Blaster/Plugins/VRM4U/Content/MaterialUtil/MI_VrmSimplePBR.uexp" 3329
"D:/UE_project/Blaster/Plugins/VRM4U/Content/MaterialUtil/MI_VrmSimplePBRTransparent.uasset" 3330
"D:/UE_project/Blaster/Plugins/VRM4U/Content/MaterialUtil/MI_VrmSimplePBRTransparent.uexp" 3331
"D:/UE_project/Blaster/Plugins/VRM4U/Content/ImportDataSet/DS_VRMGLTF.uasset" 3332
"D:/UE_project/Blaster/Plugins/VRM4U/Content/ImportDataSet/DS_VRMGLTF.uexp" 3333
"D:/UE_project/Blaster/Plugins/VRM4U/Content/MaterialUtil/UEFN/MI_UEFN_SSSProfile.uasset" 3334
"D:/UE_project/Blaster/Plugins/VRM4U/Content/MaterialUtil/UEFN/MI_UEFN_SSSProfile.uexp" 3335
"D:/UE_project/Blaster/Plugins/VRM4U/Content/MaterialUtil/UEFN/MI_UEFN_SSSProfileTwoSided.uasset" 3336
"D:/UE_project/Blaster/Plugins/VRM4U/Content/MaterialUtil/UEFN/MI_UEFN_SSSProfileTwoSided.uexp" 3337
"D:/UE_project/Blaster/Plugins/VRM4U/Content/ImportDataSet/DS_UEFN_SSSProfile.uasset" 3338
"D:/UE_project/Blaster/Plugins/VRM4U/Content/ImportDataSet/DS_UEFN_SSSProfile.uexp" 3339
"D:/UE_project/Blaster/Content/Assets/Girl/Mesh/Blue/M_N00_000_00_FaceBrow_00_FACE__Instance__outline.uasset" 3340
"D:/UE_project/Blaster/Content/Assets/Girl/Mesh/Blue/M_N00_000_00_FaceBrow_00_FACE__Instance__outline.uexp" 3341
"D:/UE_project/Blaster/Plugins/VRM4U/Content/MaterialUtil/MToonUtil/MI_VrmMToonOptUnlitOpaque.uasset" 3342
"D:/UE_project/Blaster/Plugins/VRM4U/Content/MaterialUtil/MToonUtil/MI_VrmMToonOptUnlitOpaque.uexp" 3343
"D:/UE_project/Blaster/Plugins/VRM4U/Content/MaterialUtil/MToonUtil/MI_VrmMToonOptUnlitTranslucent.uasset" 3344
"D:/UE_project/Blaster/Plugins/VRM4U/Content/MaterialUtil/MToonUtil/MI_VrmMToonOptUnlitTranslucent.uexp" 3345
"D:/UE_project/Blaster/Plugins/VRM4U/Content/MaterialUtil/MToonUtil/MI_VrmMToonOptUnlitTranslucentTwoSided.uasset" 3346
"D:/UE_project/Blaster/Plugins/VRM4U/Content/MaterialUtil/MToonUtil/MI_VrmMToonOptUnlitTranslucentTwoSided.uexp" 3347
"D:/UE_project/Blaster/Plugins/VRM4U/Content/MaterialUtil/MI_VrmUnlit.uasset" 3348
"D:/UE_project/Blaster/Plugins/VRM4U/Content/MaterialUtil/MI_VrmUnlit.uexp" 3349
"D:/UE_project/Blaster/Content/Assets/Girl/Mesh/Blue/M_N00_007_03_Tops_01_CLOTH__Instance__outline.uasset" 3350
"D:/UE_project/Blaster/Content/Assets/Girl/Mesh/Blue/M_N00_007_03_Tops_01_CLOTH__Instance__outline.uexp" 3351
"D:/UE_project/Blaster/Plugins/VRM4U/Content/MaterialUtil/MToonUtil/MI_VrmMToonBaseLitTranslucent.uasset" 3352
"D:/UE_project/Blaster/Plugins/VRM4U/Content/MaterialUtil/MToonUtil/MI_VrmMToonBaseLitTranslucent.uexp" 3353
"D:/UE_project/Blaster/Plugins/VRM4U/Content/MaterialUtil/M_VrmUnlitTexture.uasset" 3354
"D:/UE_project/Blaster/Plugins/VRM4U/Content/MaterialUtil/M_VrmUnlitTexture.uexp" 3355
"D:/UE_project/Blaster/Plugins/VRM4U/Content/MaterialUtil/MI_VrmUnlitTransparent.uasset" 3356
"D:/UE_project/Blaster/Plugins/VRM4U/Content/MaterialUtil/MI_VrmUnlitTransparent.uexp" 3357
"D:/UE_project/Blaster/Content/Assets/Girl/Mesh/Blue/M_N00_008_01_Shoes_01_CLOTH__Instance__outline.uasset" 3358
"D:/UE_project/Blaster/Content/Assets/Girl/Mesh/Blue/M_N00_008_01_Shoes_01_CLOTH__Instance__outline.uexp" 3359
"D:/UE_project/Blaster/Content/Assets/Girl/Mesh/Blue/VM_Girl_Blue_VrmMeta.uasset" 3360
"D:/UE_project/Blaster/Content/Assets/Girl/Mesh/Blue/VM_Girl_Blue_VrmMeta.uexp" 3361
"D:/UE_project/Blaster/Content/Assets/Girl/Mesh/Blue/T__14.uasset" 3362
"D:/UE_project/Blaster/Content/Assets/Girl/Mesh/Blue/T__14.uexp" 3363
"D:/UE_project/Blaster/Plugins/VRM4U/Content/MaterialUtil/UE5/Material/MI_VrmMToonOptLitOpaque.uasset" 3364
"D:/UE_project/Blaster/Plugins/VRM4U/Content/MaterialUtil/UE5/Material/MI_VrmMToonOptLitOpaque.uexp" 3365
"D:/UE_project/Blaster/Plugins/VRM4U/Content/MaterialUtil/UE5/Material/MI_VrmMToonOptSSS.uasset" 3366
"D:/UE_project/Blaster/Plugins/VRM4U/Content/MaterialUtil/UE5/Material/MI_VrmMToonOptSSS.uexp" 3367
"D:/UE_project/Blaster/Plugins/VRM4U/Content/MaterialUtil/UE5/Material/MI_VrmMToonOptSSSTwoSided.uasset" 3368
"D:/UE_project/Blaster/Plugins/VRM4U/Content/MaterialUtil/UE5/Material/MI_VrmMToonOptSSSTwoSided.uexp" 3369
"D:/UE_project/Blaster/Plugins/VRM4U/Content/ImportDataSet/UE5/DS_VRM_UE5_SSS.uasset" 3370
"D:/UE_project/Blaster/Plugins/VRM4U/Content/ImportDataSet/UE5/DS_VRM_UE5_SSS.uexp" 3371
"D:/UE_project/Blaster/Plugins/VRM4U/Content/MaterialUtil/UE5/Material/MI_VrmMToonOptSSSProfile.uasset" 3372
"D:/UE_project/Blaster/Plugins/VRM4U/Content/MaterialUtil/UE5/Material/MI_VrmMToonOptSSSProfile.uexp" 3373
"D:/UE_project/Blaster/Plugins/VRM4U/Content/MaterialUtil/UE5/Material/MI_VrmMToonOptSSSProfileTwoSided.uasset" 3374
"D:/UE_project/Blaster/Plugins/VRM4U/Content/MaterialUtil/UE5/Material/MI_VrmMToonOptSSSProfileTwoSided.uexp" 3375
"D:/UE_project/Blaster/Plugins/VRM4U/Content/ImportDataSet/UE5/DS_VRM_UE5_SSSProfile.uasset" 3376
"D:/UE_project/Blaster/Plugins/VRM4U/Content/ImportDataSet/UE5/DS_VRM_UE5_SSSProfile.uexp" 3377
"D:/UE_project/Blaster/Content/Assets/Girl/Mesh/Blue/M_N00_000_00_Body_00_SKIN__Instance__outline.uasset" 3378
"D:/UE_project/Blaster/Content/Assets/Girl/Mesh/Blue/M_N00_000_00_Body_00_SKIN__Instance__outline.uexp" 3379
"D:/UE_project/Blaster/Plugins/VRM4U/Content/ImportDataSet/DS_VRMUnlit.uasset" 3380
"D:/UE_project/Blaster/Plugins/VRM4U/Content/ImportDataSet/DS_VRMUnlit.uexp" 3381
"D:/UE_project/Blaster/Plugins/VRM4U/Content/MaterialUtil/MToonUtil/MI_VrmMToonOptLitOpaqueTwoSided.uasset" 3382
"D:/UE_project/Blaster/Plugins/VRM4U/Content/MaterialUtil/MToonUtil/MI_VrmMToonOptLitOpaqueTwoSided.uexp" 3383
"D:/UE_project/Blaster/Plugins/VRM4U/Content/MaterialUtil/UE5/Material/MI_VrmMToonOptLitTranslucent.uasset" 3384
"D:/UE_project/Blaster/Plugins/VRM4U/Content/MaterialUtil/UE5/Material/MI_VrmMToonOptLitTranslucent.uexp" 3385
"D:/UE_project/Blaster/Plugins/VRM4U/Content/MaterialUtil/UE5/Material/MI_VrmMToonOptLitTranslucentTwoSided.uasset" 3386
"D:/UE_project/Blaster/Plugins/VRM4U/Content/MaterialUtil/UE5/Material/MI_VrmMToonOptLitTranslucentTwoSided.uexp" 3387
"D:/UE_project/Blaster/Plugins/VRM4U/Content/MaterialUtil/UE5/Material/MI_VrmMToonOptLitOpaqueTwoSided.uasset" 3388
"D:/UE_project/Blaster/Plugins/VRM4U/Content/MaterialUtil/UE5/Material/MI_VrmMToonOptLitOpaqueTwoSided.uexp" 3389
"D:/UE_project/Blaster/Plugins/VRM4U/Content/ImportDataSet/UE5/DS_VRM_UE5_MToonLit.uasset" 3390
"D:/UE_project/Blaster/Plugins/VRM4U/Content/ImportDataSet/UE5/DS_VRM_UE5_MToonLit.uexp" 3391
"D:/UE_project/Blaster/Content/Assets/Girl/Mesh/Blue/VL_Girl_Blue_VrmLicense.uasset" 3392
"D:/UE_project/Blaster/Content/Assets/Girl/Mesh/Blue/VL_Girl_Blue_VrmLicense.uexp" 3393
"D:/UE_project/Blaster/Content/Assets/Girl/Mesh/Blue/A_face_Girl_Blue.uasset" 3394
"D:/UE_project/Blaster/Content/Assets/Girl/Mesh/Blue/A_face_Girl_Blue.uexp" 3395
"D:/UE_project/Blaster/Content/Assets/Girl/Mesh/Blue/POSE_face_Girl_Blue.uasset" 3396
"D:/UE_project/Blaster/Content/Assets/Girl/Mesh/Blue/POSE_face_Girl_Blue.uexp" 3397
"D:/UE_project/Blaster/Content/Assets/Girl/Mesh/Blue/M_N00_007_01_Tops_01_CLOTH__Instance__outline.uasset" 3398
"D:/UE_project/Blaster/Content/Assets/Girl/Mesh/Blue/M_N00_007_01_Tops_01_CLOTH__Instance__outline.uexp" 3399
"D:/UE_project/Blaster/Plugins/VRM4U/Content/MaterialUtil/MToonUtil/MI_VrmMToonOptUnlitOpaqueTwoSided.uasset" 3400
"D:/UE_project/Blaster/Plugins/VRM4U/Content/MaterialUtil/MToonUtil/MI_VrmMToonOptUnlitOpaqueTwoSided.uexp" 3401
"D:/UE_project/Blaster/Content/Assets/Girl/Mesh/Blue/M_N00_000_00_EyeHighlight_00_EYE__Instance_.uasset" 3402
"D:/UE_project/Blaster/Content/Assets/Girl/Mesh/Blue/M_N00_000_00_EyeHighlight_00_EYE__Instance_.uexp" 3403
"D:/UE_project/Blaster/Content/Assets/Girl/Mesh/Blue/M_N00_000_00_EyeWhite_00_EYE__Instance__outline.uasset" 3404
"D:/UE_project/Blaster/Content/Assets/Girl/Mesh/Blue/M_N00_000_00_EyeWhite_00_EYE__Instance__outline.uexp" 3405
"D:/UE_project/Blaster/Content/Assets/Girl/Mesh/Blue/M_N00_007_01_Tops_01_CLOTH__Instance_.uasset" 3406
"D:/UE_project/Blaster/Content/Assets/Girl/Mesh/Blue/M_N00_007_01_Tops_01_CLOTH__Instance_.uexp" 3407
"D:/UE_project/Blaster/Content/Assets/Girl/Mesh/Blue/VA_Girl_Blue_VrmAssetList.uasset" 3408
"D:/UE_project/Blaster/Content/Assets/Girl/Mesh/Blue/VA_Girl_Blue_VrmAssetList.uexp" 3409
"D:/UE_project/Blaster/Content/Assets/Girl/Mesh/Blue/SK_Girl_Blue_Physics.uasset" 3410
"D:/UE_project/Blaster/Content/Assets/Girl/Mesh/Blue/SK_Girl_Blue_Physics.uexp" 3411
"D:/UE_project/Blaster/Content/Assets/Girl/Mesh/Blue/SK_Girl_Blue.uasset" 3412
"D:/UE_project/Blaster/Content/Assets/Girl/Mesh/Blue/SK_Girl_Blue.uexp" 3413
"D:/UE_project/Blaster/Content/Assets/Sounds/ElimBot/ElimBotSound.ubulk" 3414
"D:/UE_project/Blaster/Content/Assets/Sounds/ElimBot/ElimBotSound.uasset" 3415
"D:/UE_project/Blaster/Content/Assets/Sounds/ElimBot/ElimBotSound.uexp" 3416
"D:/UE_project/Blaster/Content/Assets/Sounds/ElimBot/ElimBot_att.uasset" 3417
"D:/UE_project/Blaster/Content/Assets/Sounds/ElimBot/ElimBot_att.uexp" 3418
"D:/UE_project/Blaster/Content/Assets/Sounds/ElimBot/ElimBotSound_Cue.uasset" 3419
"D:/UE_project/Blaster/Content/Assets/Sounds/ElimBot/ElimBotSound_Cue.uexp" 3420
"D:/UE_project/Blaster/Content/Assets/Girl/Animations/Toss_Grenade.uasset" 3421
"D:/UE_project/Blaster/Content/Assets/Girl/Animations/Toss_Grenade.uexp" 3422
"D:/UE_project/Blaster/Content/Assets/Sounds/Grenade/sw_Foley_Aim_01.ubulk" 3423
"D:/UE_project/Blaster/Content/Assets/Sounds/Grenade/sw_Foley_Aim_01.uasset" 3424
"D:/UE_project/Blaster/Content/Assets/Sounds/Grenade/sw_Foley_Aim_01.uexp" 3425
"D:/UE_project/Blaster/Content/Assets/Sounds/Attenuations/Footsteps_att.uasset" 3426
"D:/UE_project/Blaster/Content/Assets/Sounds/Attenuations/Footsteps_att.uexp" 3427
"D:/UE_project/Blaster/Content/Assets/Sounds/Grenade/ThrowGrenade_Cue.uasset" 3428
"D:/UE_project/Blaster/Content/Assets/Sounds/Grenade/ThrowGrenade_Cue.uexp" 3429
"D:/UE_project/Blaster/Content/Blueprint/Character/Animation/ThrowGrenade.uasset" 3430
"D:/UE_project/Blaster/Content/Blueprint/Character/Animation/ThrowGrenade.uexp" 3431
"D:/UE_project/Blaster/Content/Assets/sA_PickupSet_1/Materials/Textures/T_Ray_5.ubulk" 3432
"D:/UE_project/Blaster/Content/Assets/sA_PickupSet_1/Materials/Textures/T_Ray_5.uasset" 3433
"D:/UE_project/Blaster/Content/Assets/sA_PickupSet_1/Materials/Textures/T_Ray_5.uexp" 3434
"D:/UE_project/Blaster/Content/Assets/sA_PickupSet_1/Materials/Textures/T_NoiseCloud_1.ubulk" 3435
"D:/UE_project/Blaster/Content/Assets/sA_PickupSet_1/Materials/Textures/T_NoiseCloud_1.uasset" 3436
"D:/UE_project/Blaster/Content/Assets/sA_PickupSet_1/Materials/Textures/T_NoiseCloud_1.uexp" 3437
"D:/UE_project/Blaster/Content/Assets/sA_PickupSet_1/Materials/Textures/T_NoiseCloud_2.ubulk" 3438
"D:/UE_project/Blaster/Content/Assets/sA_PickupSet_1/Materials/Textures/T_NoiseCloud_2.uasset" 3439
"D:/UE_project/Blaster/Content/Assets/sA_PickupSet_1/Materials/Textures/T_NoiseCloud_2.uexp" 3440
"D:/UE_project/Blaster/Content/Assets/sA_PickupSet_1/Materials/Textures/T_Beam_01.ubulk" 3441
"D:/UE_project/Blaster/Content/Assets/sA_PickupSet_1/Materials/Textures/T_Beam_01.uasset" 3442
"D:/UE_project/Blaster/Content/Assets/sA_PickupSet_1/Materials/Textures/T_Beam_01.uexp" 3443
"D:/UE_project/Blaster/Content/Assets/sA_PickupSet_1/Materials/M_AdditiveScrollNiagara.uasset" 3444
"D:/UE_project/Blaster/Content/Assets/sA_PickupSet_1/Materials/M_AdditiveScrollNiagara.uexp" 3445
"D:/UE_project/Blaster/Content/Assets/sA_PickupSet_1/Materials/MI_Scroll_1.uasset" 3446
"D:/UE_project/Blaster/Content/Assets/sA_PickupSet_1/Materials/MI_Scroll_1.uexp" 3447
"D:/UE_project/Blaster/Content/Assets/sA_PickupSet_1/Models/SM_Crown.ubulk" 3448
"D:/UE_project/Blaster/Content/Assets/sA_PickupSet_1/Models/SM_Crown.uasset" 3449
"D:/UE_project/Blaster/Content/Assets/sA_PickupSet_1/Models/SM_Crown.uexp" 3450
"D:/UE_project/Blaster/Content/Assets/sA_PickupSet_1/Materials/M_Master_Fresnel.uasset" 3451
"D:/UE_project/Blaster/Content/Assets/sA_PickupSet_1/Materials/M_Master_Fresnel.uexp" 3452
"D:/UE_project/Blaster/Content/Assets/sA_PickupSet_1/Materials/MI_Fresnel.uasset" 3453
"D:/UE_project/Blaster/Content/Assets/sA_PickupSet_1/Materials/MI_Fresnel.uexp" 3454
"D:/UE_project/Blaster/Content/Assets/sA_PickupSet_1/Fx/NiagaraSystems/NS_Crown.uasset" 3455
"D:/UE_project/Blaster/Content/Assets/sA_PickupSet_1/Fx/NiagaraSystems/NS_Crown.uexp" 3456
"D:/UE_project/Blaster/Content/Assets/Girl/Mesh/Red/SP_Girl_Red.uasset" 3457
"D:/UE_project/Blaster/Content/Assets/Girl/Mesh/Red/SP_Girl_Red.uexp" 3458
"D:/UE_project/Blaster/Content/Assets/Girl/Mesh/Red/T_Shader_NoneNormal_N.uasset" 3459
"D:/UE_project/Blaster/Content/Assets/Girl/Mesh/Red/T_Shader_NoneNormal_N.uexp" 3460
"D:/UE_project/Blaster/Content/Assets/Girl/Mesh/Red/T__15.uasset" 3461
"D:/UE_project/Blaster/Content/Assets/Girl/Mesh/Red/T__15.uexp" 3462
"D:/UE_project/Blaster/Content/Assets/Girl/Mesh/Red/T_Shader_NoneBlack.uasset" 3463
"D:/UE_project/Blaster/Content/Assets/Girl/Mesh/Red/T_Shader_NoneBlack.uexp" 3464
"D:/UE_project/Blaster/Content/Assets/Girl/Mesh/Red/T_MatcapWarp.uasset" 3465
"D:/UE_project/Blaster/Content/Assets/Girl/Mesh/Red/T_MatcapWarp.uexp" 3466
"D:/UE_project/Blaster/Content/Assets/Girl/Mesh/Red/M_N00_007_03_Tops_01_CLOTH__Instance_.uasset" 3467
"D:/UE_project/Blaster/Content/Assets/Girl/Mesh/Red/M_N00_007_03_Tops_01_CLOTH__Instance_.uexp" 3468
"D:/UE_project/Blaster/Content/Assets/ParagonWraith/FX/Materials/MaterialFunctions/M_Tri_Test.uasset" 3469
"D:/UE_project/Blaster/Content/Assets/ParagonWraith/FX/Materials/MaterialFunctions/M_Tri_Test.uexp" 3470
"D:/UE_project/Blaster/Content/Assets/ParagonWraith/FX/Materials/Functions/MF_DitheredRefraction.uasset" 3471
"D:/UE_project/Blaster/Content/Assets/ParagonWraith/FX/Materials/Functions/MF_DitheredRefraction.uexp" 3472
"D:/UE_project/Blaster/Content/Assets/ParagonWraith/FX/Textures/FluidPatterns/T_FluidTile01_DA.ubulk" 3473
"D:/UE_project/Blaster/Content/Assets/ParagonWraith/FX/Textures/FluidPatterns/T_FluidTile01_DA.uasset" 3474
"D:/UE_project/Blaster/Content/Assets/ParagonWraith/FX/Textures/FluidPatterns/T_FluidTile01_DA.uexp" 3475
"../../../Engine/Content/Functions/Engine_MaterialFunctions01/ImageAdjustment/DeriveHDRfromLDR.uasset" 3476
"../../../Engine/Content/Functions/Engine_MaterialFunctions01/ImageAdjustment/DeriveHDRfromLDR.uexp" 3477
"D:/UE_project/Blaster/Content/Assets/ParagonWraith/FX/Materials/Heroes/Wraith/FX/M_Wraith_Drone_ElectroField.uasset" 3478
"D:/UE_project/Blaster/Content/Assets/ParagonWraith/FX/Materials/Heroes/Wraith/FX/M_Wraith_Drone_ElectroField.uexp" 3479
"D:/UE_project/Blaster/Content/Assets/ParagonWraith/FX/Meshes/Heroes/Wraith/FX/SM_Wraith_Drone_ElectroField.ubulk" 3480
"D:/UE_project/Blaster/Content/Assets/ParagonWraith/FX/Meshes/Heroes/Wraith/FX/SM_Wraith_Drone_ElectroField.uasset" 3481
"D:/UE_project/Blaster/Content/Assets/ParagonWraith/FX/Meshes/Heroes/Wraith/FX/SM_Wraith_Drone_ElectroField.uexp" 3482
"D:/UE_project/Blaster/Content/Assets/ParagonWraith/FX/Materials/MaterialFunctions/MF_Character_MaterialLayerQuality.uasset" 3483
"D:/UE_project/Blaster/Content/Assets/ParagonWraith/FX/Materials/MaterialFunctions/MF_Character_MaterialLayerQuality.uexp" 3484
"D:/UE_project/Blaster/Content/Assets/ParagonWraith/FX/Materials/MaterialLayers/Painted/T_PaintScratches.ubulk" 3485
"D:/UE_project/Blaster/Content/Assets/ParagonWraith/FX/Materials/MaterialLayers/Painted/T_PaintScratches.uasset" 3486
"D:/UE_project/Blaster/Content/Assets/ParagonWraith/FX/Materials/MaterialLayers/Painted/T_PaintScratches.uexp" 3487
"D:/UE_project/Blaster/Content/Assets/ParagonWraith/FX/Materials/MaterialLayers/Painted/ML_MetallicClearCoat.uasset" 3488
"D:/UE_project/Blaster/Content/Assets/ParagonWraith/FX/Materials/MaterialLayers/Painted/ML_MetallicClearCoat.uexp" 3489
"D:/UE_project/Blaster/Content/Assets/ParagonWraith/FX/Materials/MaterialFunctions/Textures/T_Black_Linear.uasset" 3490
"D:/UE_project/Blaster/Content/Assets/ParagonWraith/FX/Materials/MaterialFunctions/Textures/T_Black_Linear.uexp" 3491
"D:/UE_project/Blaster/Content/Assets/ParagonWraith/FX/Materials/MaterialFunctions/MF_OrionCharacterAO.uasset" 3492
"D:/UE_project/Blaster/Content/Assets/ParagonWraith/FX/Materials/MaterialFunctions/MF_OrionCharacterAO.uexp" 3493
"../../../Engine/Content/Functions/Engine_MaterialFunctions01/Shading/MetallicShading.uasset" 3494
"../../../Engine/Content/Functions/Engine_MaterialFunctions01/Shading/MetallicShading.uexp" 3495
"D:/UE_project/Blaster/Content/Assets/ParagonWraith/FX/Materials/MaterialFunctions/MaterialLayerConstructors/MF_BaseColorTintAndContrast.uasset" 3496
"D:/UE_project/Blaster/Content/Assets/ParagonWraith/FX/Materials/MaterialFunctions/MaterialLayerConstructors/MF_BaseColorTintAndContrast.uexp" 3497
"D:/UE_project/Blaster/Content/Assets/ParagonWraith/FX/Materials/MaterialLayers/Metal/T_ML_Aluminum01_N.ubulk" 3498
"D:/UE_project/Blaster/Content/Assets/ParagonWraith/FX/Materials/MaterialLayers/Metal/T_ML_Aluminum01_N.uasset" 3499
"D:/UE_project/Blaster/Content/Assets/ParagonWraith/FX/Materials/MaterialLayers/Metal/T_ML_Aluminum01_N.uexp" 3500
"D:/UE_project/Blaster/Content/Assets/ParagonWraith/FX/Materials/MaterialLayers/Metal/T_ML_Aluminum01.ubulk" 3501
"D:/UE_project/Blaster/Content/Assets/ParagonWraith/FX/Materials/MaterialLayers/Metal/T_ML_Aluminum01.uasset" 3502
"D:/UE_project/Blaster/Content/Assets/ParagonWraith/FX/Materials/MaterialLayers/Metal/T_ML_Aluminum01.uexp" 3503
"D:/UE_project/Blaster/Content/Assets/ParagonWraith/FX/Materials/MaterialFunctions/MaterialLayerConstructors/MF_RoughnessAdjustment.uasset" 3504
"D:/UE_project/Blaster/Content/Assets/ParagonWraith/FX/Materials/MaterialFunctions/MaterialLayerConstructors/MF_RoughnessAdjustment.uexp" 3505
"D:/UE_project/Blaster/Content/Assets/ParagonWraith/FX/Materials/MaterialLayers/Metal/ML_SoftMetal01.uasset" 3506
"D:/UE_project/Blaster/Content/Assets/ParagonWraith/FX/Materials/MaterialLayers/Metal/ML_SoftMetal01.uexp" 3507
"D:/UE_project/Blaster/Content/Assets/ParagonWraith/FX/Textures/Heroes/Wraith/T_Wraith_UpperBody_Mask.ubulk" 3508
"D:/UE_project/Blaster/Content/Assets/ParagonWraith/FX/Textures/Heroes/Wraith/T_Wraith_UpperBody_Mask.uasset" 3509
"D:/UE_project/Blaster/Content/Assets/ParagonWraith/FX/Textures/Heroes/Wraith/T_Wraith_UpperBody_Mask.uexp" 3510
"D:/UE_project/Blaster/Content/Assets/ParagonWraith/FX/Textures/Heroes/Wraith/T_Wraith_UpperBody_Mask2.ubulk" 3511
"D:/UE_project/Blaster/Content/Assets/ParagonWraith/FX/Textures/Heroes/Wraith/T_Wraith_UpperBody_Mask2.uasset" 3512
"D:/UE_project/Blaster/Content/Assets/ParagonWraith/FX/Textures/Heroes/Wraith/T_Wraith_UpperBody_Mask2.uexp" 3513
"../../../Engine/Content/Functions/Engine_MaterialFunctions01/Texturing/FlattenNormal.uasset" 3514
"../../../Engine/Content/Functions/Engine_MaterialFunctions01/Texturing/FlattenNormal.uexp" 3515
"D:/UE_project/Blaster/Content/Assets/ParagonWraith/FX/Materials/MaterialLayers/Metal/T_Metal_Scratched_Circular_01_N.ubulk" 3516
"D:/UE_project/Blaster/Content/Assets/ParagonWraith/FX/Materials/MaterialLayers/Metal/T_Metal_Scratched_Circular_01_N.uasset" 3517
"D:/UE_project/Blaster/Content/Assets/ParagonWraith/FX/Materials/MaterialLayers/Metal/T_Metal_Scratched_Circular_01_N.uexp" 3518
"D:/UE_project/Blaster/Content/Assets/ParagonWraith/FX/Materials/MaterialLayers/Metal/T_Metal_Scratched_Circular_01_COLOR.ubulk" 3519
"D:/UE_project/Blaster/Content/Assets/ParagonWraith/FX/Materials/MaterialLayers/Metal/T_Metal_Scratched_Circular_01_COLOR.uasset" 3520
"D:/UE_project/Blaster/Content/Assets/ParagonWraith/FX/Materials/MaterialLayers/Metal/T_Metal_Scratched_Circular_01_COLOR.uexp" 3521
"D:/UE_project/Blaster/Content/Assets/ParagonWraith/FX/Materials/MaterialLayers/Metal/T_ScratchMask.ubulk" 3522
"D:/UE_project/Blaster/Content/Assets/ParagonWraith/FX/Materials/MaterialLayers/Metal/T_ScratchMask.uasset" 3523
"D:/UE_project/Blaster/Content/Assets/ParagonWraith/FX/Materials/MaterialLayers/Metal/T_ScratchMask.uexp" 3524
"D:/UE_project/Blaster/Content/Assets/ParagonWraith/FX/Textures/Tile/Noise/T_Noise_Rough_Dark_Big.ubulk" 3525
"D:/UE_project/Blaster/Content/Assets/ParagonWraith/FX/Textures/Tile/Noise/T_Noise_Rough_Dark_Big.uasset" 3526
"D:/UE_project/Blaster/Content/Assets/ParagonWraith/FX/Textures/Tile/Noise/T_Noise_Rough_Dark_Big.uexp" 3527
"D:/UE_project/Blaster/Content/Assets/ParagonWraith/FX/Materials/MaterialLayers/Metal/ML_Metal_Scratched_Circular.uasset" 3528
"D:/UE_project/Blaster/Content/Assets/ParagonWraith/FX/Materials/MaterialLayers/Metal/ML_Metal_Scratched_Circular.uexp" 3529
"../../../Engine/Content/Functions/MaterialLayerFunctions/MatLayerBlend_Standard.uasset" 3530
"../../../Engine/Content/Functions/MaterialLayerFunctions/MatLayerBlend_Standard.uexp" 3531
"../../../Engine/Content/Functions/Engine_MaterialFunctions02/Utility/BlendAngleCorrectedNormals.uasset" 3532
"../../../Engine/Content/Functions/Engine_MaterialFunctions02/Utility/BlendAngleCorrectedNormals.uexp" 3533
"../../../Engine/Content/Functions/MaterialLayerFunctions/MatLayerBlend_BakedNormal.uasset" 3534
"../../../Engine/Content/Functions/MaterialLayerFunctions/MatLayerBlend_BakedNormal.uexp" 3535
"../../../Engine/Content/Functions/MaterialLayerFunctions/MatLayerBlend_TenLayerBlend.uasset" 3536
"../../../Engine/Content/Functions/MaterialLayerFunctions/MatLayerBlend_TenLayerBlend.uexp" 3537
"D:/UE_project/Blaster/Content/Assets/ParagonWraith/FX/Materials/MaterialFunctions/Textures/Noise/T_AtmosphericCloudNoise01_N.ubulk" 3538
"D:/UE_project/Blaster/Content/Assets/ParagonWraith/FX/Materials/MaterialFunctions/Textures/Noise/T_AtmosphericCloudNoise01_N.uasset" 3539
"D:/UE_project/Blaster/Content/Assets/ParagonWraith/FX/Materials/MaterialFunctions/Textures/Noise/T_AtmosphericCloudNoise01_N.uexp" 3540
"D:/UE_project/Blaster/Content/Assets/ParagonWraith/FX/Materials/MaterialFunctions/Textures/Noise/T_AtmosphericCloudNoise03.ubulk" 3541
"D:/UE_project/Blaster/Content/Assets/ParagonWraith/FX/Materials/MaterialFunctions/Textures/Noise/T_AtmosphericCloudNoise03.uasset" 3542
"D:/UE_project/Blaster/Content/Assets/ParagonWraith/FX/Materials/MaterialFunctions/Textures/Noise/T_AtmosphericCloudNoise03.uexp" 3543
"../../../Engine/Content/Functions/Engine_MaterialFunctions01/Texturing/WorldAlignedTexture.uasset" 3544
"../../../Engine/Content/Functions/Engine_MaterialFunctions01/Texturing/WorldAlignedTexture.uexp" 3545
"D:/UE_project/Blaster/Content/Assets/ParagonWraith/FX/Materials/MaterialFunctions/Textures/Noise/T_AtmosphericCloudNoise01.ubulk" 3546
"D:/UE_project/Blaster/Content/Assets/ParagonWraith/FX/Materials/MaterialFunctions/Textures/Noise/T_AtmosphericCloudNoise01.uasset" 3547
"D:/UE_project/Blaster/Content/Assets/ParagonWraith/FX/Materials/MaterialFunctions/Textures/Noise/T_AtmosphericCloudNoise01.uexp" 3548
"D:/UE_project/Blaster/Content/Assets/ParagonWraith/FX/Materials/MaterialFunctions/MF_DeathFade.uasset" 3549
"D:/UE_project/Blaster/Content/Assets/ParagonWraith/FX/Materials/MaterialFunctions/MF_DeathFade.uexp" 3550
"D:/UE_project/Blaster/Content/Assets/ParagonWraith/FX/Materials/MaterialFunctions/MF_BrightnessAdjust.uasset" 3551
"D:/UE_project/Blaster/Content/Assets/ParagonWraith/FX/Materials/MaterialFunctions/MF_BrightnessAdjust.uexp" 3552
"../../../Engine/Content/Functions/Engine_MaterialFunctions03/Blends/Lerp_ScratchGrime.uasset" 3553
"../../../Engine/Content/Functions/Engine_MaterialFunctions03/Blends/Lerp_ScratchGrime.uexp" 3554
"../../../Engine/Content/EngineMaterials/DefaultNormal.ubulk" 3555
"../../../Engine/Content/EngineMaterials/DefaultNormal.uasset" 3556
"../../../Engine/Content/EngineMaterials/DefaultNormal.uexp" 3557
"D:/UE_project/Blaster/Content/Assets/ParagonWraith/FX/Materials/MaterialLayers/T_TestML_Mask.ubulk" 3558
"D:/UE_project/Blaster/Content/Assets/ParagonWraith/FX/Materials/MaterialLayers/T_TestML_Mask.uasset" 3559
"D:/UE_project/Blaster/Content/Assets/ParagonWraith/FX/Materials/MaterialLayers/T_TestML_Mask.uexp" 3560
"D:/UE_project/Blaster/Content/Assets/ParagonWraith/FX/Materials/MaterialLayers/ML__Blank.uasset" 3561
"D:/UE_project/Blaster/Content/Assets/ParagonWraith/FX/Materials/MaterialLayers/ML__Blank.uexp" 3562
"D:/UE_project/Blaster/Content/Assets/ParagonWraith/FX/Materials/MaterialLayers/Rubber/T_Blank_N.uasset" 3563
"D:/UE_project/Blaster/Content/Assets/ParagonWraith/FX/Materials/MaterialLayers/Rubber/T_Blank_N.uexp" 3564
"../../../Engine/Content/Functions/MaterialLayerFunctions/MatLayerBlend_OverrideBaseColor.uasset" 3565
"../../../Engine/Content/Functions/MaterialLayerFunctions/MatLayerBlend_OverrideBaseColor.uexp" 3566
"D:/UE_project/Blaster/Content/Assets/ParagonWraith/FX/Materials/MaterialLayers/Metal/T_Blue_Metal02.ubulk" 3567
"D:/UE_project/Blaster/Content/Assets/ParagonWraith/FX/Materials/MaterialLayers/Metal/T_Blue_Metal02.uasset" 3568
"D:/UE_project/Blaster/Content/Assets/ParagonWraith/FX/Materials/MaterialLayers/Metal/T_Blue_Metal02.uexp" 3569
"../../../Engine/Content/Functions/MaterialLayerFunctions/MatLayerBlend_BreakBaseColor.uasset" 3570
"../../../Engine/Content/Functions/MaterialLayerFunctions/MatLayerBlend_BreakBaseColor.uexp" 3571
"D:/UE_project/Blaster/Content/Assets/ParagonWraith/FX/Materials/MaterialFunctions/MaterialLayerConstructors/MLC_ScratchAndGrime.uasset" 3572
"D:/UE_project/Blaster/Content/Assets/ParagonWraith/FX/Materials/MaterialFunctions/MaterialLayerConstructors/MLC_ScratchAndGrime.uexp" 3573
"D:/UE_project/Blaster/Content/Assets/ParagonWraith/FX/Materials/MaterialFunctions/MaterialLayerConstructors/MLC_Standard.uasset" 3574
"D:/UE_project/Blaster/Content/Assets/ParagonWraith/FX/Materials/MaterialFunctions/MaterialLayerConstructors/MLC_Standard.uexp" 3575
"D:/UE_project/Blaster/Content/Assets/ParagonWraith/FX/Materials/MaterialLayers/Metal/ML_blue_Metal.uasset" 3576
"D:/UE_project/Blaster/Content/Assets/ParagonWraith/FX/Materials/MaterialLayers/Metal/ML_blue_Metal.uexp" 3577
"D:/UE_project/Blaster/Content/Assets/ParagonWraith/FX/Materials/MaterialFunctions/ParameterCollections/OrionGlobalGameplayCollection.uasset" 3578
"D:/UE_project/Blaster/Content/Assets/ParagonWraith/FX/Materials/MaterialFunctions/ParameterCollections/OrionGlobalGameplayCollection.uexp" 3579
"D:/UE_project/Blaster/Content/Assets/ParagonWraith/FX/Materials/MaterialFunctions/MF_OrionRimlight.uasset" 3580
"D:/UE_project/Blaster/Content/Assets/ParagonWraith/FX/Materials/MaterialFunctions/MF_OrionRimlight.uexp" 3581
"../../../Engine/Content/Functions/MaterialLayerFunctions/MatLayerBlend_Tint.uasset" 3582
"../../../Engine/Content/Functions/MaterialLayerFunctions/MatLayerBlend_Tint.uexp" 3583
"D:/UE_project/Blaster/Content/Assets/ParagonWraith/FX/Materials/MaterialFunctions/HitFlash.uasset" 3584
"D:/UE_project/Blaster/Content/Assets/ParagonWraith/FX/Materials/MaterialFunctions/HitFlash.uexp" 3585
"D:/UE_project/Blaster/Content/Assets/ParagonWraith/FX/Materials/MaterialFunctions/MF_CharacterEffects.uasset" 3586
"D:/UE_project/Blaster/Content/Assets/ParagonWraith/FX/Materials/MaterialFunctions/MF_CharacterEffects.uexp" 3587
"../../../Engine/Content/Functions/MaterialLayerFunctions/MatLayerBlend_ModulateRoughness.uasset" 3588
"../../../Engine/Content/Functions/MaterialLayerFunctions/MatLayerBlend_ModulateRoughness.uexp" 3589
"D:/UE_project/Blaster/Content/Assets/ParagonWraith/FX/Textures/Heroes/Wraith/T_Wraith_BackPackbody_RGBA.ubulk" 3590
"D:/UE_project/Blaster/Content/Assets/ParagonWraith/FX/Textures/Heroes/Wraith/T_Wraith_BackPackbody_RGBA.uasset" 3591
"D:/UE_project/Blaster/Content/Assets/ParagonWraith/FX/Textures/Heroes/Wraith/T_Wraith_BackPackbody_RGBA.uexp" 3592
"D:/UE_project/Blaster/Content/Assets/ParagonWraith/FX/Materials/Heroes/Wraith/MLayer/T_TireRubber_R.ubulk" 3593
"D:/UE_project/Blaster/Content/Assets/ParagonWraith/FX/Materials/Heroes/Wraith/MLayer/T_TireRubber_R.uasset" 3594
"D:/UE_project/Blaster/Content/Assets/ParagonWraith/FX/Materials/Heroes/Wraith/MLayer/T_TireRubber_R.uexp" 3595
"D:/UE_project/Blaster/Content/Assets/ParagonWraith/FX/Materials/MaterialLayers/Rubber/T_ML_FineRubber_N.ubulk" 3596
"D:/UE_project/Blaster/Content/Assets/ParagonWraith/FX/Materials/MaterialLayers/Rubber/T_ML_FineRubber_N.uasset" 3597
"D:/UE_project/Blaster/Content/Assets/ParagonWraith/FX/Materials/MaterialLayers/Rubber/T_ML_FineRubber_N.uexp" 3598
"D:/UE_project/Blaster/Content/Assets/ParagonWraith/FX/Materials/Heroes/Wraith/MLayer/MF_Wraithlatex.uasset" 3599
"D:/UE_project/Blaster/Content/Assets/ParagonWraith/FX/Materials/Heroes/Wraith/MLayer/MF_Wraithlatex.uexp" 3600
"D:/UE_project/Blaster/Content/Assets/ParagonWraith/FX/Textures/Heroes/Wraith/T_Wraith_upperbody_N_DEMO.ubulk" 3601
"D:/UE_project/Blaster/Content/Assets/ParagonWraith/FX/Textures/Heroes/Wraith/T_Wraith_upperbody_N_DEMO.uasset" 3602
"D:/UE_project/Blaster/Content/Assets/ParagonWraith/FX/Textures/Heroes/Wraith/T_Wraith_upperbody_N_DEMO.uexp" 3603
"D:/UE_project/Blaster/Content/Assets/ParagonWraith/FX/Textures/Heroes/Wraith/T_Wraith_Upperbody_RGBA.ubulk" 3604
"D:/UE_project/Blaster/Content/Assets/ParagonWraith/FX/Textures/Heroes/Wraith/T_Wraith_Upperbody_RGBA.uasset" 3605
"D:/UE_project/Blaster/Content/Assets/ParagonWraith/FX/Textures/Heroes/Wraith/T_Wraith_Upperbody_RGBA.uexp" 3606
"D:/UE_project/Blaster/Content/Assets/ParagonWraith/FX/Textures/Heroes/Wraith/T_ElectroHex_Tile.ubulk" 3607
"D:/UE_project/Blaster/Content/Assets/ParagonWraith/FX/Textures/Heroes/Wraith/T_ElectroHex_Tile.uasset" 3608
"D:/UE_project/Blaster/Content/Assets/ParagonWraith/FX/Textures/Heroes/Wraith/T_ElectroHex_Tile.uexp" 3609
"D:/UE_project/Blaster/Content/Assets/ParagonWraith/FX/Materials/MaterialLayers/Synthetics/ML_SimpleEmissive_underGlass.uasset" 3610
"D:/UE_project/Blaster/Content/Assets/ParagonWraith/FX/Materials/MaterialLayers/Synthetics/ML_SimpleEmissive_underGlass.uexp" 3611
"D:/UE_project/Blaster/Content/Assets/ParagonWraith/FX/Materials/Heroes/Wraith/M_Wraith_Upperbody.uasset" 3612
"D:/UE_project/Blaster/Content/Assets/ParagonWraith/FX/Materials/Heroes/Wraith/M_Wraith_Upperbody.uexp" 3613
"D:/UE_project/Blaster/Content/Assets/ParagonWraith/FX/Materials/Heroes/Wraith/FX/M_Wraith_Upperbody_Drone_Inst.uasset" 3614
"D:/UE_project/Blaster/Content/Assets/ParagonWraith/FX/Materials/Heroes/Wraith/FX/M_Wraith_Upperbody_Drone_Inst.uexp" 3615
"D:/UE_project/Blaster/Content/Assets/ParagonWraith/FX/Meshes/Heroes/Wraith/SM_Wraith_Drone_open.ubulk" 3616
"D:/UE_project/Blaster/Content/Assets/ParagonWraith/FX/Meshes/Heroes/Wraith/SM_Wraith_Drone_open.uasset" 3617
"D:/UE_project/Blaster/Content/Assets/ParagonWraith/FX/Meshes/Heroes/Wraith/SM_Wraith_Drone_open.uexp" 3618
"D:/UE_project/Blaster/Content/Assets/ParagonWraith/FX/Textures/Masks/T_SmokeTrailCoord1_Mask.ubulk" 3619
"D:/UE_project/Blaster/Content/Assets/ParagonWraith/FX/Textures/Masks/T_SmokeTrailCoord1_Mask.uasset" 3620
"D:/UE_project/Blaster/Content/Assets/ParagonWraith/FX/Textures/Masks/T_SmokeTrailCoord1_Mask.uexp" 3621
"D:/UE_project/Blaster/Content/Assets/ParagonWraith/FX/Materials/Functions/FX_EmissiveModulate.uasset" 3622
"D:/UE_project/Blaster/Content/Assets/ParagonWraith/FX/Materials/Functions/FX_EmissiveModulate.uexp" 3623
"D:/UE_project/Blaster/Content/Assets/ParagonWraith/FX/Textures/Masks/T_Beam_Gradient_02.ubulk" 3624
"D:/UE_project/Blaster/Content/Assets/ParagonWraith/FX/Textures/Masks/T_Beam_Gradient_02.uasset" 3625
"D:/UE_project/Blaster/Content/Assets/ParagonWraith/FX/Textures/Masks/T_Beam_Gradient_02.uexp" 3626
"D:/UE_project/Blaster/Content/Assets/ParagonWraith/FX/Materials/Trails/M_Bullet_Trail.uasset" 3627
"D:/UE_project/Blaster/Content/Assets/ParagonWraith/FX/Materials/Trails/M_Bullet_Trail.uexp" 3628
"D:/UE_project/Blaster/Content/Assets/ParagonWraith/FX/Meshes/Heroes/Wraith/SM_Wraith_Drone.ubulk" 3629
"D:/UE_project/Blaster/Content/Assets/ParagonWraith/FX/Meshes/Heroes/Wraith/SM_Wraith_Drone.uasset" 3630
"D:/UE_project/Blaster/Content/Assets/ParagonWraith/FX/Meshes/Heroes/Wraith/SM_Wraith_Drone.uexp" 3631
"D:/UE_project/Blaster/Content/Assets/ParagonWraith/FX/Particles/Abilities/Drone/FX/P_Wraith_Drone_Attached_TeamColored.uasset" 3632
"D:/UE_project/Blaster/Content/Assets/ParagonWraith/FX/Particles/Abilities/Drone/FX/P_Wraith_Drone_Attached_TeamColored.uexp" 3633
"D:/UE_project/Blaster/Content/Blueprint/Weapon/Projectiles/BP_Grenade.uasset" 3634
"D:/UE_project/Blaster/Content/Blueprint/Weapon/Projectiles/BP_Grenade.uexp" 3635
"D:/UE_project/Blaster/Content/Assets/Girl/Animations/AimOffset/HipAO/Zero_Pose.uasset" 3636
"D:/UE_project/Blaster/Content/Assets/Girl/Animations/AimOffset/HipAO/Zero_Pose.uexp" 3637
"D:/UE_project/Blaster/Content/Assets/Girl/Animations/Hit_React_2_add.uasset" 3638
"D:/UE_project/Blaster/Content/Assets/Girl/Animations/Hit_React_2_add.uexp" 3639
"D:/UE_project/Blaster/Content/Assets/Girl/Animations/Hit_React_1_add.uasset" 3640
"D:/UE_project/Blaster/Content/Assets/Girl/Animations/Hit_React_1_add.uexp" 3641
"D:/UE_project/Blaster/Content/Assets/Girl/Animations/Hit_React_4_add.uasset" 3642
"D:/UE_project/Blaster/Content/Assets/Girl/Animations/Hit_React_4_add.uexp" 3643
"D:/UE_project/Blaster/Content/Assets/Girl/Animations/Hit_React_3_add.uasset" 3644
"D:/UE_project/Blaster/Content/Assets/Girl/Animations/Hit_React_3_add.uexp" 3645
"D:/UE_project/Blaster/Content/Blueprint/Character/Animation/HitReact.uasset" 3646
"D:/UE_project/Blaster/Content/Blueprint/Character/Animation/HitReact.uexp" 3647
"D:/UE_project/Blaster/Content/Assets/Girl/Mesh/Red/T__12.uasset" 3648
"D:/UE_project/Blaster/Content/Assets/Girl/Mesh/Red/T__12.uexp" 3649
"D:/UE_project/Blaster/Content/Assets/Girl/Mesh/Red/M_N00_008_01_Shoes_01_CLOTH__Instance_.uasset" 3650
"D:/UE_project/Blaster/Content/Assets/Girl/Mesh/Red/M_N00_008_01_Shoes_01_CLOTH__Instance_.uexp" 3651
"D:/UE_project/Blaster/Content/Assets/MilitaryWeapSilver/Sound/SniperRifle/Wavs/SniperRifle_ZoomOut.ubulk" 3652
"D:/UE_project/Blaster/Content/Assets/MilitaryWeapSilver/Sound/SniperRifle/Wavs/SniperRifle_ZoomOut.uasset" 3653
"D:/UE_project/Blaster/Content/Assets/MilitaryWeapSilver/Sound/SniperRifle/Wavs/SniperRifle_ZoomOut.uexp" 3654
"D:/UE_project/Blaster/Content/Assets/MilitaryWeapSilver/Sound/SniperRifle/Cues/SniperRifle_ZoomOut_Cue.uasset" 3655
"D:/UE_project/Blaster/Content/Assets/MilitaryWeapSilver/Sound/SniperRifle/Cues/SniperRifle_ZoomOut_Cue.uexp" 3656
"D:/UE_project/Blaster/Content/Assets/Girl/Mesh/Red/T__02.uasset" 3657
"D:/UE_project/Blaster/Content/Assets/Girl/Mesh/Red/T__02.uexp" 3658
"D:/UE_project/Blaster/Content/Assets/Girl/Mesh/Red/M_N00_000_00_EyeIris_00_EYE__Instance_.uasset" 3659
"D:/UE_project/Blaster/Content/Assets/Girl/Mesh/Red/M_N00_000_00_EyeIris_00_EYE__Instance_.uexp" 3660
"D:/UE_project/Blaster/Content/Assets/Girl/Mesh/Red/T__11_N.uasset" 3661
"D:/UE_project/Blaster/Content/Assets/Girl/Mesh/Red/T__11_N.uexp" 3662
"D:/UE_project/Blaster/Content/Assets/Girl/Mesh/Red/T__10.uasset" 3663
"D:/UE_project/Blaster/Content/Assets/Girl/Mesh/Red/T__10.uexp" 3664
"D:/UE_project/Blaster/Content/Assets/Girl/Mesh/Red/M_N00_000_00_Body_00_SKIN__Instance_.uasset" 3665
"D:/UE_project/Blaster/Content/Assets/Girl/Mesh/Red/M_N00_000_00_Body_00_SKIN__Instance_.uexp" 3666
"D:/UE_project/Blaster/Content/Assets/Girl/Animations/Reload_Pistol.uasset" 3667
"D:/UE_project/Blaster/Content/Assets/Girl/Animations/Reload_Pistol.uexp" 3668
"D:/UE_project/Blaster/Content/Assets/MilitaryWeapSilver/Sound/SniperRifle/Wavs/SniperRifle_Lower.ubulk" 3669
"D:/UE_project/Blaster/Content/Assets/MilitaryWeapSilver/Sound/SniperRifle/Wavs/SniperRifle_Lower.uasset" 3670
"D:/UE_project/Blaster/Content/Assets/MilitaryWeapSilver/Sound/SniperRifle/Wavs/SniperRifle_Lower.uexp" 3671
"D:/UE_project/Blaster/Content/Assets/MilitaryWeapSilver/Sound/SniperRifle/Cues/SniperRifle_Lower_Cue.uasset" 3672
"D:/UE_project/Blaster/Content/Assets/MilitaryWeapSilver/Sound/SniperRifle/Cues/SniperRifle_Lower_Cue.uexp" 3673
"D:/UE_project/Blaster/Content/Assets/MilitaryWeapSilver/Sound/Pistol/Wavs/Pistol_ReloadMagEject02.ubulk" 3674
"D:/UE_project/Blaster/Content/Assets/MilitaryWeapSilver/Sound/Pistol/Wavs/Pistol_ReloadMagEject02.uasset" 3675
"D:/UE_project/Blaster/Content/Assets/MilitaryWeapSilver/Sound/Pistol/Wavs/Pistol_ReloadMagEject02.uexp" 3676
"D:/UE_project/Blaster/Content/Assets/MilitaryWeapSilver/Sound/Pistol/Wavs/Pistol_ReloadMagEject01.ubulk" 3677
"D:/UE_project/Blaster/Content/Assets/MilitaryWeapSilver/Sound/Pistol/Wavs/Pistol_ReloadMagEject01.uasset" 3678
"D:/UE_project/Blaster/Content/Assets/MilitaryWeapSilver/Sound/Pistol/Wavs/Pistol_ReloadMagEject01.uexp" 3679
"D:/UE_project/Blaster/Content/Assets/MilitaryWeapSilver/Sound/Pistol/Cues/Pistol_ReloadEject_Cue.uasset" 3680
"D:/UE_project/Blaster/Content/Assets/MilitaryWeapSilver/Sound/Pistol/Cues/Pistol_ReloadEject_Cue.uexp" 3681
"D:/UE_project/Blaster/Content/Assets/MilitaryWeapSilver/Sound/GrenadeLauncher/Wavs/GrenadeLauncher_Raise.ubulk" 3682
"D:/UE_project/Blaster/Content/Assets/MilitaryWeapSilver/Sound/GrenadeLauncher/Wavs/GrenadeLauncher_Raise.uasset" 3683
"D:/UE_project/Blaster/Content/Assets/MilitaryWeapSilver/Sound/GrenadeLauncher/Wavs/GrenadeLauncher_Raise.uexp" 3684
"D:/UE_project/Blaster/Content/Assets/MilitaryWeapSilver/Sound/GrenadeLauncher/Cues/GrenadeLauncher_Raise_Cue.uasset" 3685
"D:/UE_project/Blaster/Content/Assets/MilitaryWeapSilver/Sound/GrenadeLauncher/Cues/GrenadeLauncher_Raise_Cue.uexp" 3686
"D:/UE_project/Blaster/Content/Assets/MilitaryWeapSilver/Sound/SniperRifle/Wavs/SniperRifle_ReloadInsert01.ubulk" 3687
"D:/UE_project/Blaster/Content/Assets/MilitaryWeapSilver/Sound/SniperRifle/Wavs/SniperRifle_ReloadInsert01.uasset" 3688
"D:/UE_project/Blaster/Content/Assets/MilitaryWeapSilver/Sound/SniperRifle/Wavs/SniperRifle_ReloadInsert01.uexp" 3689
"D:/UE_project/Blaster/Content/Assets/MilitaryWeapSilver/Sound/SniperRifle/Wavs/SniperRifle_ReloadInsert02.ubulk" 3690
"D:/UE_project/Blaster/Content/Assets/MilitaryWeapSilver/Sound/SniperRifle/Wavs/SniperRifle_ReloadInsert02.uasset" 3691
"D:/UE_project/Blaster/Content/Assets/MilitaryWeapSilver/Sound/SniperRifle/Wavs/SniperRifle_ReloadInsert02.uexp" 3692
"D:/UE_project/Blaster/Content/Assets/MilitaryWeapSilver/Sound/SniperRifle/Wavs/SniperRifle_ReloadInsert03.ubulk" 3693
"D:/UE_project/Blaster/Content/Assets/MilitaryWeapSilver/Sound/SniperRifle/Wavs/SniperRifle_ReloadInsert03.uasset" 3694
"D:/UE_project/Blaster/Content/Assets/MilitaryWeapSilver/Sound/SniperRifle/Wavs/SniperRifle_ReloadInsert03.uexp" 3695
"D:/UE_project/Blaster/Content/Assets/MilitaryWeapSilver/Sound/SniperRifle/Cues/SniperRifle_ReloadInsert_Cue.uasset" 3696
"D:/UE_project/Blaster/Content/Assets/MilitaryWeapSilver/Sound/SniperRifle/Cues/SniperRifle_ReloadInsert_Cue.uexp" 3697
"D:/UE_project/Blaster/Content/Assets/MilitaryWeapSilver/Sound/Shotgun/Wavs/Shotgun_Reload_Out01.ubulk" 3698
"D:/UE_project/Blaster/Content/Assets/MilitaryWeapSilver/Sound/Shotgun/Wavs/Shotgun_Reload_Out01.uasset" 3699
"D:/UE_project/Blaster/Content/Assets/MilitaryWeapSilver/Sound/Shotgun/Wavs/Shotgun_Reload_Out01.uexp" 3700
"D:/UE_project/Blaster/Content/Assets/MilitaryWeapSilver/Sound/Shotgun/Wavs/Shotgun_Reload_Out03.ubulk" 3701
"D:/UE_project/Blaster/Content/Assets/MilitaryWeapSilver/Sound/Shotgun/Wavs/Shotgun_Reload_Out03.uasset" 3702
"D:/UE_project/Blaster/Content/Assets/MilitaryWeapSilver/Sound/Shotgun/Wavs/Shotgun_Reload_Out03.uexp" 3703
"D:/UE_project/Blaster/Content/Assets/MilitaryWeapSilver/Sound/Shotgun/Wavs/Shotgun_Reload_Out02.ubulk" 3704
"D:/UE_project/Blaster/Content/Assets/MilitaryWeapSilver/Sound/Shotgun/Wavs/Shotgun_Reload_Out02.uasset" 3705
"D:/UE_project/Blaster/Content/Assets/MilitaryWeapSilver/Sound/Shotgun/Wavs/Shotgun_Reload_Out02.uexp" 3706
"D:/UE_project/Blaster/Content/Assets/MilitaryWeapSilver/Sound/Shotgun/Cues/Shotgun_Reload_Out_Cue.uasset" 3707
"D:/UE_project/Blaster/Content/Assets/MilitaryWeapSilver/Sound/Shotgun/Cues/Shotgun_Reload_Out_Cue.uexp" 3708
"D:/UE_project/Blaster/Content/Assets/MilitaryWeapSilver/Sound/Rifle/Wavs/Rifle_Lower.ubulk" 3709
"D:/UE_project/Blaster/Content/Assets/MilitaryWeapSilver/Sound/Rifle/Wavs/Rifle_Lower.uasset" 3710
"D:/UE_project/Blaster/Content/Assets/MilitaryWeapSilver/Sound/Rifle/Wavs/Rifle_Lower.uexp" 3711
"D:/UE_project/Blaster/Content/Assets/MilitaryWeapSilver/Sound/Rifle/Cues/Rifle_Lower_Cue.uasset" 3712
"D:/UE_project/Blaster/Content/Assets/MilitaryWeapSilver/Sound/Rifle/Cues/Rifle_Lower_Cue.uexp" 3713
"D:/UE_project/Blaster/Content/Assets/MilitaryWeapSilver/Sound/GrenadeLauncher/Wavs/GrenadeLauncher_Reload02.ubulk" 3714
"D:/UE_project/Blaster/Content/Assets/MilitaryWeapSilver/Sound/GrenadeLauncher/Wavs/GrenadeLauncher_Reload02.uasset" 3715
"D:/UE_project/Blaster/Content/Assets/MilitaryWeapSilver/Sound/GrenadeLauncher/Wavs/GrenadeLauncher_Reload02.uexp" 3716
"D:/UE_project/Blaster/Content/Assets/MilitaryWeapSilver/Sound/GrenadeLauncher/Wavs/GrenadeLauncher_Reload03.ubulk" 3717
"D:/UE_project/Blaster/Content/Assets/MilitaryWeapSilver/Sound/GrenadeLauncher/Wavs/GrenadeLauncher_Reload03.uasset" 3718
"D:/UE_project/Blaster/Content/Assets/MilitaryWeapSilver/Sound/GrenadeLauncher/Wavs/GrenadeLauncher_Reload03.uexp" 3719
"D:/UE_project/Blaster/Content/Assets/MilitaryWeapSilver/Sound/GrenadeLauncher/Wavs/GrenadeLauncher_Reload01.ubulk" 3720
"D:/UE_project/Blaster/Content/Assets/MilitaryWeapSilver/Sound/GrenadeLauncher/Wavs/GrenadeLauncher_Reload01.uasset" 3721
"D:/UE_project/Blaster/Content/Assets/MilitaryWeapSilver/Sound/GrenadeLauncher/Wavs/GrenadeLauncher_Reload01.uexp" 3722
"D:/UE_project/Blaster/Content/Assets/MilitaryWeapSilver/Sound/GrenadeLauncher/Cues/GrenadeLauncher_Reload_Cue.uasset" 3723
"D:/UE_project/Blaster/Content/Assets/MilitaryWeapSilver/Sound/GrenadeLauncher/Cues/GrenadeLauncher_Reload_Cue.uexp" 3724
"D:/UE_project/Blaster/Content/Assets/Girl/Animations/ReloadRifle.uasset" 3725
"D:/UE_project/Blaster/Content/Assets/Girl/Animations/ReloadRifle.uexp" 3726
"D:/UE_project/Blaster/Content/Assets/Girl/Animations/ReloadRocket.uasset" 3727
"D:/UE_project/Blaster/Content/Assets/Girl/Animations/ReloadRocket.uexp" 3728
"D:/UE_project/Blaster/Content/Assets/Girl/Animations/SniperReload.uasset" 3729
"D:/UE_project/Blaster/Content/Assets/Girl/Animations/SniperReload.uexp" 3730
"D:/UE_project/Blaster/Content/Assets/Girl/Animations/Reload_Shotgun.uasset" 3731
"D:/UE_project/Blaster/Content/Assets/Girl/Animations/Reload_Shotgun.uexp" 3732
"D:/UE_project/Blaster/Content/Assets/MilitaryWeapSilver/Sound/RocketLauncher/Wavs/RocketLauncher_Reload01.ubulk" 3733
"D:/UE_project/Blaster/Content/Assets/MilitaryWeapSilver/Sound/RocketLauncher/Wavs/RocketLauncher_Reload01.uasset" 3734
"D:/UE_project/Blaster/Content/Assets/MilitaryWeapSilver/Sound/RocketLauncher/Wavs/RocketLauncher_Reload01.uexp" 3735
"D:/UE_project/Blaster/Content/Assets/MilitaryWeapSilver/Sound/RocketLauncher/Wavs/RocketLauncher_Reload02.ubulk" 3736
"D:/UE_project/Blaster/Content/Assets/MilitaryWeapSilver/Sound/RocketLauncher/Wavs/RocketLauncher_Reload02.uasset" 3737
"D:/UE_project/Blaster/Content/Assets/MilitaryWeapSilver/Sound/RocketLauncher/Wavs/RocketLauncher_Reload02.uexp" 3738
"D:/UE_project/Blaster/Content/Assets/MilitaryWeapSilver/Sound/RocketLauncher/Cues/RocketLauncher_Reload_Cue.uasset" 3739
"D:/UE_project/Blaster/Content/Assets/MilitaryWeapSilver/Sound/RocketLauncher/Cues/RocketLauncher_Reload_Cue.uexp" 3740
"D:/UE_project/Blaster/Content/Assets/MilitaryWeapSilver/Sound/Rifle/Wavs/Rifle_Reload02.ubulk" 3741
"D:/UE_project/Blaster/Content/Assets/MilitaryWeapSilver/Sound/Rifle/Wavs/Rifle_Reload02.uasset" 3742
"D:/UE_project/Blaster/Content/Assets/MilitaryWeapSilver/Sound/Rifle/Wavs/Rifle_Reload02.uexp" 3743
"D:/UE_project/Blaster/Content/Assets/MilitaryWeapSilver/Sound/Rifle/Wavs/Rifle_Reload03.ubulk" 3744
"D:/UE_project/Blaster/Content/Assets/MilitaryWeapSilver/Sound/Rifle/Wavs/Rifle_Reload03.uasset" 3745
"D:/UE_project/Blaster/Content/Assets/MilitaryWeapSilver/Sound/Rifle/Wavs/Rifle_Reload03.uexp" 3746
"D:/UE_project/Blaster/Content/Assets/MilitaryWeapSilver/Sound/Rifle/Cues/Rifle_ReloadInsert_Cue.uasset" 3747
"D:/UE_project/Blaster/Content/Assets/MilitaryWeapSilver/Sound/Rifle/Cues/Rifle_ReloadInsert_Cue.uexp" 3748
"D:/UE_project/Blaster/Content/Assets/MilitaryWeapSilver/Sound/Shotgun/Wavs/Shotgun_Reload_In02.ubulk" 3749
"D:/UE_project/Blaster/Content/Assets/MilitaryWeapSilver/Sound/Shotgun/Wavs/Shotgun_Reload_In02.uasset" 3750
"D:/UE_project/Blaster/Content/Assets/MilitaryWeapSilver/Sound/Shotgun/Wavs/Shotgun_Reload_In02.uexp" 3751
"D:/UE_project/Blaster/Content/Assets/MilitaryWeapSilver/Sound/Shotgun/Wavs/Shotgun_Reload_In01.ubulk" 3752
"D:/UE_project/Blaster/Content/Assets/MilitaryWeapSilver/Sound/Shotgun/Wavs/Shotgun_Reload_In01.uasset" 3753
"D:/UE_project/Blaster/Content/Assets/MilitaryWeapSilver/Sound/Shotgun/Wavs/Shotgun_Reload_In01.uexp" 3754
"D:/UE_project/Blaster/Content/Assets/MilitaryWeapSilver/Sound/Shotgun/Wavs/Shotgun_Reload_In03.ubulk" 3755
"D:/UE_project/Blaster/Content/Assets/MilitaryWeapSilver/Sound/Shotgun/Wavs/Shotgun_Reload_In03.uasset" 3756
"D:/UE_project/Blaster/Content/Assets/MilitaryWeapSilver/Sound/Shotgun/Wavs/Shotgun_Reload_In03.uexp" 3757
"D:/UE_project/Blaster/Content/Assets/MilitaryWeapSilver/Sound/Shotgun/Cues/Shotgun_Reload_In_Cue.uasset" 3758
"D:/UE_project/Blaster/Content/Assets/MilitaryWeapSilver/Sound/Shotgun/Cues/Shotgun_Reload_In_Cue.uexp" 3759
"D:/UE_project/Blaster/Content/Assets/MilitaryWeapSilver/Sound/Pistol/Wavs/Pistol_ReloadMagInsert02.ubulk" 3760
"D:/UE_project/Blaster/Content/Assets/MilitaryWeapSilver/Sound/Pistol/Wavs/Pistol_ReloadMagInsert02.uasset" 3761
"D:/UE_project/Blaster/Content/Assets/MilitaryWeapSilver/Sound/Pistol/Wavs/Pistol_ReloadMagInsert02.uexp" 3762
"D:/UE_project/Blaster/Content/Assets/MilitaryWeapSilver/Sound/Pistol/Wavs/Pistol_ReloadSlideRack03.ubulk" 3763
"D:/UE_project/Blaster/Content/Assets/MilitaryWeapSilver/Sound/Pistol/Wavs/Pistol_ReloadSlideRack03.uasset" 3764
"D:/UE_project/Blaster/Content/Assets/MilitaryWeapSilver/Sound/Pistol/Wavs/Pistol_ReloadSlideRack03.uexp" 3765
"D:/UE_project/Blaster/Content/Assets/MilitaryWeapSilver/Sound/Pistol/Wavs/Pistol_ReloadSlideRack01.ubulk" 3766
"D:/UE_project/Blaster/Content/Assets/MilitaryWeapSilver/Sound/Pistol/Wavs/Pistol_ReloadSlideRack01.uasset" 3767
"D:/UE_project/Blaster/Content/Assets/MilitaryWeapSilver/Sound/Pistol/Wavs/Pistol_ReloadSlideRack01.uexp" 3768
"D:/UE_project/Blaster/Content/Assets/MilitaryWeapSilver/Sound/Pistol/Wavs/Pistol_ReloadMagInsert01.ubulk" 3769
"D:/UE_project/Blaster/Content/Assets/MilitaryWeapSilver/Sound/Pistol/Wavs/Pistol_ReloadMagInsert01.uasset" 3770
"D:/UE_project/Blaster/Content/Assets/MilitaryWeapSilver/Sound/Pistol/Wavs/Pistol_ReloadMagInsert01.uexp" 3771
"D:/UE_project/Blaster/Content/Assets/MilitaryWeapSilver/Sound/Pistol/Wavs/Pistol_ReloadSlideRack02.ubulk" 3772
"D:/UE_project/Blaster/Content/Assets/MilitaryWeapSilver/Sound/Pistol/Wavs/Pistol_ReloadSlideRack02.uasset" 3773
"D:/UE_project/Blaster/Content/Assets/MilitaryWeapSilver/Sound/Pistol/Wavs/Pistol_ReloadSlideRack02.uexp" 3774
"D:/UE_project/Blaster/Content/Assets/MilitaryWeapSilver/Sound/Pistol/Cues/Pistol_ReloadInsert_Cue.uasset" 3775
"D:/UE_project/Blaster/Content/Assets/MilitaryWeapSilver/Sound/Pistol/Cues/Pistol_ReloadInsert_Cue.uexp" 3776
"D:/UE_project/Blaster/Content/Blueprint/Character/Animation/Reload.uasset" 3777
"D:/UE_project/Blaster/Content/Blueprint/Character/Animation/Reload.uexp" 3778
"D:/UE_project/Blaster/Content/Assets/Girl/Texture/T_Shader_NoneBlack.uasset" 3779
"D:/UE_project/Blaster/Content/Assets/Girl/Texture/T_Shader_NoneBlack.uexp" 3780
"D:/UE_project/Blaster/Content/Assets/Girl/Texture/T__01.uasset" 3781
"D:/UE_project/Blaster/Content/Assets/Girl/Texture/T__01.uexp" 3782
"D:/UE_project/Blaster/Content/Assets/Girl/Texture/T_Shader_NoneNormal_N.uasset" 3783
"D:/UE_project/Blaster/Content/Assets/Girl/Texture/T_Shader_NoneNormal_N.uexp" 3784
"D:/UE_project/Blaster/Content/Assets/Girl/Mesh/SP_Girl.uasset" 3785
"D:/UE_project/Blaster/Content/Assets/Girl/Mesh/SP_Girl.uexp" 3786
"D:/UE_project/Blaster/Content/Assets/Girl/Materials/M_N00_000_00_FaceMouth_00_FACE__Instance_.uasset" 3787
"D:/UE_project/Blaster/Content/Assets/Girl/Materials/M_N00_000_00_FaceMouth_00_FACE__Instance_.uexp" 3788
"D:/UE_project/Blaster/Content/Assets/Girl/Texture/T_MatcapWarp.uasset" 3789
"D:/UE_project/Blaster/Content/Assets/Girl/Texture/T_MatcapWarp.uexp" 3790
"D:/UE_project/Blaster/Content/Assets/Girl/Texture/T__17.uasset" 3791
"D:/UE_project/Blaster/Content/Assets/Girl/Texture/T__17.uexp" 3792
"D:/UE_project/Blaster/Content/Assets/Girl/Texture/T__18.uasset" 3793
"D:/UE_project/Blaster/Content/Assets/Girl/Texture/T__18.uexp" 3794
"D:/UE_project/Blaster/Content/Assets/Girl/Texture/T_N00_000_Hair_00_nml_N.uasset" 3795
"D:/UE_project/Blaster/Content/Assets/Girl/Texture/T_N00_000_Hair_00_nml_N.uexp" 3796
"D:/UE_project/Blaster/Content/Assets/Girl/Materials/M_N00_000_Hair_00_HAIR__Instance_.uasset" 3797
"D:/UE_project/Blaster/Content/Assets/Girl/Materials/M_N00_000_Hair_00_HAIR__Instance_.uexp" 3798
"D:/UE_project/Blaster/Content/Assets/Girl/Mesh/SK_Girl_Physics.uasset" 3799
"D:/UE_project/Blaster/Content/Assets/Girl/Mesh/SK_Girl_Physics.uexp" 3800
"D:/UE_project/Blaster/Content/Assets/Girl/Texture/T_N00_000_00_HairBack_00_nml_N.uasset" 3801
"D:/UE_project/Blaster/Content/Assets/Girl/Texture/T_N00_000_00_HairBack_00_nml_N.uexp" 3802
"D:/UE_project/Blaster/Content/Assets/Girl/Texture/T__16.uasset" 3803
"D:/UE_project/Blaster/Content/Assets/Girl/Texture/T__16.uexp" 3804
"D:/UE_project/Blaster/Content/Assets/Girl/Materials/M_N00_000_00_HairBack_00_HAIR__Instance_.uasset" 3805
"D:/UE_project/Blaster/Content/Assets/Girl/Materials/M_N00_000_00_HairBack_00_HAIR__Instance_.uexp" 3806
"D:/UE_project/Blaster/Content/Assets/Girl/Texture/T__14.uasset" 3807
"D:/UE_project/Blaster/Content/Assets/Girl/Texture/T__14.uexp" 3808
"D:/UE_project/Blaster/Content/Assets/Girl/Materials/M_N00_007_01_Tops_01_CLOTH__Instance_.uasset" 3809
"D:/UE_project/Blaster/Content/Assets/Girl/Materials/M_N00_007_01_Tops_01_CLOTH__Instance_.uexp" 3810
"D:/UE_project/Blaster/Content/Assets/Girl/Texture/T__11_N.uasset" 3811
"D:/UE_project/Blaster/Content/Assets/Girl/Texture/T__11_N.uexp" 3812
"D:/UE_project/Blaster/Content/Assets/Girl/Texture/T__10.uasset" 3813
"D:/UE_project/Blaster/Content/Assets/Girl/Texture/T__10.uexp" 3814
"D:/UE_project/Blaster/Content/Assets/Girl/Materials/M_N00_000_00_Body_00_SKIN__Instance_.uasset" 3815
"D:/UE_project/Blaster/Content/Assets/Girl/Materials/M_N00_000_00_Body_00_SKIN__Instance_.uexp" 3816
"D:/UE_project/Blaster/Content/Assets/Girl/Mesh/POSE_retarget_Girl.uasset" 3817
"D:/UE_project/Blaster/Content/Assets/Girl/Mesh/POSE_retarget_Girl.uexp" 3818
"D:/UE_project/Blaster/Content/Assets/Girl/Texture/T_N00_000_00_Face_00_out.uasset" 3819
"D:/UE_project/Blaster/Content/Assets/Girl/Texture/T_N00_000_00_Face_00_out.uexp" 3820
"D:/UE_project/Blaster/Content/Assets/Girl/Texture/T_Thumbnail.uasset" 3821
"D:/UE_project/Blaster/Content/Assets/Girl/Texture/T_Thumbnail.uexp" 3822
"D:/UE_project/Blaster/Content/Assets/Girl/Mesh/VL_Girl_VrmLicense.uasset" 3823
"D:/UE_project/Blaster/Content/Assets/Girl/Mesh/VL_Girl_VrmLicense.uexp" 3824
"D:/UE_project/Blaster/Content/Assets/Girl/Texture/T__05_N.uasset" 3825
"D:/UE_project/Blaster/Content/Assets/Girl/Texture/T__05_N.uexp" 3826
"D:/UE_project/Blaster/Content/Assets/Girl/Texture/T__03.uasset" 3827
"D:/UE_project/Blaster/Content/Assets/Girl/Texture/T__03.uexp" 3828
"D:/UE_project/Blaster/Content/Assets/Girl/Mesh/VM_Girl_VrmMeta.uasset" 3829
"D:/UE_project/Blaster/Content/Assets/Girl/Mesh/VM_Girl_VrmMeta.uexp" 3830
"D:/UE_project/Blaster/Content/Assets/Girl/Texture/T__02.uasset" 3831
"D:/UE_project/Blaster/Content/Assets/Girl/Texture/T__02.uexp" 3832
"D:/UE_project/Blaster/Content/Assets/Girl/Texture/T__09.uasset" 3833
"D:/UE_project/Blaster/Content/Assets/Girl/Texture/T__09.uexp" 3834
"D:/UE_project/Blaster/Content/Assets/Girl/Mesh/POSE_face_Girl.uasset" 3835
"D:/UE_project/Blaster/Content/Assets/Girl/Mesh/POSE_face_Girl.uexp" 3836
"D:/UE_project/Blaster/Content/Assets/Girl/Texture/T__07.uasset" 3837
"D:/UE_project/Blaster/Content/Assets/Girl/Texture/T__07.uexp" 3838
"D:/UE_project/Blaster/Content/Assets/Girl/Texture/T__12.uasset" 3839
"D:/UE_project/Blaster/Content/Assets/Girl/Texture/T__12.uexp" 3840
"D:/UE_project/Blaster/Content/Assets/Girl/Texture/T__13.uasset" 3841
"D:/UE_project/Blaster/Content/Assets/Girl/Texture/T__13.uexp" 3842
"D:/UE_project/Blaster/Content/Assets/Girl/Texture/T__15.uasset" 3843
"D:/UE_project/Blaster/Content/Assets/Girl/Texture/T__15.uexp" 3844
"D:/UE_project/Blaster/Content/Assets/Girl/Texture/T__04.uasset" 3845
"D:/UE_project/Blaster/Content/Assets/Girl/Texture/T__04.uexp" 3846
"D:/UE_project/Blaster/Content/Assets/Girl/Texture/T__06.uasset" 3847
"D:/UE_project/Blaster/Content/Assets/Girl/Texture/T__06.uexp" 3848
"D:/UE_project/Blaster/Content/Assets/Girl/Mesh/VA_Girl_VrmAssetList.uasset" 3849
"D:/UE_project/Blaster/Content/Assets/Girl/Mesh/VA_Girl_VrmAssetList.uexp" 3850
"D:/UE_project/Blaster/Content/Assets/Girl/Materials/M_N00_000_00_FaceBrow_00_FACE__Instance_.uasset" 3851
"D:/UE_project/Blaster/Content/Assets/Girl/Materials/M_N00_000_00_FaceBrow_00_FACE__Instance_.uexp" 3852
"D:/UE_project/Blaster/Content/Assets/Girl/Materials/M_N00_000_00_FaceEyeline_00_FACE__Instance_.uasset" 3853
"D:/UE_project/Blaster/Content/Assets/Girl/Materials/M_N00_000_00_FaceEyeline_00_FACE__Instance_.uexp" 3854
"D:/UE_project/Blaster/Content/Assets/Girl/Materials/M_N00_008_01_Shoes_01_CLOTH__Instance_.uasset" 3855
"D:/UE_project/Blaster/Content/Assets/Girl/Materials/M_N00_008_01_Shoes_01_CLOTH__Instance_.uexp" 3856
"D:/UE_project/Blaster/Content/Assets/Girl/Materials/M_N00_010_01_Onepiece_00_CLOTH__Instance_.uasset" 3857
"D:/UE_project/Blaster/Content/Assets/Girl/Materials/M_N00_010_01_Onepiece_00_CLOTH__Instance_.uexp" 3858
"D:/UE_project/Blaster/Content/Assets/Girl/Materials/M_N00_007_03_Tops_01_CLOTH__Instance_.uasset" 3859
"D:/UE_project/Blaster/Content/Assets/Girl/Materials/M_N00_007_03_Tops_01_CLOTH__Instance_.uexp" 3860
"D:/UE_project/Blaster/Content/Assets/Girl/Materials/M_N00_000_00_EyeWhite_00_EYE__Instance_.uasset" 3861
"D:/UE_project/Blaster/Content/Assets/Girl/Materials/M_N00_000_00_EyeWhite_00_EYE__Instance_.uexp" 3862
"D:/UE_project/Blaster/Content/Assets/Girl/Materials/M_N00_000_00_Face_00_SKIN__Instance_.uasset" 3863
"D:/UE_project/Blaster/Content/Assets/Girl/Materials/M_N00_000_00_Face_00_SKIN__Instance_.uexp" 3864
"D:/UE_project/Blaster/Content/Assets/Girl/Mesh/SK_Girl.uasset" 3865
"D:/UE_project/Blaster/Content/Assets/Girl/Mesh/SK_Girl.uexp" 3866
"D:/UE_project/Blaster/Content/Assets/Girl/Mesh/Red/T__04.uasset" 3867
"D:/UE_project/Blaster/Content/Assets/Girl/Mesh/Red/T__04.uexp" 3868
"D:/UE_project/Blaster/Content/Assets/Girl/Mesh/Red/T__05_N.uasset" 3869
"D:/UE_project/Blaster/Content/Assets/Girl/Mesh/Red/T__05_N.uexp" 3870
"D:/UE_project/Blaster/Content/Assets/Girl/Mesh/Red/T_N00_000_00_Face_00_out.uasset" 3871
"D:/UE_project/Blaster/Content/Assets/Girl/Mesh/Red/T_N00_000_00_Face_00_out.uexp" 3872
"D:/UE_project/Blaster/Content/Assets/Girl/Mesh/Red/M_N00_000_00_Face_00_SKIN__Instance_.uasset" 3873
"D:/UE_project/Blaster/Content/Assets/Girl/Mesh/Red/M_N00_000_00_Face_00_SKIN__Instance_.uexp" 3874
"D:/UE_project/Blaster/Content/Assets/Girl/Mesh/Red/T__17.uasset" 3875
"D:/UE_project/Blaster/Content/Assets/Girl/Mesh/Red/T__17.uexp" 3876
"D:/UE_project/Blaster/Content/Assets/Girl/Mesh/Red/T__18.uasset" 3877
"D:/UE_project/Blaster/Content/Assets/Girl/Mesh/Red/T__18.uexp" 3878
"D:/UE_project/Blaster/Content/Assets/Girl/Mesh/Red/T_N00_000_Hair_00_nml_N.uasset" 3879
"D:/UE_project/Blaster/Content/Assets/Girl/Mesh/Red/T_N00_000_Hair_00_nml_N.uexp" 3880
"D:/UE_project/Blaster/Content/Assets/Girl/Mesh/Red/M_N00_000_Hair_00_HAIR__Instance_.uasset" 3881
"D:/UE_project/Blaster/Content/Assets/Girl/Mesh/Red/M_N00_000_Hair_00_HAIR__Instance_.uexp" 3882
"D:/UE_project/Blaster/Content/Assets/Girl/Mesh/Red/T__01.uasset" 3883
"D:/UE_project/Blaster/Content/Assets/Girl/Mesh/Red/T__01.uexp" 3884
"D:/UE_project/Blaster/Content/Assets/Girl/Mesh/Red/M_N00_000_00_FaceMouth_00_FACE__Instance_.uasset" 3885
"D:/UE_project/Blaster/Content/Assets/Girl/Mesh/Red/M_N00_000_00_FaceMouth_00_FACE__Instance_.uexp" 3886
"D:/UE_project/Blaster/Content/Assets/Girl/Mesh/Red/T__06.uasset" 3887
"D:/UE_project/Blaster/Content/Assets/Girl/Mesh/Red/T__06.uexp" 3888
"D:/UE_project/Blaster/Content/Assets/Girl/Mesh/Red/M_N00_000_00_EyeWhite_00_EYE__Instance_.uasset" 3889
"D:/UE_project/Blaster/Content/Assets/Girl/Mesh/Red/M_N00_000_00_EyeWhite_00_EYE__Instance_.uexp" 3890
"D:/UE_project/Blaster/Content/Assets/Girl/Mesh/Red/T__03.uasset" 3891
"D:/UE_project/Blaster/Content/Assets/Girl/Mesh/Red/T__03.uexp" 3892
"D:/UE_project/Blaster/Content/Assets/Girl/Mesh/Red/M_N00_000_00_EyeHighlight_00_EYE__Instance_.uasset" 3893
"D:/UE_project/Blaster/Content/Assets/Girl/Mesh/Red/M_N00_000_00_EyeHighlight_00_EYE__Instance_.uexp" 3894
"D:/UE_project/Blaster/Content/Assets/Girl/Mesh/Red/T__07.uasset" 3895
"D:/UE_project/Blaster/Content/Assets/Girl/Mesh/Red/T__07.uexp" 3896
"D:/UE_project/Blaster/Content/Assets/Girl/Mesh/Red/T__09.uasset" 3897
"D:/UE_project/Blaster/Content/Assets/Girl/Mesh/Red/T__09.uexp" 3898
"D:/UE_project/Blaster/Content/Assets/Girl/Mesh/Red/M_N00_000_00_FaceEyeline_00_FACE__Instance__outline.uasset" 3899
"D:/UE_project/Blaster/Content/Assets/Girl/Mesh/Red/M_N00_000_00_FaceEyeline_00_FACE__Instance__outline.uexp" 3900
"D:/UE_project/Blaster/Content/Assets/Girl/Mesh/Red/M_N00_007_03_Tops_01_CLOTH__Instance__outline.uasset" 3901
"D:/UE_project/Blaster/Content/Assets/Girl/Mesh/Red/M_N00_007_03_Tops_01_CLOTH__Instance__outline.uexp" 3902
"D:/UE_project/Blaster/Content/Assets/Girl/Mesh/Red/M_N00_000_00_EyeHighlight_00_EYE__Instance__outline.uasset" 3903
"D:/UE_project/Blaster/Content/Assets/Girl/Mesh/Red/M_N00_000_00_EyeHighlight_00_EYE__Instance__outline.uexp" 3904
"D:/UE_project/Blaster/Content/Assets/Girl/Mesh/Red/T_Thumbnail.uasset" 3905
"D:/UE_project/Blaster/Content/Assets/Girl/Mesh/Red/T_Thumbnail.uexp" 3906
"D:/UE_project/Blaster/Content/Assets/Girl/Mesh/Red/VL_Girl_Red_VrmLicense.uasset" 3907
"D:/UE_project/Blaster/Content/Assets/Girl/Mesh/Red/VL_Girl_Red_VrmLicense.uexp" 3908
"D:/UE_project/Blaster/Content/Assets/Girl/Mesh/Red/M_N00_000_Hair_00_HAIR__Instance__outline.uasset" 3909
"D:/UE_project/Blaster/Content/Assets/Girl/Mesh/Red/M_N00_000_Hair_00_HAIR__Instance__outline.uexp" 3910
"D:/UE_project/Blaster/Content/Assets/Girl/Mesh/Red/M_N00_000_00_EyeIris_00_EYE__Instance__outline.uasset" 3911
"D:/UE_project/Blaster/Content/Assets/Girl/Mesh/Red/M_N00_000_00_EyeIris_00_EYE__Instance__outline.uexp" 3912
"D:/UE_project/Blaster/Content/Assets/Girl/Mesh/Red/M_N00_000_00_EyeWhite_00_EYE__Instance__outline.uasset" 3913
"D:/UE_project/Blaster/Content/Assets/Girl/Mesh/Red/M_N00_000_00_EyeWhite_00_EYE__Instance__outline.uexp" 3914
"D:/UE_project/Blaster/Content/Assets/Girl/Mesh/Red/T__13.uasset" 3915
"D:/UE_project/Blaster/Content/Assets/Girl/Mesh/Red/T__13.uexp" 3916
"D:/UE_project/Blaster/Content/Assets/Girl/Mesh/Red/T__14.uasset" 3917
"D:/UE_project/Blaster/Content/Assets/Girl/Mesh/Red/T__14.uexp" 3918
"D:/UE_project/Blaster/Content/Assets/Girl/Mesh/Red/T__16.uasset" 3919
"D:/UE_project/Blaster/Content/Assets/Girl/Mesh/Red/T__16.uexp" 3920
"D:/UE_project/Blaster/Content/Assets/Girl/Mesh/Red/T_N00_000_00_HairBack_00_nml_N.uasset" 3921
"D:/UE_project/Blaster/Content/Assets/Girl/Mesh/Red/T_N00_000_00_HairBack_00_nml_N.uexp" 3922
"D:/UE_project/Blaster/Content/Assets/Girl/Mesh/Red/M_N00_000_00_HairBack_00_HAIR__Instance_.uasset" 3923
"D:/UE_project/Blaster/Content/Assets/Girl/Mesh/Red/M_N00_000_00_HairBack_00_HAIR__Instance_.uexp" 3924
"D:/UE_project/Blaster/Content/Assets/Girl/Mesh/Red/M_N00_010_01_Onepiece_00_CLOTH__Instance__outline.uasset" 3925
"D:/UE_project/Blaster/Content/Assets/Girl/Mesh/Red/M_N00_010_01_Onepiece_00_CLOTH__Instance__outline.uexp" 3926
"D:/UE_project/Blaster/Content/Assets/Girl/Mesh/Red/POSE_retarget_Girl_Red.uasset" 3927
"D:/UE_project/Blaster/Content/Assets/Girl/Mesh/Red/POSE_retarget_Girl_Red.uexp" 3928
"D:/UE_project/Blaster/Content/Assets/Girl/Mesh/Red/M_N00_000_00_FaceBrow_00_FACE__Instance__outline.uasset" 3929
"D:/UE_project/Blaster/Content/Assets/Girl/Mesh/Red/M_N00_000_00_FaceBrow_00_FACE__Instance__outline.uexp" 3930
"D:/UE_project/Blaster/Content/Assets/Girl/Mesh/Red/M_N00_000_00_HairBack_00_HAIR__Instance__outline.uasset" 3931
"D:/UE_project/Blaster/Content/Assets/Girl/Mesh/Red/M_N00_000_00_HairBack_00_HAIR__Instance__outline.uexp" 3932
"D:/UE_project/Blaster/Content/Assets/Girl/Mesh/Red/VM_Girl_Red_VrmMeta.uasset" 3933
"D:/UE_project/Blaster/Content/Assets/Girl/Mesh/Red/VM_Girl_Red_VrmMeta.uexp" 3934
"D:/UE_project/Blaster/Content/Assets/Girl/Mesh/Red/M_N00_000_00_Body_00_SKIN__Instance__outline.uasset" 3935
"D:/UE_project/Blaster/Content/Assets/Girl/Mesh/Red/M_N00_000_00_Body_00_SKIN__Instance__outline.uexp" 3936
"D:/UE_project/Blaster/Content/Assets/Girl/Mesh/Red/A_face_Girl_Red.uasset" 3937
"D:/UE_project/Blaster/Content/Assets/Girl/Mesh/Red/A_face_Girl_Red.uexp" 3938
"D:/UE_project/Blaster/Content/Assets/Girl/Mesh/Red/POSE_face_Girl_Red.uasset" 3939
"D:/UE_project/Blaster/Content/Assets/Girl/Mesh/Red/POSE_face_Girl_Red.uexp" 3940
"D:/UE_project/Blaster/Content/Assets/Girl/Mesh/Red/M_N00_000_00_FaceMouth_00_FACE__Instance__outline.uasset" 3941
"D:/UE_project/Blaster/Content/Assets/Girl/Mesh/Red/M_N00_000_00_FaceMouth_00_FACE__Instance__outline.uexp" 3942
"D:/UE_project/Blaster/Content/Assets/Girl/Mesh/Red/M_N00_000_00_FaceEyeline_00_FACE__Instance_.uasset" 3943
"D:/UE_project/Blaster/Content/Assets/Girl/Mesh/Red/M_N00_000_00_FaceEyeline_00_FACE__Instance_.uexp" 3944
"D:/UE_project/Blaster/Content/Assets/Girl/Mesh/Red/M_N00_008_01_Shoes_01_CLOTH__Instance__outline.uasset" 3945
"D:/UE_project/Blaster/Content/Assets/Girl/Mesh/Red/M_N00_008_01_Shoes_01_CLOTH__Instance__outline.uexp" 3946
"D:/UE_project/Blaster/Content/Assets/Girl/Mesh/Red/M_N00_000_00_FaceBrow_00_FACE__Instance_.uasset" 3947
"D:/UE_project/Blaster/Content/Assets/Girl/Mesh/Red/M_N00_000_00_FaceBrow_00_FACE__Instance_.uexp" 3948
"D:/UE_project/Blaster/Content/Assets/Girl/Mesh/Red/M_N00_007_01_Tops_01_CLOTH__Instance_.uasset" 3949
"D:/UE_project/Blaster/Content/Assets/Girl/Mesh/Red/M_N00_007_01_Tops_01_CLOTH__Instance_.uexp" 3950
"D:/UE_project/Blaster/Content/Assets/Girl/Mesh/Red/M_N00_007_01_Tops_01_CLOTH__Instance__outline.uasset" 3951
"D:/UE_project/Blaster/Content/Assets/Girl/Mesh/Red/M_N00_007_01_Tops_01_CLOTH__Instance__outline.uexp" 3952
"D:/UE_project/Blaster/Content/Assets/Girl/Mesh/Red/M_N00_010_01_Onepiece_00_CLOTH__Instance_.uasset" 3953
"D:/UE_project/Blaster/Content/Assets/Girl/Mesh/Red/M_N00_010_01_Onepiece_00_CLOTH__Instance_.uexp" 3954
"D:/UE_project/Blaster/Content/Assets/Girl/Mesh/Red/M_N00_000_00_Face_00_SKIN__Instance__outline.uasset" 3955
"D:/UE_project/Blaster/Content/Assets/Girl/Mesh/Red/M_N00_000_00_Face_00_SKIN__Instance__outline.uexp" 3956
"D:/UE_project/Blaster/Content/Assets/Girl/Mesh/Red/VA_Girl_Red_VrmAssetList.uasset" 3957
"D:/UE_project/Blaster/Content/Assets/Girl/Mesh/Red/VA_Girl_Red_VrmAssetList.uexp" 3958
"D:/UE_project/Blaster/Content/Assets/Girl/Mesh/Red/SK_Girl_Red_Physics.uasset" 3959
"D:/UE_project/Blaster/Content/Assets/Girl/Mesh/Red/SK_Girl_Red_Physics.uexp" 3960
"D:/UE_project/Blaster/Content/Assets/Girl/Mesh/Red/SK_Girl_Red.uasset" 3961
"D:/UE_project/Blaster/Content/Assets/Girl/Mesh/Red/SK_Girl_Red.uexp" 3962
"D:/UE_project/Blaster/Content/Assets/Girl/Animations/Equip_Rifle_Standing.uasset" 3963
"D:/UE_project/Blaster/Content/Assets/Girl/Animations/Equip_Rifle_Standing.uexp" 3964
"D:/UE_project/Blaster/Content/Blueprint/Character/Animation/Swap.uasset" 3965
"D:/UE_project/Blaster/Content/Blueprint/Character/Animation/Swap.uexp" 3966
"D:/UE_project/Blaster/Content/Blueprint/HUD/WBP_OverheadWidget.uasset" 3967
"D:/UE_project/Blaster/Content/Blueprint/HUD/WBP_OverheadWidget.uexp" 3968
"D:/UE_project/Blaster/Content/Assets/Curves/DissolveCurve.uasset" 3969
"D:/UE_project/Blaster/Content/Assets/Curves/DissolveCurve.uexp" 3970
"../../../Engine/Plugins/FX/Niagara/Content/Enums/ENiagaraSocketSamplingMode.uasset" 3971
"../../../Engine/Plugins/FX/Niagara/Content/Enums/ENiagaraSocketSamplingMode.uexp" 3972
"../../../Engine/Plugins/FX/Niagara/Content/Enums/ENiagara_IDAttributes.uasset" 3973
"../../../Engine/Plugins/FX/Niagara/Content/Enums/ENiagara_IDAttributes.uexp" 3974
"../../../Engine/Plugins/FX/Niagara/Content/Enums/ENiagaraVertexSamplingMode.uasset" 3975
"../../../Engine/Plugins/FX/Niagara/Content/Enums/ENiagaraVertexSamplingMode.uexp" 3976
"../../../Engine/Plugins/FX/Niagara/Content/DefaultAssets/Structs/LocationEvent_V2.uasset" 3977
"../../../Engine/Plugins/FX/Niagara/Content/DefaultAssets/Structs/LocationEvent_V2.uexp" 3978
"../../../Engine/Plugins/FX/Niagara/Content/Enums/ENiagaraBoneSocketSamplingMode.uasset" 3979
"../../../Engine/Plugins/FX/Niagara/Content/Enums/ENiagaraBoneSocketSamplingMode.uexp" 3980
"../../../Engine/Plugins/FX/Niagara/Content/Enums/ENiagaraTriangleSamplingMode.uasset" 3981
"../../../Engine/Plugins/FX/Niagara/Content/Enums/ENiagaraTriangleSamplingMode.uexp" 3982
"../../../Engine/Content/Functions/Engine_MaterialFunctions03/Procedurals/GeneratedBand.uasset" 3983
"../../../Engine/Content/Functions/Engine_MaterialFunctions03/Procedurals/GeneratedBand.uexp" 3984
"D:/UE_project/Blaster/Content/Assets/Trail/M_Lightning.uasset" 3985
"D:/UE_project/Blaster/Content/Assets/Trail/M_Lightning.uexp" 3986
"../../../Engine/Plugins/FX/Niagara/Content/Enums/ENiagaraSkelSamplingModeFull.uasset" 3987
"../../../Engine/Plugins/FX/Niagara/Content/Enums/ENiagaraSkelSamplingModeFull.uexp" 3988
"../../../Engine/Plugins/FX/Niagara/Content/Enums/ENiagaraBoneSamplingMode.uasset" 3989
"../../../Engine/Plugins/FX/Niagara/Content/Enums/ENiagaraBoneSamplingMode.uexp" 3990
"../../../Engine/Plugins/FX/Niagara/Content/Enums/Events/ENiagara_LocEventType.uasset" 3991
"../../../Engine/Plugins/FX/Niagara/Content/Enums/Events/ENiagara_LocEventType.uexp" 3992
"D:/UE_project/Blaster/Content/Assets/Trail/NS_BlueLightning.uasset" 3993
"D:/UE_project/Blaster/Content/Assets/Trail/NS_BlueLightning.uexp" 3994
"D:/UE_project/Blaster/Content/Assets/ParagonDekker/FX/Textures/Masks/T_SmokeTrailCoord1_Mask.ubulk" 3995
"D:/UE_project/Blaster/Content/Assets/ParagonDekker/FX/Textures/Masks/T_SmokeTrailCoord1_Mask.uasset" 3996
"D:/UE_project/Blaster/Content/Assets/ParagonDekker/FX/Textures/Masks/T_SmokeTrailCoord1_Mask.uexp" 3997
"D:/UE_project/Blaster/Content/Assets/ParagonDekker/FX/Materials/Functions/FX_EmissiveModulate.uasset" 3998
"D:/UE_project/Blaster/Content/Assets/ParagonDekker/FX/Materials/Functions/FX_EmissiveModulate.uexp" 3999
"D:/UE_project/Blaster/Content/Assets/ParagonDekker/FX/Textures/Masks/T_Beam_Gradient_02.ubulk" 4000
"D:/UE_project/Blaster/Content/Assets/ParagonDekker/FX/Textures/Masks/T_Beam_Gradient_02.uasset" 4001
"D:/UE_project/Blaster/Content/Assets/ParagonDekker/FX/Textures/Masks/T_Beam_Gradient_02.uexp" 4002
"D:/UE_project/Blaster/Content/Assets/ParagonDekker/FX/Materials/Trails/M_Bullet_Trail.uasset" 4003
"D:/UE_project/Blaster/Content/Assets/ParagonDekker/FX/Materials/Trails/M_Bullet_Trail.uexp" 4004
"D:/UE_project/Blaster/Content/Assets/ParagonDekker/FX/Materials/Flares/M_Lensflare_TB_SoftGlow.uasset" 4005
"D:/UE_project/Blaster/Content/Assets/ParagonDekker/FX/Materials/Flares/M_Lensflare_TB_SoftGlow.uexp" 4006
"D:/UE_project/Blaster/Content/Assets/ParagonDekker/FX/Materials/Flares/M_Lensflare_TB_SoftGlow_LowDepth_Inst.uasset" 4007
"D:/UE_project/Blaster/Content/Assets/ParagonDekker/FX/Materials/Flares/M_Lensflare_TB_SoftGlow_LowDepth_Inst.uexp" 4008
"D:/UE_project/Blaster/Content/Assets/ParagonDekker/FX/Textures/Flares/T_Flare_Spikeball.ubulk" 4009
"D:/UE_project/Blaster/Content/Assets/ParagonDekker/FX/Textures/Flares/T_Flare_Spikeball.uasset" 4010
"D:/UE_project/Blaster/Content/Assets/ParagonDekker/FX/Textures/Flares/T_Flare_Spikeball.uexp" 4011
"D:/UE_project/Blaster/Content/Assets/ParagonDekker/FX/Materials/Flares/M_Lensflare_TB_Soft.uasset" 4012
"D:/UE_project/Blaster/Content/Assets/ParagonDekker/FX/Materials/Flares/M_Lensflare_TB_Soft.uexp" 4013
"../../../Engine/Content/Functions/MaterialLayerFunctions/MatLayerBlend_AddWorldPositionOffset.uasset" 4014
"../../../Engine/Content/Functions/MaterialLayerFunctions/MatLayerBlend_AddWorldPositionOffset.uexp" 4015
"D:/UE_project/Blaster/Content/Assets/ParagonDekker/FX/Textures/Hero_Specific/T_Dekker_Weapon_M2.ubulk" 4016
"D:/UE_project/Blaster/Content/Assets/ParagonDekker/FX/Textures/Hero_Specific/T_Dekker_Weapon_M2.uasset" 4017
"D:/UE_project/Blaster/Content/Assets/ParagonDekker/FX/Textures/Hero_Specific/T_Dekker_Weapon_M2.uexp" 4018
"D:/UE_project/Blaster/Content/Assets/ParagonDekker/FX/Textures/Hero_Specific/T_Dekker_UV2_RGB.ubulk" 4019
"D:/UE_project/Blaster/Content/Assets/ParagonDekker/FX/Textures/Hero_Specific/T_Dekker_UV2_RGB.uasset" 4020
"D:/UE_project/Blaster/Content/Assets/ParagonDekker/FX/Textures/Hero_Specific/T_Dekker_UV2_RGB.uexp" 4021
"D:/UE_project/Blaster/Content/Assets/ParagonDekker/FX/Materials/Functions/MF_OrionCharacterAO.uasset" 4022
"D:/UE_project/Blaster/Content/Assets/ParagonDekker/FX/Materials/Functions/MF_OrionCharacterAO.uexp" 4023
"../../../Engine/Content/EngineMaterials/FlatNormal.uasset" 4024
"../../../Engine/Content/EngineMaterials/FlatNormal.uexp" 4025
"D:/UE_project/Blaster/Content/Assets/ParagonDekker/FX/Materials/Functions/MLC_ScratchAndGrime.uasset" 4026
"D:/UE_project/Blaster/Content/Assets/ParagonDekker/FX/Materials/Functions/MLC_ScratchAndGrime.uexp" 4027
"D:/UE_project/Blaster/Content/Assets/ParagonDekker/FX/Textures/Tile/T_TestML_Mask.ubulk" 4028
"D:/UE_project/Blaster/Content/Assets/ParagonDekker/FX/Textures/Tile/T_TestML_Mask.uasset" 4029
"D:/UE_project/Blaster/Content/Assets/ParagonDekker/FX/Textures/Tile/T_TestML_Mask.uexp" 4030
"D:/UE_project/Blaster/Content/Assets/ParagonDekker/FX/Materials/Functions/ML__Blank.uasset" 4031
"D:/UE_project/Blaster/Content/Assets/ParagonDekker/FX/Materials/Functions/ML__Blank.uexp" 4032
"D:/UE_project/Blaster/Content/Assets/ParagonDekker/FX/Textures/Hero_Specific/T_metal02.ubulk" 4033
"D:/UE_project/Blaster/Content/Assets/ParagonDekker/FX/Textures/Hero_Specific/T_metal02.uasset" 4034
"D:/UE_project/Blaster/Content/Assets/ParagonDekker/FX/Textures/Hero_Specific/T_metal02.uexp" 4035
"D:/UE_project/Blaster/Content/Assets/ParagonDekker/FX/Materials/Functions/MLC_Standard.uasset" 4036
"D:/UE_project/Blaster/Content/Assets/ParagonDekker/FX/Materials/Functions/MLC_Standard.uexp" 4037
"D:/UE_project/Blaster/Content/Assets/ParagonDekker/FX/Materials/Hero_Specific/ML_Dirty_Gun_Metal_1.uasset" 4038
"D:/UE_project/Blaster/Content/Assets/ParagonDekker/FX/Materials/Hero_Specific/ML_Dirty_Gun_Metal_1.uexp" 4039
"D:/UE_project/Blaster/Content/Assets/ParagonDekker/FX/Textures/Hero_Specific/T_ML_PaintedConstructionMetal_N.ubulk" 4040
"D:/UE_project/Blaster/Content/Assets/ParagonDekker/FX/Textures/Hero_Specific/T_ML_PaintedConstructionMetal_N.uasset" 4041
"D:/UE_project/Blaster/Content/Assets/ParagonDekker/FX/Textures/Hero_Specific/T_ML_PaintedConstructionMetal_N.uexp" 4042
"D:/UE_project/Blaster/Content/Assets/ParagonDekker/FX/Materials/Functions/MF_BaseColorTintAndContrast.uasset" 4043
"D:/UE_project/Blaster/Content/Assets/ParagonDekker/FX/Materials/Functions/MF_BaseColorTintAndContrast.uexp" 4044
"D:/UE_project/Blaster/Content/Assets/ParagonDekker/FX/Textures/Hero_Specific/T_Rough_Plastic_N.ubulk" 4045
"D:/UE_project/Blaster/Content/Assets/ParagonDekker/FX/Textures/Hero_Specific/T_Rough_Plastic_N.uasset" 4046
"D:/UE_project/Blaster/Content/Assets/ParagonDekker/FX/Textures/Hero_Specific/T_Rough_Plastic_N.uexp" 4047
"D:/UE_project/Blaster/Content/Assets/ParagonDekker/FX/Textures/Hero_Specific/T_Rough_Plastic_D.ubulk" 4048
"D:/UE_project/Blaster/Content/Assets/ParagonDekker/FX/Textures/Hero_Specific/T_Rough_Plastic_D.uasset" 4049
"D:/UE_project/Blaster/Content/Assets/ParagonDekker/FX/Textures/Hero_Specific/T_Rough_Plastic_D.uexp" 4050
"D:/UE_project/Blaster/Content/Assets/ParagonDekker/FX/Materials/Functions/MF_RoughnessAdjustment.uasset" 4051
"D:/UE_project/Blaster/Content/Assets/ParagonDekker/FX/Materials/Functions/MF_RoughnessAdjustment.uexp" 4052
"D:/UE_project/Blaster/Content/Assets/ParagonDekker/FX/Materials/Hero_Specific/ML_White_shinyPaint.uasset" 4053
"D:/UE_project/Blaster/Content/Assets/ParagonDekker/FX/Materials/Hero_Specific/ML_White_shinyPaint.uexp" 4054
"D:/UE_project/Blaster/Content/Assets/ParagonDekker/FX/Materials/Hero_Specific/ML_Chrome.uasset" 4055
"D:/UE_project/Blaster/Content/Assets/ParagonDekker/FX/Materials/Hero_Specific/ML_Chrome.uexp" 4056
"D:/UE_project/Blaster/Content/Assets/ParagonDekker/FX/Textures/Hero_Specific/T_ML_PlasticPattern01_N.ubulk" 4057
"D:/UE_project/Blaster/Content/Assets/ParagonDekker/FX/Textures/Hero_Specific/T_ML_PlasticPattern01_N.uasset" 4058
"D:/UE_project/Blaster/Content/Assets/ParagonDekker/FX/Textures/Hero_Specific/T_ML_PlasticPattern01_N.uexp" 4059
"D:/UE_project/Blaster/Content/Assets/ParagonDekker/FX/Textures/Hero_Specific/T_ML_PlasticPattern01.ubulk" 4060
"D:/UE_project/Blaster/Content/Assets/ParagonDekker/FX/Textures/Hero_Specific/T_ML_PlasticPattern01.uasset" 4061
"D:/UE_project/Blaster/Content/Assets/ParagonDekker/FX/Textures/Hero_Specific/T_ML_PlasticPattern01.uexp" 4062
"D:/UE_project/Blaster/Content/Assets/ParagonDekker/FX/Materials/Hero_Specific/ML_PurplePattern.uasset" 4063
"D:/UE_project/Blaster/Content/Assets/ParagonDekker/FX/Materials/Hero_Specific/ML_PurplePattern.uexp" 4064
"D:/UE_project/Blaster/Content/Assets/ParagonDekker/FX/Textures/Hero_Specific/T_Dekker_Weapon_RGB.ubulk" 4065
"D:/UE_project/Blaster/Content/Assets/ParagonDekker/FX/Textures/Hero_Specific/T_Dekker_Weapon_RGB.uasset" 4066
"D:/UE_project/Blaster/Content/Assets/ParagonDekker/FX/Textures/Hero_Specific/T_Dekker_Weapon_RGB.uexp" 4067
"D:/UE_project/Blaster/Content/Assets/ParagonDekker/FX/Textures/Hero_Specific/T_Dekker_Weapon_M.ubulk" 4068
"D:/UE_project/Blaster/Content/Assets/ParagonDekker/FX/Textures/Hero_Specific/T_Dekker_Weapon_M.uasset" 4069
"D:/UE_project/Blaster/Content/Assets/ParagonDekker/FX/Textures/Hero_Specific/T_Dekker_Weapon_M.uexp" 4070
"D:/UE_project/Blaster/Content/Assets/ParagonDekker/FX/Materials/Functions/MF_BrightnessAdjust.uasset" 4071
"D:/UE_project/Blaster/Content/Assets/ParagonDekker/FX/Materials/Functions/MF_BrightnessAdjust.uexp" 4072
"D:/UE_project/Blaster/Content/Assets/ParagonDekker/FX/Materials/Param_Collections/GlobalGameplayCollection.uasset" 4073
"D:/UE_project/Blaster/Content/Assets/ParagonDekker/FX/Materials/Param_Collections/GlobalGameplayCollection.uexp" 4074
"D:/UE_project/Blaster/Content/Assets/ParagonDekker/FX/Materials/Functions/HitFlash.uasset" 4075
"D:/UE_project/Blaster/Content/Assets/ParagonDekker/FX/Materials/Functions/HitFlash.uexp" 4076
"D:/UE_project/Blaster/Content/Assets/ParagonDekker/FX/Textures/Hero_Specific/T_Blue_Metal02.ubulk" 4077
"D:/UE_project/Blaster/Content/Assets/ParagonDekker/FX/Textures/Hero_Specific/T_Blue_Metal02.uasset" 4078
"D:/UE_project/Blaster/Content/Assets/ParagonDekker/FX/Textures/Hero_Specific/T_Blue_Metal02.uexp" 4079
"D:/UE_project/Blaster/Content/Assets/ParagonDekker/FX/Textures/Hero_Specific/T_Blank_N.uasset" 4080
"D:/UE_project/Blaster/Content/Assets/ParagonDekker/FX/Textures/Hero_Specific/T_Blank_N.uexp" 4081
"D:/UE_project/Blaster/Content/Assets/ParagonDekker/FX/Materials/Hero_Specific/ML_blue_Metal.uasset" 4082
"D:/UE_project/Blaster/Content/Assets/ParagonDekker/FX/Materials/Hero_Specific/ML_blue_Metal.uexp" 4083
"D:/UE_project/Blaster/Content/Assets/ParagonDekker/FX/Materials/Hero_Specific/MF_OrionRimlight.uasset" 4084
"D:/UE_project/Blaster/Content/Assets/ParagonDekker/FX/Materials/Hero_Specific/MF_OrionRimlight.uexp" 4085
"D:/UE_project/Blaster/Content/Assets/ParagonDekker/FX/Textures/Tile/Noise/T_AtmosphericCloudNoise01_N.ubulk" 4086
"D:/UE_project/Blaster/Content/Assets/ParagonDekker/FX/Textures/Tile/Noise/T_AtmosphericCloudNoise01_N.uasset" 4087
"D:/UE_project/Blaster/Content/Assets/ParagonDekker/FX/Textures/Tile/Noise/T_AtmosphericCloudNoise01_N.uexp" 4088
"D:/UE_project/Blaster/Content/Assets/ParagonDekker/FX/Textures/Tile/Noise/T_AtmosphericCloudNoise01.ubulk" 4089
"D:/UE_project/Blaster/Content/Assets/ParagonDekker/FX/Textures/Tile/Noise/T_AtmosphericCloudNoise01.uasset" 4090
"D:/UE_project/Blaster/Content/Assets/ParagonDekker/FX/Textures/Tile/Noise/T_AtmosphericCloudNoise01.uexp" 4091
"D:/UE_project/Blaster/Content/Assets/ParagonDekker/FX/Textures/Tile/Noise/T_AtmosphericCloudNoise03.ubulk" 4092
"D:/UE_project/Blaster/Content/Assets/ParagonDekker/FX/Textures/Tile/Noise/T_AtmosphericCloudNoise03.uasset" 4093
"D:/UE_project/Blaster/Content/Assets/ParagonDekker/FX/Textures/Tile/Noise/T_AtmosphericCloudNoise03.uexp" 4094
"D:/UE_project/Blaster/Content/Assets/ParagonDekker/FX/Materials/Functions/MF_DeathFade.uasset" 4095
"D:/UE_project/Blaster/Content/Assets/ParagonDekker/FX/Materials/Functions/MF_DeathFade.uexp" 4096
"D:/UE_project/Blaster/Content/Assets/ParagonDekker/FX/Materials/Functions/MF_CharacterEffects.uasset" 4097
"D:/UE_project/Blaster/Content/Assets/ParagonDekker/FX/Materials/Functions/MF_CharacterEffects.uexp" 4098
"D:/UE_project/Blaster/Content/Assets/ParagonDekker/FX/Textures/Hero_Specific/T_Dekker_Weapon_N.ubulk" 4099
"D:/UE_project/Blaster/Content/Assets/ParagonDekker/FX/Textures/Hero_Specific/T_Dekker_Weapon_N.uasset" 4100
"D:/UE_project/Blaster/Content/Assets/ParagonDekker/FX/Textures/Hero_Specific/T_Dekker_Weapon_N.uexp" 4101
"D:/UE_project/Blaster/Content/Assets/ParagonDekker/FX/Textures/Hero_Specific/T_ML_Rubber_Blue_01_N.ubulk" 4102
"D:/UE_project/Blaster/Content/Assets/ParagonDekker/FX/Textures/Hero_Specific/T_ML_Rubber_Blue_01_N.uasset" 4103
"D:/UE_project/Blaster/Content/Assets/ParagonDekker/FX/Textures/Hero_Specific/T_ML_Rubber_Blue_01_N.uexp" 4104
"D:/UE_project/Blaster/Content/Assets/ParagonDekker/FX/Textures/Hero_Specific/T_ML_Rubber_Blue_01_D.ubulk" 4105
"D:/UE_project/Blaster/Content/Assets/ParagonDekker/FX/Textures/Hero_Specific/T_ML_Rubber_Blue_01_D.uasset" 4106
"D:/UE_project/Blaster/Content/Assets/ParagonDekker/FX/Textures/Hero_Specific/T_ML_Rubber_Blue_01_D.uexp" 4107
"D:/UE_project/Blaster/Content/Assets/ParagonDekker/FX/Materials/Hero_Specific/ML_GlossyBlack_Latex.uasset" 4108
"D:/UE_project/Blaster/Content/Assets/ParagonDekker/FX/Materials/Hero_Specific/ML_GlossyBlack_Latex.uexp" 4109
"D:/UE_project/Blaster/Content/Assets/ParagonDekker/FX/Materials/Hero_Specific/M_Dekker_Weapon_Bot.uasset" 4110
"D:/UE_project/Blaster/Content/Assets/ParagonDekker/FX/Materials/Hero_Specific/M_Dekker_Weapon_Bot.uexp" 4111
"D:/UE_project/Blaster/Content/Assets/ParagonDekker/FX/Meshes/Bots/SM_Dekker_BotFriend.ubulk" 4112
"D:/UE_project/Blaster/Content/Assets/ParagonDekker/FX/Meshes/Bots/SM_Dekker_BotFriend.uasset" 4113
"D:/UE_project/Blaster/Content/Assets/ParagonDekker/FX/Meshes/Bots/SM_Dekker_BotFriend.uexp" 4114
"../../../Engine/Content/EngineMaterials/OrientParticle.uasset" 4115
"../../../Engine/Content/EngineMaterials/OrientParticle.uexp" 4116
"../../../Engine/Content/EngineMaterials/DefaultParticle.uasset" 4117
"../../../Engine/Content/EngineMaterials/DefaultParticle.uexp" 4118
"D:/UE_project/Blaster/Content/Assets/ParagonDekker/FX/Meshes/Shapes/SM_Holo_Projector_Beams.ubulk" 4119
"D:/UE_project/Blaster/Content/Assets/ParagonDekker/FX/Meshes/Shapes/SM_Holo_Projector_Beams.uasset" 4120
"D:/UE_project/Blaster/Content/Assets/ParagonDekker/FX/Meshes/Shapes/SM_Holo_Projector_Beams.uexp" 4121
"D:/UE_project/Blaster/Content/Assets/ParagonDekker/FX/Materials/Functions/FadeBasedOnViewAngle.uasset" 4122
"D:/UE_project/Blaster/Content/Assets/ParagonDekker/FX/Materials/Functions/FadeBasedOnViewAngle.uexp" 4123
"D:/UE_project/Blaster/Content/Assets/ParagonDekker/FX/Textures/Masks/T_Square_SoftEdges.ubulk" 4124
"D:/UE_project/Blaster/Content/Assets/ParagonDekker/FX/Textures/Masks/T_Square_SoftEdges.uasset" 4125
"D:/UE_project/Blaster/Content/Assets/ParagonDekker/FX/Textures/Masks/T_Square_SoftEdges.uexp" 4126
"D:/UE_project/Blaster/Content/Assets/ParagonDekker/FX/Textures/Gradients/Color/T_Muriel_Prism_03.ubulk" 4127
"D:/UE_project/Blaster/Content/Assets/ParagonDekker/FX/Textures/Gradients/Color/T_Muriel_Prism_03.uasset" 4128
"D:/UE_project/Blaster/Content/Assets/ParagonDekker/FX/Textures/Gradients/Color/T_Muriel_Prism_03.uexp" 4129
"D:/UE_project/Blaster/Content/Assets/ParagonDekker/FX/Materials/Tech/M_Spline_Light_Scanner.uasset" 4130
"D:/UE_project/Blaster/Content/Assets/ParagonDekker/FX/Materials/Tech/M_Spline_Light_Scanner.uexp" 4131
"D:/UE_project/Blaster/Content/Assets/ParagonDekker/FX/Particles/Abilities/Cage/FX/P_Bot_Cage.uasset" 4132
"D:/UE_project/Blaster/Content/Assets/ParagonDekker/FX/Particles/Abilities/Cage/FX/P_Bot_Cage.uexp" 4133
"D:/UE_project/Blaster/Content/Assets/Sounds/Jumps/wav/sw_Foley_Jump_02.ubulk" 4134
"D:/UE_project/Blaster/Content/Assets/Sounds/Jumps/wav/sw_Foley_Jump_02.uasset" 4135
"D:/UE_project/Blaster/Content/Assets/Sounds/Jumps/wav/sw_Foley_Jump_02.uexp" 4136
"D:/UE_project/Blaster/Content/Assets/Sounds/Jumps/wav/sw_Foley_Jump_03.ubulk" 4137
"D:/UE_project/Blaster/Content/Assets/Sounds/Jumps/wav/sw_Foley_Jump_03.uasset" 4138
"D:/UE_project/Blaster/Content/Assets/Sounds/Jumps/wav/sw_Foley_Jump_03.uexp" 4139
"D:/UE_project/Blaster/Content/Assets/Sounds/Jumps/wav/sw_Foley_Jump_01.ubulk" 4140
"D:/UE_project/Blaster/Content/Assets/Sounds/Jumps/wav/sw_Foley_Jump_01.uasset" 4141
"D:/UE_project/Blaster/Content/Assets/Sounds/Jumps/wav/sw_Foley_Jump_01.uexp" 4142
"D:/UE_project/Blaster/Content/Assets/Sounds/Jumps/SCue_Foley_Jump.uasset" 4143
"D:/UE_project/Blaster/Content/Assets/Sounds/Jumps/SCue_Foley_Jump.uexp" 4144
"D:/UE_project/Blaster/Content/Assets/Girl/Animations/Lucy_Jump_Start_Root_Trimmed.uasset" 4145
"D:/UE_project/Blaster/Content/Assets/Girl/Animations/Lucy_Jump_Start_Root_Trimmed.uexp" 4146
"D:/UE_project/Blaster/Content/Assets/Girl/Animations/Crouch_Walk_Lt_Rifle_Hip.uasset" 4147
"D:/UE_project/Blaster/Content/Assets/Girl/Animations/Crouch_Walk_Lt_Rifle_Hip.uexp" 4148
"D:/UE_project/Blaster/Content/Assets/Girl/Animations/Crouch_Walk_Fwd_Rifle_Hip.uasset" 4149
"D:/UE_project/Blaster/Content/Assets/Girl/Animations/Crouch_Walk_Fwd_Rifle_Hip.uexp" 4150
"D:/UE_project/Blaster/Content/Assets/Girl/Animations/Crouch_Walk_Bwd_Rifle_Hip.uasset" 4151
"D:/UE_project/Blaster/Content/Assets/Girl/Animations/Crouch_Walk_Bwd_Rifle_Hip.uexp" 4152
"D:/UE_project/Blaster/Content/Assets/Girl/Animations/Crouch_Walk_Rt_Rifle_Hip.uasset" 4153
"D:/UE_project/Blaster/Content/Assets/Girl/Animations/Crouch_Walk_Rt_Rifle_Hip.uexp" 4154
"D:/UE_project/Blaster/Content/Blueprint/Character/Animation/BS1_CrouchWalking.uasset" 4155
"D:/UE_project/Blaster/Content/Blueprint/Character/Animation/BS1_CrouchWalking.uexp" 4156
"../../../Engine/Content/Animation/DefaultRecorderBoneCompression.uasset" 4157
"../../../Engine/Content/Animation/DefaultRecorderBoneCompression.uexp" 4158
"D:/UE_project/Blaster/Content/Assets/Sounds/Footsteps/wav/sw_FS_Tile_02.ubulk" 4159
"D:/UE_project/Blaster/Content/Assets/Sounds/Footsteps/wav/sw_FS_Tile_02.uasset" 4160
"D:/UE_project/Blaster/Content/Assets/Sounds/Footsteps/wav/sw_FS_Tile_02.uexp" 4161
"D:/UE_project/Blaster/Content/Assets/Sounds/Footsteps/wav/sw_FS_Tile_08.ubulk" 4162
"D:/UE_project/Blaster/Content/Assets/Sounds/Footsteps/wav/sw_FS_Tile_08.uasset" 4163
"D:/UE_project/Blaster/Content/Assets/Sounds/Footsteps/wav/sw_FS_Tile_08.uexp" 4164
"D:/UE_project/Blaster/Content/Assets/Sounds/Footsteps/wav/sw_FS_Tile_01.ubulk" 4165
"D:/UE_project/Blaster/Content/Assets/Sounds/Footsteps/wav/sw_FS_Tile_01.uasset" 4166
"D:/UE_project/Blaster/Content/Assets/Sounds/Footsteps/wav/sw_FS_Tile_01.uexp" 4167
"D:/UE_project/Blaster/Content/Assets/Sounds/Footsteps/wav/sw_FS_Tile_03.ubulk" 4168
"D:/UE_project/Blaster/Content/Assets/Sounds/Footsteps/wav/sw_FS_Tile_03.uasset" 4169
"D:/UE_project/Blaster/Content/Assets/Sounds/Footsteps/wav/sw_FS_Tile_03.uexp" 4170
"D:/UE_project/Blaster/Content/Assets/Sounds/Footsteps/wav/sw_FS_Tile_06.ubulk" 4171
"D:/UE_project/Blaster/Content/Assets/Sounds/Footsteps/wav/sw_FS_Tile_06.uasset" 4172
"D:/UE_project/Blaster/Content/Assets/Sounds/Footsteps/wav/sw_FS_Tile_06.uexp" 4173
"D:/UE_project/Blaster/Content/Assets/Sounds/Footsteps/wav/sw_FS_Tile_05.ubulk" 4174
"D:/UE_project/Blaster/Content/Assets/Sounds/Footsteps/wav/sw_FS_Tile_05.uasset" 4175
"D:/UE_project/Blaster/Content/Assets/Sounds/Footsteps/wav/sw_FS_Tile_05.uexp" 4176
"D:/UE_project/Blaster/Content/Assets/Sounds/Footsteps/wav/sw_FS_Tile_10.ubulk" 4177
"D:/UE_project/Blaster/Content/Assets/Sounds/Footsteps/wav/sw_FS_Tile_10.uasset" 4178
"D:/UE_project/Blaster/Content/Assets/Sounds/Footsteps/wav/sw_FS_Tile_10.uexp" 4179
"D:/UE_project/Blaster/Content/Assets/Sounds/Footsteps/wav/sw_FS_Tile_09.ubulk" 4180
"D:/UE_project/Blaster/Content/Assets/Sounds/Footsteps/wav/sw_FS_Tile_09.uasset" 4181
"D:/UE_project/Blaster/Content/Assets/Sounds/Footsteps/wav/sw_FS_Tile_09.uexp" 4182
"D:/UE_project/Blaster/Content/Assets/Sounds/Footsteps/wav/sw_FS_Tile_07.ubulk" 4183
"D:/UE_project/Blaster/Content/Assets/Sounds/Footsteps/wav/sw_FS_Tile_07.uasset" 4184
"D:/UE_project/Blaster/Content/Assets/Sounds/Footsteps/wav/sw_FS_Tile_07.uexp" 4185
"D:/UE_project/Blaster/Content/Assets/Sounds/Footsteps/wav/sw_FS_Tile_04.ubulk" 4186
"D:/UE_project/Blaster/Content/Assets/Sounds/Footsteps/wav/sw_FS_Tile_04.uasset" 4187
"D:/UE_project/Blaster/Content/Assets/Sounds/Footsteps/wav/sw_FS_Tile_04.uexp" 4188
"D:/UE_project/Blaster/Content/Assets/Sounds/Footsteps/SCue_FS_Tile.uasset" 4189
"D:/UE_project/Blaster/Content/Assets/Sounds/Footsteps/SCue_FS_Tile.uexp" 4190
"D:/UE_project/Blaster/Content/Assets/Girl/Animations/Walk_Fwd_45_Ironsights_Left.uasset" 4191
"D:/UE_project/Blaster/Content/Assets/Girl/Animations/Walk_Fwd_45_Ironsights_Left.uexp" 4192
"D:/UE_project/Blaster/Content/Assets/Girl/Animations/Walk_Fwd_Rifle_Ironsights.uasset" 4193
"D:/UE_project/Blaster/Content/Assets/Girl/Animations/Walk_Fwd_Rifle_Ironsights.uexp" 4194
"D:/UE_project/Blaster/Content/Assets/Girl/Animations/Walk_Bwd_Rifle_Ironsights.uasset" 4195
"D:/UE_project/Blaster/Content/Assets/Girl/Animations/Walk_Bwd_Rifle_Ironsights.uexp" 4196
"D:/UE_project/Blaster/Content/Assets/Girl/Animations/Walk_Rt_Rifle_Ironsights.uasset" 4197
"D:/UE_project/Blaster/Content/Assets/Girl/Animations/Walk_Rt_Rifle_Ironsights.uexp" 4198
"D:/UE_project/Blaster/Content/Assets/Girl/Animations/Walk_Lt_Rifle_Ironsights.uasset" 4199
"D:/UE_project/Blaster/Content/Assets/Girl/Animations/Walk_Lt_Rifle_Ironsights.uexp" 4200
"D:/UE_project/Blaster/Content/Assets/Girl/Animations/Walk_Bwd_45_Ironsights_Right.uasset" 4201
"D:/UE_project/Blaster/Content/Assets/Girl/Animations/Walk_Bwd_45_Ironsights_Right.uexp" 4202
"D:/UE_project/Blaster/Content/Blueprint/Character/Animation/BS1_AimWalk.uasset" 4203
"D:/UE_project/Blaster/Content/Blueprint/Character/Animation/BS1_AimWalk.uexp" 4204
"D:/UE_project/Blaster/Content/Assets/Girl/Animations/Idle_Rifle_Hip.uasset" 4205
"D:/UE_project/Blaster/Content/Assets/Girl/Animations/Idle_Rifle_Hip.uexp" 4206
"D:/UE_project/Blaster/Content/Assets/Girl/Animations/Movement/Lucy_Idle.uasset" 4207
"D:/UE_project/Blaster/Content/Assets/Girl/Animations/Movement/Lucy_Idle.uexp" 4208
"D:/UE_project/Blaster/Content/Assets/Girl/Animations/Lucy_Walk_F_Inplace.uasset" 4209
"D:/UE_project/Blaster/Content/Assets/Girl/Animations/Lucy_Walk_F_Inplace.uexp" 4210
"D:/UE_project/Blaster/Content/Assets/Girl/Animations/Lucy_Run_F_Inplace.uasset" 4211
"D:/UE_project/Blaster/Content/Assets/Girl/Animations/Lucy_Run_F_Inplace.uexp" 4212
"D:/UE_project/Blaster/Content/Blueprint/Character/Animation/BS1_StandingUnequippedMove.uasset" 4213
"D:/UE_project/Blaster/Content/Blueprint/Character/Animation/BS1_StandingUnequippedMove.uexp" 4214
"D:/UE_project/Blaster/Content/Assets/Girl/Animations/JumpUp.uasset" 4215
"D:/UE_project/Blaster/Content/Assets/Girl/Animations/JumpUp.uexp" 4216
"D:/UE_project/Blaster/Content/Assets/Sounds/Jumps/wav/sw_Foley_JumpLand_Tile_01.ubulk" 4217
"D:/UE_project/Blaster/Content/Assets/Sounds/Jumps/wav/sw_Foley_JumpLand_Tile_01.uasset" 4218
"D:/UE_project/Blaster/Content/Assets/Sounds/Jumps/wav/sw_Foley_JumpLand_Tile_01.uexp" 4219
"D:/UE_project/Blaster/Content/Assets/Sounds/Jumps/wav/sw_Foley_JumpLand_Tile_03.ubulk" 4220
"D:/UE_project/Blaster/Content/Assets/Sounds/Jumps/wav/sw_Foley_JumpLand_Tile_03.uasset" 4221
"D:/UE_project/Blaster/Content/Assets/Sounds/Jumps/wav/sw_Foley_JumpLand_Tile_03.uexp" 4222
"D:/UE_project/Blaster/Content/Assets/Sounds/Jumps/wav/sw_Foley_JumpLand_Tile_02.ubulk" 4223
"D:/UE_project/Blaster/Content/Assets/Sounds/Jumps/wav/sw_Foley_JumpLand_Tile_02.uasset" 4224
"D:/UE_project/Blaster/Content/Assets/Sounds/Jumps/wav/sw_Foley_JumpLand_Tile_02.uexp" 4225
"D:/UE_project/Blaster/Content/Assets/Sounds/Jumps/SCue_Foley_Jumpland_Tile.uasset" 4226
"D:/UE_project/Blaster/Content/Assets/Sounds/Jumps/SCue_Foley_Jumpland_Tile.uexp" 4227
"D:/UE_project/Blaster/Content/Assets/Girl/Animations/JumpDown.uasset" 4228
"D:/UE_project/Blaster/Content/Assets/Girl/Animations/JumpDown.uexp" 4229
"D:/UE_project/Blaster/Content/Assets/Girl/Animations/Crouch_Walk_Bwd_Rifle_Ironsights.uasset" 4230
"D:/UE_project/Blaster/Content/Assets/Girl/Animations/Crouch_Walk_Bwd_Rifle_Ironsights.uexp" 4231
"D:/UE_project/Blaster/Content/Assets/Girl/Animations/Crouch_Walk_Lt_Rifle_Ironsights.uasset" 4232
"D:/UE_project/Blaster/Content/Assets/Girl/Animations/Crouch_Walk_Lt_Rifle_Ironsights.uexp" 4233
"D:/UE_project/Blaster/Content/Assets/Girl/Animations/Crouch_Walk_Rt_Rifle_Ironsights.uasset" 4234
"D:/UE_project/Blaster/Content/Assets/Girl/Animations/Crouch_Walk_Rt_Rifle_Ironsights.uexp" 4235
"D:/UE_project/Blaster/Content/Assets/Girl/Animations/Crouch_Walk_Fwd_Rifle_Ironsights.uasset" 4236
"D:/UE_project/Blaster/Content/Assets/Girl/Animations/Crouch_Walk_Fwd_Rifle_Ironsights.uexp" 4237
"D:/UE_project/Blaster/Content/Blueprint/Character/Animation/BS1_CrouchAimWalk.uasset" 4238
"D:/UE_project/Blaster/Content/Blueprint/Character/Animation/BS1_CrouchAimWalk.uexp" 4239
"D:/UE_project/Blaster/Content/Assets/Girl/Animations/AimOffset/HipAO/AO_CC.uasset" 4240
"D:/UE_project/Blaster/Content/Assets/Girl/Animations/AimOffset/HipAO/AO_CC.uexp" 4241
"D:/UE_project/Blaster/Content/Assets/Girl/Animations/AimOffset/HipAO/AO_CD.uasset" 4242
"D:/UE_project/Blaster/Content/Assets/Girl/Animations/AimOffset/HipAO/AO_CD.uexp" 4243
"D:/UE_project/Blaster/Content/Assets/Girl/Animations/AimOffset/HipAO/AO_LD.uasset" 4244
"D:/UE_project/Blaster/Content/Assets/Girl/Animations/AimOffset/HipAO/AO_LD.uexp" 4245
"D:/UE_project/Blaster/Content/Assets/Girl/Animations/AimOffset/HipAO/AO_LC.uasset" 4246
"D:/UE_project/Blaster/Content/Assets/Girl/Animations/AimOffset/HipAO/AO_LC.uexp" 4247
"D:/UE_project/Blaster/Content/Assets/Girl/Animations/AimOffset/HipAO/AO_RC.uasset" 4248
"D:/UE_project/Blaster/Content/Assets/Girl/Animations/AimOffset/HipAO/AO_RC.uexp" 4249
"D:/UE_project/Blaster/Content/Assets/Girl/Animations/AimOffset/HipAO/AO_RU.uasset" 4250
"D:/UE_project/Blaster/Content/Assets/Girl/Animations/AimOffset/HipAO/AO_RU.uexp" 4251
"D:/UE_project/Blaster/Content/Assets/Girl/Animations/AimOffset/HipAO/AO_CU.uasset" 4252
"D:/UE_project/Blaster/Content/Assets/Girl/Animations/AimOffset/HipAO/AO_CU.uexp" 4253
"D:/UE_project/Blaster/Content/Assets/Girl/Animations/AimOffset/HipAO/AO_LU.uasset" 4254
"D:/UE_project/Blaster/Content/Assets/Girl/Animations/AimOffset/HipAO/AO_LU.uexp" 4255
"D:/UE_project/Blaster/Content/Assets/Girl/Animations/AimOffset/HipAO/AO_RD.uasset" 4256
"D:/UE_project/Blaster/Content/Assets/Girl/Animations/AimOffset/HipAO/AO_RD.uexp" 4257
"D:/UE_project/Blaster/Content/Blueprint/Character/Animation/HipAimOffset.uasset" 4258
"D:/UE_project/Blaster/Content/Blueprint/Character/Animation/HipAimOffset.uexp" 4259
"D:/UE_project/Blaster/Content/Assets/Girl/Animations/TurnLeft.uasset" 4260
"D:/UE_project/Blaster/Content/Assets/Girl/Animations/TurnLeft.uexp" 4261
"D:/UE_project/Blaster/Content/Assets/Girl/Animations/Jog_Fwd_Lean_L.uasset" 4262
"D:/UE_project/Blaster/Content/Assets/Girl/Animations/Jog_Fwd_Lean_L.uexp" 4263
"D:/UE_project/Blaster/Content/Assets/Girl/Animations/Jog_Lt_Lean_L.uasset" 4264
"D:/UE_project/Blaster/Content/Assets/Girl/Animations/Jog_Lt_Lean_L.uexp" 4265
"D:/UE_project/Blaster/Content/Assets/Girl/Animations/Jog_Rt_Rifle.uasset" 4266
"D:/UE_project/Blaster/Content/Assets/Girl/Animations/Jog_Rt_Rifle.uexp" 4267
"D:/UE_project/Blaster/Content/Assets/Girl/Animations/Jog_Rt_Lean_L.uasset" 4268
"D:/UE_project/Blaster/Content/Assets/Girl/Animations/Jog_Rt_Lean_L.uexp" 4269
"D:/UE_project/Blaster/Content/Assets/Girl/Animations/Jog_Lt_Rifle.uasset" 4270
"D:/UE_project/Blaster/Content/Assets/Girl/Animations/Jog_Lt_Rifle.uexp" 4271
"D:/UE_project/Blaster/Content/Assets/Girl/Animations/Jog_Rt_Lean_R.uasset" 4272
"D:/UE_project/Blaster/Content/Assets/Girl/Animations/Jog_Rt_Lean_R.uexp" 4273
"D:/UE_project/Blaster/Content/Assets/Girl/Animations/Jog_Fwd_45_Left.uasset" 4274
"D:/UE_project/Blaster/Content/Assets/Girl/Animations/Jog_Fwd_45_Left.uexp" 4275
"D:/UE_project/Blaster/Content/Assets/Girl/Animations/Jog_Bwd_Lean_L.uasset" 4276
"D:/UE_project/Blaster/Content/Assets/Girl/Animations/Jog_Bwd_Lean_L.uexp" 4277
"D:/UE_project/Blaster/Content/Assets/Girl/Animations/Jog_Fwd_Rifle.uasset" 4278
"D:/UE_project/Blaster/Content/Assets/Girl/Animations/Jog_Fwd_Rifle.uexp" 4279
"D:/UE_project/Blaster/Content/Assets/Girl/Animations/Jog_Fwd_Lean_R.uasset" 4280
"D:/UE_project/Blaster/Content/Assets/Girl/Animations/Jog_Fwd_Lean_R.uexp" 4281
"D:/UE_project/Blaster/Content/Assets/Girl/Animations/Jog_Bwd_Lean_R.uasset" 4282
"D:/UE_project/Blaster/Content/Assets/Girl/Animations/Jog_Bwd_Lean_R.uexp" 4283
"D:/UE_project/Blaster/Content/Assets/Girl/Animations/Jog_Bwd_45_Right.uasset" 4284
"D:/UE_project/Blaster/Content/Assets/Girl/Animations/Jog_Bwd_45_Right.uexp" 4285
"D:/UE_project/Blaster/Content/Assets/Girl/Animations/Jog_Lt_Lean_R.uasset" 4286
"D:/UE_project/Blaster/Content/Assets/Girl/Animations/Jog_Lt_Lean_R.uexp" 4287
"D:/UE_project/Blaster/Content/Assets/Girl/Animations/Jog_Bwd_Rifle.uasset" 4288
"D:/UE_project/Blaster/Content/Assets/Girl/Animations/Jog_Bwd_Rifle.uexp" 4289
"D:/UE_project/Blaster/Content/Blueprint/Character/Animation/BS_EquippedRun.uasset" 4290
"D:/UE_project/Blaster/Content/Blueprint/Character/Animation/BS_EquippedRun.uexp" 4291
"D:/UE_project/Blaster/Content/Assets/Girl/Animations/Idle_Rifle_Ironsights.uasset" 4292
"D:/UE_project/Blaster/Content/Assets/Girl/Animations/Idle_Rifle_Ironsights.uexp" 4293
"D:/UE_project/Blaster/Content/Assets/Girl/Animations/Movement/Crouch/Inplace/Lucy_Crouch_F_Inplace.uasset" 4294
"D:/UE_project/Blaster/Content/Assets/Girl/Animations/Movement/Crouch/Inplace/Lucy_Crouch_F_Inplace.uexp" 4295
"D:/UE_project/Blaster/Content/Assets/Girl/Animations/Movement/Crouch/Inplace/Lucy_CrouchIdle_Inplace.uasset" 4296
"D:/UE_project/Blaster/Content/Assets/Girl/Animations/Movement/Crouch/Inplace/Lucy_CrouchIdle_Inplace.uexp" 4297
"D:/UE_project/Blaster/Content/Blueprint/Character/Animation/BS1_CrouchUnequippedMove.uasset" 4298
"D:/UE_project/Blaster/Content/Blueprint/Character/Animation/BS1_CrouchUnequippedMove.uexp" 4299
"D:/UE_project/Blaster/Content/Assets/Girl/Animations/Crouch_Idle_Rifle_Ironsights.uasset" 4300
"D:/UE_project/Blaster/Content/Assets/Girl/Animations/Crouch_Idle_Rifle_Ironsights.uexp" 4301
"D:/UE_project/Blaster/Content/Assets/Girl/Animations/Lucy_Jump_Loop_Root.uasset" 4302
"D:/UE_project/Blaster/Content/Assets/Girl/Animations/Lucy_Jump_Loop_Root.uexp" 4303
"D:/UE_project/Blaster/Content/Assets/Girl/Animations/CrouchTurnRight.uasset" 4304
"D:/UE_project/Blaster/Content/Assets/Girl/Animations/CrouchTurnRight.uexp" 4305
"D:/UE_project/Blaster/Content/Assets/Girl/Animations/CrouchTurnLeft.uasset" 4306
"D:/UE_project/Blaster/Content/Assets/Girl/Animations/CrouchTurnLeft.uexp" 4307
"D:/UE_project/Blaster/Content/Assets/Girl/Animations/TorchWalk.uasset" 4308
"D:/UE_project/Blaster/Content/Assets/Girl/Animations/TorchWalk.uexp" 4309
"D:/UE_project/Blaster/Content/Assets/Girl/Animations/TorchIdle.uasset" 4310
"D:/UE_project/Blaster/Content/Assets/Girl/Animations/TorchIdle.uexp" 4311
"D:/UE_project/Blaster/Content/Blueprint/Character/Animation/Flag.uasset" 4312
"D:/UE_project/Blaster/Content/Blueprint/Character/Animation/Flag.uexp" 4313
"D:/UE_project/Blaster/Content/Assets/Girl/Animations/Lucy_Jump_End_Root.uasset" 4314
"D:/UE_project/Blaster/Content/Assets/Girl/Animations/Lucy_Jump_End_Root.uexp" 4315
"D:/UE_project/Blaster/Content/Assets/Girl/Animations/Crouch_Idle_Rifle_Hip.uasset" 4316
"D:/UE_project/Blaster/Content/Assets/Girl/Animations/Crouch_Idle_Rifle_Hip.uexp" 4317
"D:/UE_project/Blaster/Content/Assets/Girl/Animations/Elim.uasset" 4318
"D:/UE_project/Blaster/Content/Assets/Girl/Animations/Elim.uexp" 4319
"D:/UE_project/Blaster/Content/Assets/Girl/Animations/AimOffset/AimAO/Aim_Zero_Pose.uasset" 4320
"D:/UE_project/Blaster/Content/Assets/Girl/Animations/AimOffset/AimAO/Aim_Zero_Pose.uexp" 4321
"D:/UE_project/Blaster/Content/Assets/Girl/Animations/AimOffset/AimAO/Aim_AO_LC.uasset" 4322
"D:/UE_project/Blaster/Content/Assets/Girl/Animations/AimOffset/AimAO/Aim_AO_LC.uexp" 4323
"D:/UE_project/Blaster/Content/Assets/Girl/Animations/AimOffset/AimAO/Aim_AO_RC.uasset" 4324
"D:/UE_project/Blaster/Content/Assets/Girl/Animations/AimOffset/AimAO/Aim_AO_RC.uexp" 4325
"D:/UE_project/Blaster/Content/Assets/Girl/Animations/AimOffset/AimAO/Aim_AO_CD.uasset" 4326
"D:/UE_project/Blaster/Content/Assets/Girl/Animations/AimOffset/AimAO/Aim_AO_CD.uexp" 4327
"D:/UE_project/Blaster/Content/Assets/Girl/Animations/AimOffset/AimAO/Aim_AO_LD.uasset" 4328
"D:/UE_project/Blaster/Content/Assets/Girl/Animations/AimOffset/AimAO/Aim_AO_LD.uexp" 4329
"D:/UE_project/Blaster/Content/Assets/Girl/Animations/AimOffset/AimAO/Aim_AO_CU.uasset" 4330
"D:/UE_project/Blaster/Content/Assets/Girl/Animations/AimOffset/AimAO/Aim_AO_CU.uexp" 4331
"D:/UE_project/Blaster/Content/Assets/Girl/Animations/AimOffset/AimAO/Aim_AO_CC.uasset" 4332
"D:/UE_project/Blaster/Content/Assets/Girl/Animations/AimOffset/AimAO/Aim_AO_CC.uexp" 4333
"D:/UE_project/Blaster/Content/Assets/Girl/Animations/AimOffset/AimAO/Aim_AO_RU.uasset" 4334
"D:/UE_project/Blaster/Content/Assets/Girl/Animations/AimOffset/AimAO/Aim_AO_RU.uexp" 4335
"D:/UE_project/Blaster/Content/Assets/Girl/Animations/AimOffset/AimAO/Aim_AO_RD.uasset" 4336
"D:/UE_project/Blaster/Content/Assets/Girl/Animations/AimOffset/AimAO/Aim_AO_RD.uexp" 4337
"D:/UE_project/Blaster/Content/Assets/Girl/Animations/AimOffset/AimAO/Aim_AO_LU.uasset" 4338
"D:/UE_project/Blaster/Content/Assets/Girl/Animations/AimOffset/AimAO/Aim_AO_LU.uexp" 4339
"D:/UE_project/Blaster/Content/Blueprint/Character/Animation/AimAimOffset.uasset" 4340
"D:/UE_project/Blaster/Content/Blueprint/Character/Animation/AimAimOffset.uexp" 4341
"D:/UE_project/Blaster/Content/Assets/Girl/Animations/JumpLoop.uasset" 4342
"D:/UE_project/Blaster/Content/Assets/Girl/Animations/JumpLoop.uexp" 4343
"D:/UE_project/Blaster/Content/Assets/Girl/Animations/TurnRight.uasset" 4344
"D:/UE_project/Blaster/Content/Assets/Girl/Animations/TurnRight.uexp" 4345
"D:/UE_project/Blaster/Content/Blueprint/Character/Animation/ABP_Blaster.uasset" 4346
"D:/UE_project/Blaster/Content/Blueprint/Character/Animation/ABP_Blaster.uexp" 4347
"D:/UE_project/Blaster/Content/Assets/Girl/Animations/Fire_Rifle_Hip.uasset" 4348
"D:/UE_project/Blaster/Content/Assets/Girl/Animations/Fire_Rifle_Hip.uexp" 4349
"D:/UE_project/Blaster/Content/Assets/Girl/Animations/Fire_Rifle_Ironsights.uasset" 4350
"D:/UE_project/Blaster/Content/Assets/Girl/Animations/Fire_Rifle_Ironsights.uexp" 4351
"D:/UE_project/Blaster/Content/Blueprint/Character/Animation/FireWeaponMontage.uasset" 4352
"D:/UE_project/Blaster/Content/Blueprint/Character/Animation/FireWeaponMontage.uexp" 4353
"D:/UE_project/Blaster/Content/Assets/Trail/NS_PurpleLightning.uasset" 4354
"D:/UE_project/Blaster/Content/Assets/Trail/NS_PurpleLightning.uexp" 4355
"D:/UE_project/Blaster/Content/Blueprint/Character/Animation/Elim_Montage.uasset" 4356
"D:/UE_project/Blaster/Content/Blueprint/Character/Animation/Elim_Montage.uexp" 4357
"D:/UE_project/Blaster/Content/Assets/FX/SniperScope/BlkBG1920x1080.uasset" 4358
"D:/UE_project/Blaster/Content/Assets/FX/SniperScope/BlkBG1920x1080.uexp" 4359
"D:/UE_project/Blaster/Content/Assets/FX/SniperScope/SniperScopeNoBG.uasset" 4360
"D:/UE_project/Blaster/Content/Assets/FX/SniperScope/SniperScopeNoBG.uexp" 4361
"D:/UE_project/Blaster/Content/Blueprint/HUD/WBP_SniperScope.uasset" 4362
"D:/UE_project/Blaster/Content/Blueprint/HUD/WBP_SniperScope.uexp" 4363
"D:/UE_project/Blaster/Content/Blueprint/Character/BP_BlasterCharacter.uasset" 4364
"D:/UE_project/Blaster/Content/Blueprint/Character/BP_BlasterCharacter.uexp" 4365
"D:/UE_project/Blaster/Content/Blueprint/PlayerState/BP_BlasterPlayerState.uasset" 4366
"D:/UE_project/Blaster/Content/Blueprint/PlayerState/BP_BlasterPlayerState.uexp" 4367
"D:/UE_project/Blaster/Content/Blueprint/GameState/BP_BlasterGameState.uasset" 4368
"D:/UE_project/Blaster/Content/Blueprint/GameState/BP_BlasterGameState.uexp" 4369
"D:/UE_project/Blaster/Content/Blueprint/GameMode/BP_CaptureTheFlagGameMode.uasset" 4370
"D:/UE_project/Blaster/Content/Blueprint/GameMode/BP_CaptureTheFlagGameMode.uexp" 4371
"D:/UE_project/Blaster/Content/Assets/AnimeCitySuburbs/Textures/T_GarlicGrafitti_BC.uasset" 4372
"D:/UE_project/Blaster/Content/Assets/AnimeCitySuburbs/Textures/T_GarlicGrafitti_BC.uexp" 4373
"D:/UE_project/Blaster/Content/Assets/AnimeCitySuburbs/Materials/MI_grafitti8.uasset" 4374
"D:/UE_project/Blaster/Content/Assets/AnimeCitySuburbs/Materials/MI_grafitti8.uexp" 4375
"D:/UE_project/Blaster/Content/Assets/AnimeCitySuburbs/Materials/MI_Windows_Inst_Inst_Inst1_Inst2.uasset" 4376
"D:/UE_project/Blaster/Content/Assets/AnimeCitySuburbs/Materials/MI_Windows_Inst_Inst_Inst1_Inst2.uexp" 4377
"D:/UE_project/Blaster/Content/Assets/AnimeCitySuburbs/Models/BuildingPieces/SM_WallH_01.ubulk" 4378
"D:/UE_project/Blaster/Content/Assets/AnimeCitySuburbs/Models/BuildingPieces/SM_WallH_01.uasset" 4379
"D:/UE_project/Blaster/Content/Assets/AnimeCitySuburbs/Models/BuildingPieces/SM_WallH_01.uexp" 4380
"D:/UE_project/Blaster/Content/Assets/AnimeCitySuburbs/Materials/MI_Plant_Inst.uasset" 4381
"D:/UE_project/Blaster/Content/Assets/AnimeCitySuburbs/Materials/MI_Plant_Inst.uexp" 4382
"D:/UE_project/Blaster/Content/Assets/AnimeCitySuburbs/Textures/T_FireHydrant_N.ubulk" 4383
"D:/UE_project/Blaster/Content/Assets/AnimeCitySuburbs/Textures/T_FireHydrant_N.uasset" 4384
"D:/UE_project/Blaster/Content/Assets/AnimeCitySuburbs/Textures/T_FireHydrant_N.uexp" 4385
"D:/UE_project/Blaster/Content/Assets/AnimeCitySuburbs/Textures/T_FireHydrant_E.ubulk" 4386
"D:/UE_project/Blaster/Content/Assets/AnimeCitySuburbs/Textures/T_FireHydrant_E.uasset" 4387
"D:/UE_project/Blaster/Content/Assets/AnimeCitySuburbs/Textures/T_FireHydrant_E.uexp" 4388
"D:/UE_project/Blaster/Content/Assets/AnimeCitySuburbs/Textures/T_FireHydrant_BC.ubulk" 4389
"D:/UE_project/Blaster/Content/Assets/AnimeCitySuburbs/Textures/T_FireHydrant_BC.uasset" 4390
"D:/UE_project/Blaster/Content/Assets/AnimeCitySuburbs/Textures/T_FireHydrant_BC.uexp" 4391
"D:/UE_project/Blaster/Content/Assets/AnimeCitySuburbs/Textures/T_FireHydrant_ORM.ubulk" 4392
"D:/UE_project/Blaster/Content/Assets/AnimeCitySuburbs/Textures/T_FireHydrant_ORM.uasset" 4393
"D:/UE_project/Blaster/Content/Assets/AnimeCitySuburbs/Textures/T_FireHydrant_ORM.uexp" 4394
"D:/UE_project/Blaster/Content/Assets/AnimeCitySuburbs/Materials/MI_Hydrant.uasset" 4395
"D:/UE_project/Blaster/Content/Assets/AnimeCitySuburbs/Materials/MI_Hydrant.uexp" 4396
"D:/UE_project/Blaster/Content/Assets/AnimeCitySuburbs/Models/Props/SM_FireHydrant.ubulk" 4397
"D:/UE_project/Blaster/Content/Assets/AnimeCitySuburbs/Models/Props/SM_FireHydrant.uasset" 4398
"D:/UE_project/Blaster/Content/Assets/AnimeCitySuburbs/Models/Props/SM_FireHydrant.uexp" 4399
"D:/UE_project/Blaster/Content/Assets/AnimeCitySuburbs/Models/BuildingPieces/SM_WallD_01.ubulk" 4400
"D:/UE_project/Blaster/Content/Assets/AnimeCitySuburbs/Models/BuildingPieces/SM_WallD_01.uasset" 4401
"D:/UE_project/Blaster/Content/Assets/AnimeCitySuburbs/Models/BuildingPieces/SM_WallD_01.uexp" 4402
"D:/UE_project/Blaster/Content/Assets/AnimeCitySuburbs/Models/Props/SM_PotPlant01.ubulk" 4403
"D:/UE_project/Blaster/Content/Assets/AnimeCitySuburbs/Models/Props/SM_PotPlant01.uasset" 4404
"D:/UE_project/Blaster/Content/Assets/AnimeCitySuburbs/Models/Props/SM_PotPlant01.uexp" 4405
"D:/UE_project/Blaster/Content/Assets/AnimeCitySuburbs/Models/SM_Water.ubulk" 4406
"D:/UE_project/Blaster/Content/Assets/AnimeCitySuburbs/Models/SM_Water.uasset" 4407
"D:/UE_project/Blaster/Content/Assets/AnimeCitySuburbs/Models/SM_Water.uexp" 4408
"D:/UE_project/Blaster/Content/Assets/AnimeCitySuburbs/Textures/T_Asphalt02_ORM.ubulk" 4409
"D:/UE_project/Blaster/Content/Assets/AnimeCitySuburbs/Textures/T_Asphalt02_ORM.uasset" 4410
"D:/UE_project/Blaster/Content/Assets/AnimeCitySuburbs/Textures/T_Asphalt02_ORM.uexp" 4411
"D:/UE_project/Blaster/Content/Assets/AnimeCitySuburbs/Textures/T_Asphalt02_N.ubulk" 4412
"D:/UE_project/Blaster/Content/Assets/AnimeCitySuburbs/Textures/T_Asphalt02_N.uasset" 4413
"D:/UE_project/Blaster/Content/Assets/AnimeCitySuburbs/Textures/T_Asphalt02_N.uexp" 4414
"D:/UE_project/Blaster/Content/Assets/AnimeCitySuburbs/Textures/T_Asphalt02_A.ubulk" 4415
"D:/UE_project/Blaster/Content/Assets/AnimeCitySuburbs/Textures/T_Asphalt02_A.uasset" 4416
"D:/UE_project/Blaster/Content/Assets/AnimeCitySuburbs/Textures/T_Asphalt02_A.uexp" 4417
"D:/UE_project/Blaster/Content/Assets/AnimeCitySuburbs/Materials/MI_Asphalt02.uasset" 4418
"D:/UE_project/Blaster/Content/Assets/AnimeCitySuburbs/Materials/MI_Asphalt02.uexp" 4419
"D:/UE_project/Blaster/Content/Assets/AnimeCitySuburbs/Models/BGBuildings/SM_Tower.ubulk" 4420
"D:/UE_project/Blaster/Content/Assets/AnimeCitySuburbs/Models/BGBuildings/SM_Tower.uasset" 4421
"D:/UE_project/Blaster/Content/Assets/AnimeCitySuburbs/Models/BGBuildings/SM_Tower.uexp" 4422
"D:/UE_project/Blaster/Content/Assets/AnimeCitySuburbs/Models/BuildingPieces/SM_Wall02a_corner.ubulk" 4423
"D:/UE_project/Blaster/Content/Assets/AnimeCitySuburbs/Models/BuildingPieces/SM_Wall02a_corner.uasset" 4424
"D:/UE_project/Blaster/Content/Assets/AnimeCitySuburbs/Models/BuildingPieces/SM_Wall02a_corner.uexp" 4425
"D:/UE_project/Blaster/Content/Assets/AnimeCitySuburbs/Materials/MI_Wood04.uasset" 4426
"D:/UE_project/Blaster/Content/Assets/AnimeCitySuburbs/Materials/MI_Wood04.uexp" 4427
"D:/UE_project/Blaster/Content/Assets/AnimeCitySuburbs/Models/Fence/SM_Fence06.ubulk" 4428
"D:/UE_project/Blaster/Content/Assets/AnimeCitySuburbs/Models/Fence/SM_Fence06.uasset" 4429
"D:/UE_project/Blaster/Content/Assets/AnimeCitySuburbs/Models/Fence/SM_Fence06.uexp" 4430
"D:/UE_project/Blaster/Content/Assets/AnimeCitySuburbs/Models/BuildingPieces/SM_Doors02.ubulk" 4431
"D:/UE_project/Blaster/Content/Assets/AnimeCitySuburbs/Models/BuildingPieces/SM_Doors02.uasset" 4432
"D:/UE_project/Blaster/Content/Assets/AnimeCitySuburbs/Models/BuildingPieces/SM_Doors02.uexp" 4433
"D:/UE_project/Blaster/Content/Assets/AnimeCitySuburbs/Models/Shop03/SM_Arcade.ubulk" 4434
"D:/UE_project/Blaster/Content/Assets/AnimeCitySuburbs/Models/Shop03/SM_Arcade.uasset" 4435
"D:/UE_project/Blaster/Content/Assets/AnimeCitySuburbs/Models/Shop03/SM_Arcade.uexp" 4436
"D:/UE_project/Blaster/Content/Assets/AnimeCitySuburbs/Models/BuildingPieces/SM_RoofB_01.ubulk" 4437
"D:/UE_project/Blaster/Content/Assets/AnimeCitySuburbs/Models/BuildingPieces/SM_RoofB_01.uasset" 4438
"D:/UE_project/Blaster/Content/Assets/AnimeCitySuburbs/Models/BuildingPieces/SM_RoofB_01.uexp" 4439
"D:/UE_project/Blaster/Content/Assets/AnimeCitySuburbs/Materials/M_WaterFountain.uasset" 4440
"D:/UE_project/Blaster/Content/Assets/AnimeCitySuburbs/Materials/M_WaterFountain.uexp" 4441
"D:/UE_project/Blaster/Content/Assets/AnimeCitySuburbs/Models/SM_waterFountain.ubulk" 4442
"D:/UE_project/Blaster/Content/Assets/AnimeCitySuburbs/Models/SM_waterFountain.uasset" 4443
"D:/UE_project/Blaster/Content/Assets/AnimeCitySuburbs/Models/SM_waterFountain.uexp" 4444
"D:/UE_project/Blaster/Content/Assets/AnimeCitySuburbs/Models/Vegetation/SM_Ivy3.ubulk" 4445
"D:/UE_project/Blaster/Content/Assets/AnimeCitySuburbs/Models/Vegetation/SM_Ivy3.uasset" 4446
"D:/UE_project/Blaster/Content/Assets/AnimeCitySuburbs/Models/Vegetation/SM_Ivy3.uexp" 4447
"D:/UE_project/Blaster/Content/Assets/AnimeCitySuburbs/Models/Lanterns/SM_Lantern3.ubulk" 4448
"D:/UE_project/Blaster/Content/Assets/AnimeCitySuburbs/Models/Lanterns/SM_Lantern3.uasset" 4449
"D:/UE_project/Blaster/Content/Assets/AnimeCitySuburbs/Models/Lanterns/SM_Lantern3.uexp" 4450
"D:/UE_project/Blaster/Content/Assets/AnimeCitySuburbs/Models/Road/SM_Road01_end.ubulk" 4451
"D:/UE_project/Blaster/Content/Assets/AnimeCitySuburbs/Models/Road/SM_Road01_end.uasset" 4452
"D:/UE_project/Blaster/Content/Assets/AnimeCitySuburbs/Models/Road/SM_Road01_end.uexp" 4453
"D:/UE_project/Blaster/Content/Assets/AnimeCitySuburbs/Models/RoadProps/SM_RoadBlock02.ubulk" 4454
"D:/UE_project/Blaster/Content/Assets/AnimeCitySuburbs/Models/RoadProps/SM_RoadBlock02.uasset" 4455
"D:/UE_project/Blaster/Content/Assets/AnimeCitySuburbs/Models/RoadProps/SM_RoadBlock02.uexp" 4456
"D:/UE_project/Blaster/Content/Assets/AnimeCitySuburbs/Textures/T_RepairSign_BC.ubulk" 4457
"D:/UE_project/Blaster/Content/Assets/AnimeCitySuburbs/Textures/T_RepairSign_BC.uasset" 4458
"D:/UE_project/Blaster/Content/Assets/AnimeCitySuburbs/Textures/T_RepairSign_BC.uexp" 4459
"D:/UE_project/Blaster/Content/Assets/AnimeCitySuburbs/Textures/T_RepairSign_E.ubulk" 4460
"D:/UE_project/Blaster/Content/Assets/AnimeCitySuburbs/Textures/T_RepairSign_E.uasset" 4461
"D:/UE_project/Blaster/Content/Assets/AnimeCitySuburbs/Textures/T_RepairSign_E.uexp" 4462
"D:/UE_project/Blaster/Content/Assets/AnimeCitySuburbs/Textures/T_RepairSign_N.ubulk" 4463
"D:/UE_project/Blaster/Content/Assets/AnimeCitySuburbs/Textures/T_RepairSign_N.uasset" 4464
"D:/UE_project/Blaster/Content/Assets/AnimeCitySuburbs/Textures/T_RepairSign_N.uexp" 4465
"D:/UE_project/Blaster/Content/Assets/AnimeCitySuburbs/Textures/T_RepairSign_ORM.ubulk" 4466
"D:/UE_project/Blaster/Content/Assets/AnimeCitySuburbs/Textures/T_RepairSign_ORM.uasset" 4467
"D:/UE_project/Blaster/Content/Assets/AnimeCitySuburbs/Textures/T_RepairSign_ORM.uexp" 4468
"D:/UE_project/Blaster/Content/Assets/AnimeCitySuburbs/Materials/MI_RepairsSign.uasset" 4469
"D:/UE_project/Blaster/Content/Assets/AnimeCitySuburbs/Materials/MI_RepairsSign.uexp" 4470
"D:/UE_project/Blaster/Content/Assets/AnimeCitySuburbs/Models/Repairs/SM_repairSign.ubulk" 4471
"D:/UE_project/Blaster/Content/Assets/AnimeCitySuburbs/Models/Repairs/SM_repairSign.uasset" 4472
"D:/UE_project/Blaster/Content/Assets/AnimeCitySuburbs/Models/Repairs/SM_repairSign.uexp" 4473
"D:/UE_project/Blaster/Content/Assets/AnimeCitySuburbs/Models/BuildingPieces/SM_BlockStairs.ubulk" 4474
"D:/UE_project/Blaster/Content/Assets/AnimeCitySuburbs/Models/BuildingPieces/SM_BlockStairs.uasset" 4475
"D:/UE_project/Blaster/Content/Assets/AnimeCitySuburbs/Models/BuildingPieces/SM_BlockStairs.uexp" 4476
"D:/UE_project/Blaster/Content/Assets/AnimeCitySuburbs/Textures/T_Flowerbed_N.ubulk" 4477
"D:/UE_project/Blaster/Content/Assets/AnimeCitySuburbs/Textures/T_Flowerbed_N.uasset" 4478
"D:/UE_project/Blaster/Content/Assets/AnimeCitySuburbs/Textures/T_Flowerbed_N.uexp" 4479
"D:/UE_project/Blaster/Content/Assets/AnimeCitySuburbs/Textures/T_Flowerbed_BC.ubulk" 4480
"D:/UE_project/Blaster/Content/Assets/AnimeCitySuburbs/Textures/T_Flowerbed_BC.uasset" 4481
"D:/UE_project/Blaster/Content/Assets/AnimeCitySuburbs/Textures/T_Flowerbed_BC.uexp" 4482
"D:/UE_project/Blaster/Content/Assets/AnimeCitySuburbs/Textures/T_Flowerbed_ORM.ubulk" 4483
"D:/UE_project/Blaster/Content/Assets/AnimeCitySuburbs/Textures/T_Flowerbed_ORM.uasset" 4484
"D:/UE_project/Blaster/Content/Assets/AnimeCitySuburbs/Textures/T_Flowerbed_ORM.uexp" 4485
"D:/UE_project/Blaster/Content/Assets/AnimeCitySuburbs/Textures/T_Flowerbed_E.ubulk" 4486
"D:/UE_project/Blaster/Content/Assets/AnimeCitySuburbs/Textures/T_Flowerbed_E.uasset" 4487
"D:/UE_project/Blaster/Content/Assets/AnimeCitySuburbs/Textures/T_Flowerbed_E.uexp" 4488
"D:/UE_project/Blaster/Content/Assets/AnimeCitySuburbs/Materials/MI_Flowerbed.uasset" 4489
"D:/UE_project/Blaster/Content/Assets/AnimeCitySuburbs/Materials/MI_Flowerbed.uexp" 4490
"D:/UE_project/Blaster/Content/Assets/AnimeCitySuburbs/Models/Props/SM_FlowerBed.ubulk" 4491
"D:/UE_project/Blaster/Content/Assets/AnimeCitySuburbs/Models/Props/SM_FlowerBed.uasset" 4492
"D:/UE_project/Blaster/Content/Assets/AnimeCitySuburbs/Models/Props/SM_FlowerBed.uexp" 4493
"D:/UE_project/Blaster/Content/Assets/AnimeCitySuburbs/Models/Shop03/SM_TrashCan.ubulk" 4494
"D:/UE_project/Blaster/Content/Assets/AnimeCitySuburbs/Models/Shop03/SM_TrashCan.uasset" 4495
"D:/UE_project/Blaster/Content/Assets/AnimeCitySuburbs/Models/Shop03/SM_TrashCan.uexp" 4496
"D:/UE_project/Blaster/Content/Assets/AnimeCitySuburbs/Models/BuildingPieces/SM_Pillar.ubulk" 4497
"D:/UE_project/Blaster/Content/Assets/AnimeCitySuburbs/Models/BuildingPieces/SM_Pillar.uasset" 4498
"D:/UE_project/Blaster/Content/Assets/AnimeCitySuburbs/Models/BuildingPieces/SM_Pillar.uexp" 4499
"D:/UE_project/Blaster/Content/Assets/AnimeCitySuburbs/Models/BuildingPieces/SM_WoodenFront.ubulk" 4500
"D:/UE_project/Blaster/Content/Assets/AnimeCitySuburbs/Models/BuildingPieces/SM_WoodenFront.uasset" 4501
"D:/UE_project/Blaster/Content/Assets/AnimeCitySuburbs/Models/BuildingPieces/SM_WoodenFront.uexp" 4502
"D:/UE_project/Blaster/Content/Assets/AnimeCitySuburbs/Models/BuildingPieces/SM_WallB_02.ubulk" 4503
"D:/UE_project/Blaster/Content/Assets/AnimeCitySuburbs/Models/BuildingPieces/SM_WallB_02.uasset" 4504
"D:/UE_project/Blaster/Content/Assets/AnimeCitySuburbs/Models/BuildingPieces/SM_WallB_02.uexp" 4505
"D:/UE_project/Blaster/Content/Assets/AnimeCitySuburbs/Models/Fence/SM_Fence05.ubulk" 4506
"D:/UE_project/Blaster/Content/Assets/AnimeCitySuburbs/Models/Fence/SM_Fence05.uasset" 4507
"D:/UE_project/Blaster/Content/Assets/AnimeCitySuburbs/Models/Fence/SM_Fence05.uexp" 4508
"D:/UE_project/Blaster/Content/Assets/AnimeCitySuburbs/Models/BuildingPieces/SM_RoofB_05.ubulk" 4509
"D:/UE_project/Blaster/Content/Assets/AnimeCitySuburbs/Models/BuildingPieces/SM_RoofB_05.uasset" 4510
"D:/UE_project/Blaster/Content/Assets/AnimeCitySuburbs/Models/BuildingPieces/SM_RoofB_05.uexp" 4511
"D:/UE_project/Blaster/Content/Assets/AnimeCitySuburbs/Models/SM_WaterBase.ubulk" 4512
"D:/UE_project/Blaster/Content/Assets/AnimeCitySuburbs/Models/SM_WaterBase.uasset" 4513
"D:/UE_project/Blaster/Content/Assets/AnimeCitySuburbs/Models/SM_WaterBase.uexp" 4514
"D:/UE_project/Blaster/Content/Assets/AnimeCitySuburbs/Models/BuildingPieces/SM_Wall01.ubulk" 4515
"D:/UE_project/Blaster/Content/Assets/AnimeCitySuburbs/Models/BuildingPieces/SM_Wall01.uasset" 4516
"D:/UE_project/Blaster/Content/Assets/AnimeCitySuburbs/Models/BuildingPieces/SM_Wall01.uexp" 4517
"D:/UE_project/Blaster/Content/Assets/AnimeCitySuburbs/Models/Props/SM_FlowerPot.ubulk" 4518
"D:/UE_project/Blaster/Content/Assets/AnimeCitySuburbs/Models/Props/SM_FlowerPot.uasset" 4519
"D:/UE_project/Blaster/Content/Assets/AnimeCitySuburbs/Models/Props/SM_FlowerPot.uexp" 4520
"D:/UE_project/Blaster/Content/Assets/AnimeCitySuburbs/Textures/T_Pavement02_A.ubulk" 4521
"D:/UE_project/Blaster/Content/Assets/AnimeCitySuburbs/Textures/T_Pavement02_A.uasset" 4522
"D:/UE_project/Blaster/Content/Assets/AnimeCitySuburbs/Textures/T_Pavement02_A.uexp" 4523
"D:/UE_project/Blaster/Content/Assets/AnimeCitySuburbs/Textures/T_Pavement02_N.ubulk" 4524
"D:/UE_project/Blaster/Content/Assets/AnimeCitySuburbs/Textures/T_Pavement02_N.uasset" 4525
"D:/UE_project/Blaster/Content/Assets/AnimeCitySuburbs/Textures/T_Pavement02_N.uexp" 4526
"D:/UE_project/Blaster/Content/Assets/AnimeCitySuburbs/Textures/T_Pavement02_ORM.ubulk" 4527
"D:/UE_project/Blaster/Content/Assets/AnimeCitySuburbs/Textures/T_Pavement02_ORM.uasset" 4528
"D:/UE_project/Blaster/Content/Assets/AnimeCitySuburbs/Textures/T_Pavement02_ORM.uexp" 4529
"D:/UE_project/Blaster/Content/Assets/AnimeCitySuburbs/Materials/MI_Pavement02.uasset" 4530
"D:/UE_project/Blaster/Content/Assets/AnimeCitySuburbs/Materials/MI_Pavement02.uexp" 4531
"D:/UE_project/Blaster/Content/Assets/AnimeCitySuburbs/Models/Decals/SM_StreetMarkings_Arrow2.ubulk" 4532
"D:/UE_project/Blaster/Content/Assets/AnimeCitySuburbs/Models/Decals/SM_StreetMarkings_Arrow2.uasset" 4533
"D:/UE_project/Blaster/Content/Assets/AnimeCitySuburbs/Models/Decals/SM_StreetMarkings_Arrow2.uexp" 4534
"D:/UE_project/Blaster/Content/Assets/AnimeCitySuburbs/Models/Road/SM_RoadBarrier_end.ubulk" 4535
"D:/UE_project/Blaster/Content/Assets/AnimeCitySuburbs/Models/Road/SM_RoadBarrier_end.uasset" 4536
"D:/UE_project/Blaster/Content/Assets/AnimeCitySuburbs/Models/Road/SM_RoadBarrier_end.uexp" 4537
"D:/UE_project/Blaster/Content/Assets/AnimeCitySuburbs/Materials/M_BGB2.uasset" 4538
"D:/UE_project/Blaster/Content/Assets/AnimeCitySuburbs/Materials/M_BGB2.uexp" 4539
"D:/UE_project/Blaster/Content/Assets/AnimeCitySuburbs/Models/BuildingPieces/SM_Passage.ubulk" 4540
"D:/UE_project/Blaster/Content/Assets/AnimeCitySuburbs/Models/BuildingPieces/SM_Passage.uasset" 4541
"D:/UE_project/Blaster/Content/Assets/AnimeCitySuburbs/Models/BuildingPieces/SM_Passage.uexp" 4542
"D:/UE_project/Blaster/Content/Assets/AnimeCitySuburbs/Models/Repairs/SM_VanBumper.ubulk" 4543
"D:/UE_project/Blaster/Content/Assets/AnimeCitySuburbs/Models/Repairs/SM_VanBumper.uasset" 4544
"D:/UE_project/Blaster/Content/Assets/AnimeCitySuburbs/Models/Repairs/SM_VanBumper.uexp" 4545
"D:/UE_project/Blaster/Content/Assets/AnimeCitySuburbs/Materials/MI_Leaves02.uasset" 4546
"D:/UE_project/Blaster/Content/Assets/AnimeCitySuburbs/Materials/MI_Leaves02.uexp" 4547
"D:/UE_project/Blaster/Content/Assets/AnimeCitySuburbs/Models/Vegetation/SM_tree02.ubulk" 4548
"D:/UE_project/Blaster/Content/Assets/AnimeCitySuburbs/Models/Vegetation/SM_tree02.uasset" 4549
"D:/UE_project/Blaster/Content/Assets/AnimeCitySuburbs/Models/Vegetation/SM_tree02.uexp" 4550
"D:/UE_project/Blaster/Content/Assets/AnimeCitySuburbs/Textures/T_Lamp2_N.ubulk" 4551
"D:/UE_project/Blaster/Content/Assets/AnimeCitySuburbs/Textures/T_Lamp2_N.uasset" 4552
"D:/UE_project/Blaster/Content/Assets/AnimeCitySuburbs/Textures/T_Lamp2_N.uexp" 4553
"D:/UE_project/Blaster/Content/Assets/AnimeCitySuburbs/Textures/T_Lamp2_ORM.ubulk" 4554
"D:/UE_project/Blaster/Content/Assets/AnimeCitySuburbs/Textures/T_Lamp2_ORM.uasset" 4555
"D:/UE_project/Blaster/Content/Assets/AnimeCitySuburbs/Textures/T_Lamp2_ORM.uexp" 4556
"D:/UE_project/Blaster/Content/Assets/AnimeCitySuburbs/Textures/T_Lamp2_BC.ubulk" 4557
"D:/UE_project/Blaster/Content/Assets/AnimeCitySuburbs/Textures/T_Lamp2_BC.uasset" 4558
"D:/UE_project/Blaster/Content/Assets/AnimeCitySuburbs/Textures/T_Lamp2_BC.uexp" 4559
"D:/UE_project/Blaster/Content/Assets/AnimeCitySuburbs/Textures/T_Lamp2_E.ubulk" 4560
"D:/UE_project/Blaster/Content/Assets/AnimeCitySuburbs/Textures/T_Lamp2_E.uasset" 4561
"D:/UE_project/Blaster/Content/Assets/AnimeCitySuburbs/Textures/T_Lamp2_E.uexp" 4562
"D:/UE_project/Blaster/Content/Assets/AnimeCitySuburbs/Materials/MI_Lamp2.uasset" 4563
"D:/UE_project/Blaster/Content/Assets/AnimeCitySuburbs/Materials/MI_Lamp2.uexp" 4564
"D:/UE_project/Blaster/Content/Assets/AnimeCitySuburbs/Models/Props/SM_Lamp2.ubulk" 4565
"D:/UE_project/Blaster/Content/Assets/AnimeCitySuburbs/Models/Props/SM_Lamp2.uasset" 4566
"D:/UE_project/Blaster/Content/Assets/AnimeCitySuburbs/Models/Props/SM_Lamp2.uexp" 4567
"D:/UE_project/Blaster/Content/Assets/AnimeCitySuburbs/Models/BuildingPieces/SM_WallH_02.ubulk" 4568
"D:/UE_project/Blaster/Content/Assets/AnimeCitySuburbs/Models/BuildingPieces/SM_WallH_02.uasset" 4569
"D:/UE_project/Blaster/Content/Assets/AnimeCitySuburbs/Models/BuildingPieces/SM_WallH_02.uexp" 4570
"D:/UE_project/Blaster/Content/Assets/AnimeCitySuburbs/Materials/MI_ParkGrass.uasset" 4571
"D:/UE_project/Blaster/Content/Assets/AnimeCitySuburbs/Materials/MI_ParkGrass.uexp" 4572
"D:/UE_project/Blaster/Content/Assets/AnimeCitySuburbs/Textures/Vehicles/T_PoliceLights_BC.ubulk" 4573
"D:/UE_project/Blaster/Content/Assets/AnimeCitySuburbs/Textures/Vehicles/T_PoliceLights_BC.uasset" 4574
"D:/UE_project/Blaster/Content/Assets/AnimeCitySuburbs/Textures/Vehicles/T_PoliceLights_BC.uexp" 4575
"D:/UE_project/Blaster/Content/Assets/AnimeCitySuburbs/Textures/Vehicles/T_PoliceLights_N.ubulk" 4576
"D:/UE_project/Blaster/Content/Assets/AnimeCitySuburbs/Textures/Vehicles/T_PoliceLights_N.uasset" 4577
"D:/UE_project/Blaster/Content/Assets/AnimeCitySuburbs/Textures/Vehicles/T_PoliceLights_N.uexp" 4578
"D:/UE_project/Blaster/Content/Assets/AnimeCitySuburbs/Textures/Vehicles/T_PoliceLights_E.ubulk" 4579
"D:/UE_project/Blaster/Content/Assets/AnimeCitySuburbs/Textures/Vehicles/T_PoliceLights_E.uasset" 4580
"D:/UE_project/Blaster/Content/Assets/AnimeCitySuburbs/Textures/Vehicles/T_PoliceLights_E.uexp" 4581
"D:/UE_project/Blaster/Content/Assets/AnimeCitySuburbs/Textures/Vehicles/T_PoliceLights_ORM.ubulk" 4582
"D:/UE_project/Blaster/Content/Assets/AnimeCitySuburbs/Textures/Vehicles/T_PoliceLights_ORM.uasset" 4583
"D:/UE_project/Blaster/Content/Assets/AnimeCitySuburbs/Textures/Vehicles/T_PoliceLights_ORM.uexp" 4584
"D:/UE_project/Blaster/Content/Assets/AnimeCitySuburbs/Materials/M_PoliceLights_Blue.uasset" 4585
"D:/UE_project/Blaster/Content/Assets/AnimeCitySuburbs/Materials/M_PoliceLights_Blue.uexp" 4586
"D:/UE_project/Blaster/Content/Assets/AnimeCitySuburbs/Models/Vehicles/SM_PoliceLights2.ubulk" 4587
"D:/UE_project/Blaster/Content/Assets/AnimeCitySuburbs/Models/Vehicles/SM_PoliceLights2.uasset" 4588
"D:/UE_project/Blaster/Content/Assets/AnimeCitySuburbs/Models/Vehicles/SM_PoliceLights2.uexp" 4589
"D:/UE_project/Blaster/Content/Assets/AnimeCitySuburbs/Textures/Vehicles/T_CarPolice_BC.ubulk" 4590
"D:/UE_project/Blaster/Content/Assets/AnimeCitySuburbs/Textures/Vehicles/T_CarPolice_BC.uasset" 4591
"D:/UE_project/Blaster/Content/Assets/AnimeCitySuburbs/Textures/Vehicles/T_CarPolice_BC.uexp" 4592
"D:/UE_project/Blaster/Content/Assets/AnimeCitySuburbs/Materials/MI_Car2.uasset" 4593
"D:/UE_project/Blaster/Content/Assets/AnimeCitySuburbs/Materials/MI_Car2.uexp" 4594
"D:/UE_project/Blaster/Content/Assets/AnimeCitySuburbs/Models/Vehicles/SM_PoliceCar.ubulk" 4595
"D:/UE_project/Blaster/Content/Assets/AnimeCitySuburbs/Models/Vehicles/SM_PoliceCar.uasset" 4596
"D:/UE_project/Blaster/Content/Assets/AnimeCitySuburbs/Models/Vehicles/SM_PoliceCar.uexp" 4597
"D:/UE_project/Blaster/Content/Assets/AnimeCitySuburbs/Materials/MI_PoliceLights_Red.uasset" 4598
"D:/UE_project/Blaster/Content/Assets/AnimeCitySuburbs/Materials/MI_PoliceLights_Red.uexp" 4599
"D:/UE_project/Blaster/Content/Assets/AnimeCitySuburbs/Models/Vehicles/SM_PoliceLights1.ubulk" 4600
"D:/UE_project/Blaster/Content/Assets/AnimeCitySuburbs/Models/Vehicles/SM_PoliceLights1.uasset" 4601
"D:/UE_project/Blaster/Content/Assets/AnimeCitySuburbs/Models/Vehicles/SM_PoliceLights1.uexp" 4602
"D:/UE_project/Blaster/Content/Assets/AnimeCitySuburbs/Materials/MI_PoliceLights.uasset" 4603
"D:/UE_project/Blaster/Content/Assets/AnimeCitySuburbs/Materials/MI_PoliceLights.uexp" 4604
"D:/UE_project/Blaster/Content/Assets/AnimeCitySuburbs/Models/Vehicles/SM_PoliceLights.ubulk" 4605
"D:/UE_project/Blaster/Content/Assets/AnimeCitySuburbs/Models/Vehicles/SM_PoliceLights.uasset" 4606
"D:/UE_project/Blaster/Content/Assets/AnimeCitySuburbs/Models/Vehicles/SM_PoliceLights.uexp" 4607
"D:/UE_project/Blaster/Content/Assets/AnimeCitySuburbs/Blueprints/Vehicles/BP_PoliceCar.uasset" 4608
"D:/UE_project/Blaster/Content/Assets/AnimeCitySuburbs/Blueprints/Vehicles/BP_PoliceCar.uexp" 4609
"D:/UE_project/Blaster/Content/Assets/AnimeCitySuburbs/Textures/T_poster3_BC.ubulk" 4610
"D:/UE_project/Blaster/Content/Assets/AnimeCitySuburbs/Textures/T_poster3_BC.uasset" 4611
"D:/UE_project/Blaster/Content/Assets/AnimeCitySuburbs/Textures/T_poster3_BC.uexp" 4612
"D:/UE_project/Blaster/Content/Assets/AnimeCitySuburbs/Materials/M_Signs4.uasset" 4613
"D:/UE_project/Blaster/Content/Assets/AnimeCitySuburbs/Materials/M_Signs4.uexp" 4614
"D:/UE_project/Blaster/Content/Assets/AnimeCitySuburbs/Models/Road/SM_Road01.ubulk" 4615
"D:/UE_project/Blaster/Content/Assets/AnimeCitySuburbs/Models/Road/SM_Road01.uasset" 4616
"D:/UE_project/Blaster/Content/Assets/AnimeCitySuburbs/Models/Road/SM_Road01.uexp" 4617
"D:/UE_project/Blaster/Content/Assets/AnimeCitySuburbs/Models/BuildingPieces/SM_RoofD_01.ubulk" 4618
"D:/UE_project/Blaster/Content/Assets/AnimeCitySuburbs/Models/BuildingPieces/SM_RoofD_01.uasset" 4619
"D:/UE_project/Blaster/Content/Assets/AnimeCitySuburbs/Models/BuildingPieces/SM_RoofD_01.uexp" 4620
"D:/UE_project/Blaster/Content/Assets/AnimeCitySuburbs/Models/Road/SM_Sidewalk01_90_inner.ubulk" 4621
"D:/UE_project/Blaster/Content/Assets/AnimeCitySuburbs/Models/Road/SM_Sidewalk01_90_inner.uasset" 4622
"D:/UE_project/Blaster/Content/Assets/AnimeCitySuburbs/Models/Road/SM_Sidewalk01_90_inner.uexp" 4623
"D:/UE_project/Blaster/Content/Assets/AnimeCitySuburbs/Textures/T_Plastic_N.ubulk" 4624
"D:/UE_project/Blaster/Content/Assets/AnimeCitySuburbs/Textures/T_Plastic_N.uasset" 4625
"D:/UE_project/Blaster/Content/Assets/AnimeCitySuburbs/Textures/T_Plastic_N.uexp" 4626
"D:/UE_project/Blaster/Content/Assets/AnimeCitySuburbs/Textures/T_Plastic_ORM.ubulk" 4627
"D:/UE_project/Blaster/Content/Assets/AnimeCitySuburbs/Textures/T_Plastic_ORM.uasset" 4628
"D:/UE_project/Blaster/Content/Assets/AnimeCitySuburbs/Textures/T_Plastic_ORM.uexp" 4629
"D:/UE_project/Blaster/Content/Assets/AnimeCitySuburbs/Textures/T_Plastic_BC.ubulk" 4630
"D:/UE_project/Blaster/Content/Assets/AnimeCitySuburbs/Textures/T_Plastic_BC.uasset" 4631
"D:/UE_project/Blaster/Content/Assets/AnimeCitySuburbs/Textures/T_Plastic_BC.uexp" 4632
"D:/UE_project/Blaster/Content/Assets/AnimeCitySuburbs/Materials/MI_PlasticWhite1.uasset" 4633
"D:/UE_project/Blaster/Content/Assets/AnimeCitySuburbs/Materials/MI_PlasticWhite1.uexp" 4634
"D:/UE_project/Blaster/Content/Assets/AnimeCitySuburbs/Materials/MI_PlasticWhite.uasset" 4635
"D:/UE_project/Blaster/Content/Assets/AnimeCitySuburbs/Materials/MI_PlasticWhite.uexp" 4636
"D:/UE_project/Blaster/Content/Assets/AnimeCitySuburbs/Models/Props/SM_Table.ubulk" 4637
"D:/UE_project/Blaster/Content/Assets/AnimeCitySuburbs/Models/Props/SM_Table.uasset" 4638
"D:/UE_project/Blaster/Content/Assets/AnimeCitySuburbs/Models/Props/SM_Table.uexp" 4639
"D:/UE_project/Blaster/Content/Assets/AnimeCitySuburbs/Models/BuildingPieces/SM_Wall03.ubulk" 4640
"D:/UE_project/Blaster/Content/Assets/AnimeCitySuburbs/Models/BuildingPieces/SM_Wall03.uasset" 4641
"D:/UE_project/Blaster/Content/Assets/AnimeCitySuburbs/Models/BuildingPieces/SM_Wall03.uexp" 4642
"D:/UE_project/Blaster/Content/Assets/AnimeCitySuburbs/Models/BuildingPieces/SM_WallD_02.ubulk" 4643
"D:/UE_project/Blaster/Content/Assets/AnimeCitySuburbs/Models/BuildingPieces/SM_WallD_02.uasset" 4644
"D:/UE_project/Blaster/Content/Assets/AnimeCitySuburbs/Models/BuildingPieces/SM_WallD_02.uexp" 4645
"D:/UE_project/Blaster/Content/Assets/AnimeCitySuburbs/Textures/T_SignTEch_N.ubulk" 4646
"D:/UE_project/Blaster/Content/Assets/AnimeCitySuburbs/Textures/T_SignTEch_N.uasset" 4647
"D:/UE_project/Blaster/Content/Assets/AnimeCitySuburbs/Textures/T_SignTEch_N.uexp" 4648
"D:/UE_project/Blaster/Content/Assets/AnimeCitySuburbs/Textures/T_SignTEch_E.ubulk" 4649
"D:/UE_project/Blaster/Content/Assets/AnimeCitySuburbs/Textures/T_SignTEch_E.uasset" 4650
"D:/UE_project/Blaster/Content/Assets/AnimeCitySuburbs/Textures/T_SignTEch_E.uexp" 4651
"D:/UE_project/Blaster/Content/Assets/AnimeCitySuburbs/Textures/T_SignTEch_BC.ubulk" 4652
"D:/UE_project/Blaster/Content/Assets/AnimeCitySuburbs/Textures/T_SignTEch_BC.uasset" 4653
"D:/UE_project/Blaster/Content/Assets/AnimeCitySuburbs/Textures/T_SignTEch_BC.uexp" 4654
"D:/UE_project/Blaster/Content/Assets/AnimeCitySuburbs/Materials/MI_TechLogo.uasset" 4655
"D:/UE_project/Blaster/Content/Assets/AnimeCitySuburbs/Materials/MI_TechLogo.uexp" 4656
"D:/UE_project/Blaster/Content/Assets/AnimeCitySuburbs/Models/Props/SM_sign_tech.ubulk" 4657
"D:/UE_project/Blaster/Content/Assets/AnimeCitySuburbs/Models/Props/SM_sign_tech.uasset" 4658
"D:/UE_project/Blaster/Content/Assets/AnimeCitySuburbs/Models/Props/SM_sign_tech.uexp" 4659
"D:/UE_project/Blaster/Content/Assets/AnimeCitySuburbs/Textures/T_QuackSignFlat.ubulk" 4660
"D:/UE_project/Blaster/Content/Assets/AnimeCitySuburbs/Textures/T_QuackSignFlat.uasset" 4661
"D:/UE_project/Blaster/Content/Assets/AnimeCitySuburbs/Textures/T_QuackSignFlat.uexp" 4662
"D:/UE_project/Blaster/Content/Assets/AnimeCitySuburbs/Materials/MI_grafitti5_Inst.uasset" 4663
"D:/UE_project/Blaster/Content/Assets/AnimeCitySuburbs/Materials/MI_grafitti5_Inst.uexp" 4664
"D:/UE_project/Blaster/Content/Assets/MilitaryWeapSilver/Weapons/AssaultRifleA_Ammo.ubulk" 4665
"D:/UE_project/Blaster/Content/Assets/MilitaryWeapSilver/Weapons/AssaultRifleA_Ammo.uasset" 4666
"D:/UE_project/Blaster/Content/Assets/MilitaryWeapSilver/Weapons/AssaultRifleA_Ammo.uexp" 4667
"D:/UE_project/Blaster/Content/Blueprint/Weapon/Casings/BP_Casing.uasset" 4668
"D:/UE_project/Blaster/Content/Blueprint/Weapon/Casings/BP_Casing.uexp" 4669
"D:/UE_project/Blaster/Content/Assets/MilitaryWeapSilver/Weapons/Textures/Sniper_Rifle_A_Norm.ubulk" 4670
"D:/UE_project/Blaster/Content/Assets/MilitaryWeapSilver/Weapons/Textures/Sniper_Rifle_A_Norm.uasset" 4671
"D:/UE_project/Blaster/Content/Assets/MilitaryWeapSilver/Weapons/Textures/Sniper_Rifle_A_Norm.uexp" 4672
"D:/UE_project/Blaster/Content/Assets/MilitaryWeapSilver/Weapons/Textures/Sniper_Rifle_A_Diff.ubulk" 4673
"D:/UE_project/Blaster/Content/Assets/MilitaryWeapSilver/Weapons/Textures/Sniper_Rifle_A_Diff.uasset" 4674
"D:/UE_project/Blaster/Content/Assets/MilitaryWeapSilver/Weapons/Textures/Sniper_Rifle_A_Diff.uexp" 4675
"D:/UE_project/Blaster/Content/Assets/MilitaryWeapSilver/Weapons/Textures/Sniper_Rifle_A_Masks.ubulk" 4676
"D:/UE_project/Blaster/Content/Assets/MilitaryWeapSilver/Weapons/Textures/Sniper_Rifle_A_Masks.uasset" 4677
"D:/UE_project/Blaster/Content/Assets/MilitaryWeapSilver/Weapons/Textures/Sniper_Rifle_A_Masks.uexp" 4678
"D:/UE_project/Blaster/Content/Assets/MilitaryWeapSilver/Weapons/Materials/M_SniperRifle_01.uasset" 4679
"D:/UE_project/Blaster/Content/Assets/MilitaryWeapSilver/Weapons/Materials/M_SniperRifle_01.uexp" 4680
"D:/UE_project/Blaster/Content/Assets/MilitaryWeapSilver/Weapons/Sniper_Rifle_A_Skeleton.uasset" 4681
"D:/UE_project/Blaster/Content/Assets/MilitaryWeapSilver/Weapons/Sniper_Rifle_A_Skeleton.uexp" 4682
"D:/UE_project/Blaster/Content/Assets/MilitaryWeapSilver/Weapons/Sniper_Rifle_A_PhysicsAsset.uasset" 4683
"D:/UE_project/Blaster/Content/Assets/MilitaryWeapSilver/Weapons/Sniper_Rifle_A_PhysicsAsset.uexp" 4684
"D:/UE_project/Blaster/Content/Assets/MilitaryWeapSilver/Weapons/Sniper_Rifle_A.uasset" 4685
"D:/UE_project/Blaster/Content/Assets/MilitaryWeapSilver/Weapons/Sniper_Rifle_A.uexp" 4686
"D:/UE_project/Blaster/Content/Assets/MilitaryWeapSilver/FX/Textures/T_AssaultRifle_MuzzleFlashes_01.ubulk" 4687
"D:/UE_project/Blaster/Content/Assets/MilitaryWeapSilver/FX/Textures/T_AssaultRifle_MuzzleFlashes_01.uasset" 4688
"D:/UE_project/Blaster/Content/Assets/MilitaryWeapSilver/FX/Textures/T_AssaultRifle_MuzzleFlashes_01.uexp" 4689
"D:/UE_project/Blaster/Content/Assets/MilitaryWeapSilver/FX/Materials/M_AssaultRifle_MuzzleFlash_4x1.uasset" 4690
"D:/UE_project/Blaster/Content/Assets/MilitaryWeapSilver/FX/Materials/M_AssaultRifle_MuzzleFlash_4x1.uexp" 4691
"D:/UE_project/Blaster/Content/Assets/MilitaryWeapSilver/FX/P_AssaultRifle_MuzzleFlash.uasset" 4692
"D:/UE_project/Blaster/Content/Assets/MilitaryWeapSilver/FX/P_AssaultRifle_MuzzleFlash.uexp" 4693
"D:/UE_project/Blaster/Content/Assets/MilitaryWeapSilver/Sound/SniperRifle/Wavs/SniperRifleA_Fire_ST03.ubulk" 4694
"D:/UE_project/Blaster/Content/Assets/MilitaryWeapSilver/Sound/SniperRifle/Wavs/SniperRifleA_Fire_ST03.uasset" 4695
"D:/UE_project/Blaster/Content/Assets/MilitaryWeapSilver/Sound/SniperRifle/Wavs/SniperRifleA_Fire_ST03.uexp" 4696
"D:/UE_project/Blaster/Content/Assets/MilitaryWeapSilver/Sound/SniperRifle/Wavs/SniperRifleA_Fire02.ubulk" 4697
"D:/UE_project/Blaster/Content/Assets/MilitaryWeapSilver/Sound/SniperRifle/Wavs/SniperRifleA_Fire02.uasset" 4698
"D:/UE_project/Blaster/Content/Assets/MilitaryWeapSilver/Sound/SniperRifle/Wavs/SniperRifleA_Fire02.uexp" 4699
"D:/UE_project/Blaster/Content/Assets/MilitaryWeapSilver/Sound/SniperRifle/Wavs/SniperRifleA_Fire_ST04.ubulk" 4700
"D:/UE_project/Blaster/Content/Assets/MilitaryWeapSilver/Sound/SniperRifle/Wavs/SniperRifleA_Fire_ST04.uasset" 4701
"D:/UE_project/Blaster/Content/Assets/MilitaryWeapSilver/Sound/SniperRifle/Wavs/SniperRifleA_Fire_ST04.uexp" 4702
"D:/UE_project/Blaster/Content/Assets/MilitaryWeapSilver/Sound/SniperRifle/Wavs/SniperRifleA_Fire_ST01.ubulk" 4703
"D:/UE_project/Blaster/Content/Assets/MilitaryWeapSilver/Sound/SniperRifle/Wavs/SniperRifleA_Fire_ST01.uasset" 4704
"D:/UE_project/Blaster/Content/Assets/MilitaryWeapSilver/Sound/SniperRifle/Wavs/SniperRifleA_Fire_ST01.uexp" 4705
"D:/UE_project/Blaster/Content/Assets/MilitaryWeapSilver/Sound/SniperRifle/Wavs/SniperRifleA_Fire04.ubulk" 4706
"D:/UE_project/Blaster/Content/Assets/MilitaryWeapSilver/Sound/SniperRifle/Wavs/SniperRifleA_Fire04.uasset" 4707
"D:/UE_project/Blaster/Content/Assets/MilitaryWeapSilver/Sound/SniperRifle/Wavs/SniperRifleA_Fire04.uexp" 4708
"D:/UE_project/Blaster/Content/Assets/MilitaryWeapSilver/Sound/SniperRifle/Wavs/SniperRifleA_Fire_ST02.ubulk" 4709
"D:/UE_project/Blaster/Content/Assets/MilitaryWeapSilver/Sound/SniperRifle/Wavs/SniperRifleA_Fire_ST02.uasset" 4710
"D:/UE_project/Blaster/Content/Assets/MilitaryWeapSilver/Sound/SniperRifle/Wavs/SniperRifleA_Fire_ST02.uexp" 4711
"D:/UE_project/Blaster/Content/Assets/MilitaryWeapSilver/Sound/SniperRifle/Wavs/SniperRifleA_Fire03.ubulk" 4712
"D:/UE_project/Blaster/Content/Assets/MilitaryWeapSilver/Sound/SniperRifle/Wavs/SniperRifleA_Fire03.uasset" 4713
"D:/UE_project/Blaster/Content/Assets/MilitaryWeapSilver/Sound/SniperRifle/Wavs/SniperRifleA_Fire03.uexp" 4714
"D:/UE_project/Blaster/Content/Assets/MilitaryWeapSilver/Sound/SniperRifle/Wavs/SniperRifleA_Fire01.ubulk" 4715
"D:/UE_project/Blaster/Content/Assets/MilitaryWeapSilver/Sound/SniperRifle/Wavs/SniperRifleA_Fire01.uasset" 4716
"D:/UE_project/Blaster/Content/Assets/MilitaryWeapSilver/Sound/SniperRifle/Wavs/SniperRifleA_Fire01.uexp" 4717
"D:/UE_project/Blaster/Content/Assets/MilitaryWeapSilver/Sound/SniperRifle/Cues/SniperRifleA_Fire_Cue.uasset" 4718
"D:/UE_project/Blaster/Content/Assets/MilitaryWeapSilver/Sound/SniperRifle/Cues/SniperRifleA_Fire_Cue.uexp" 4719
"D:/UE_project/Blaster/Content/Assets/MilitaryWeapSilver/Weapons/Animations/Fire_SniperRifle_W.uasset" 4720
"D:/UE_project/Blaster/Content/Assets/MilitaryWeapSilver/Weapons/Animations/Fire_SniperRifle_W.uexp" 4721
"D:/UE_project/Blaster/Content/Assets/MilitaryWeapSilver/Sound/SniperRifle/Wavs/SniperRifle_ImpactSurface01.ubulk" 4722
"D:/UE_project/Blaster/Content/Assets/MilitaryWeapSilver/Sound/SniperRifle/Wavs/SniperRifle_ImpactSurface01.uasset" 4723
"D:/UE_project/Blaster/Content/Assets/MilitaryWeapSilver/Sound/SniperRifle/Wavs/SniperRifle_ImpactSurface01.uexp" 4724
"D:/UE_project/Blaster/Content/Assets/MilitaryWeapSilver/Sound/SniperRifle/Cues/SniperRifle_ImpactSurface_Cue.uasset" 4725
"D:/UE_project/Blaster/Content/Assets/MilitaryWeapSilver/Sound/SniperRifle/Cues/SniperRifle_ImpactSurface_Cue.uexp" 4726
"D:/UE_project/Blaster/Content/Blueprint/Weapon/BP_SniperRifle.uasset" 4727
"D:/UE_project/Blaster/Content/Blueprint/Weapon/BP_SniperRifle.uexp" 4728
"D:/UE_project/Blaster/Content/Assets/MilitaryWeapSilver/FX/P_Impact_Metal_Small_01.uasset" 4729
"D:/UE_project/Blaster/Content/Assets/MilitaryWeapSilver/FX/P_Impact_Metal_Small_01.uexp" 4730
"D:/UE_project/Blaster/Content/Assets/MilitaryWeapSilver/Weapons/Shotgun_A_Skeleton.uasset" 4731
"D:/UE_project/Blaster/Content/Assets/MilitaryWeapSilver/Weapons/Shotgun_A_Skeleton.uexp" 4732
"D:/UE_project/Blaster/Content/Assets/MilitaryWeapSilver/Weapons/Shotgun_A_PhysicsAsset.uasset" 4733
"D:/UE_project/Blaster/Content/Assets/MilitaryWeapSilver/Weapons/Shotgun_A_PhysicsAsset.uexp" 4734
"D:/UE_project/Blaster/Content/Assets/MilitaryWeapSilver/Weapons/Textures/Shotgun_A_Diff.ubulk" 4735
"D:/UE_project/Blaster/Content/Assets/MilitaryWeapSilver/Weapons/Textures/Shotgun_A_Diff.uasset" 4736
"D:/UE_project/Blaster/Content/Assets/MilitaryWeapSilver/Weapons/Textures/Shotgun_A_Diff.uexp" 4737
"D:/UE_project/Blaster/Content/Assets/MilitaryWeapSilver/Weapons/Textures/Shotgun_A_Masks.ubulk" 4738
"D:/UE_project/Blaster/Content/Assets/MilitaryWeapSilver/Weapons/Textures/Shotgun_A_Masks.uasset" 4739
"D:/UE_project/Blaster/Content/Assets/MilitaryWeapSilver/Weapons/Textures/Shotgun_A_Masks.uexp" 4740
"D:/UE_project/Blaster/Content/Assets/MilitaryWeapSilver/Weapons/Textures/Shotgun_A_Norm.ubulk" 4741
"D:/UE_project/Blaster/Content/Assets/MilitaryWeapSilver/Weapons/Textures/Shotgun_A_Norm.uasset" 4742
"D:/UE_project/Blaster/Content/Assets/MilitaryWeapSilver/Weapons/Textures/Shotgun_A_Norm.uexp" 4743
"D:/UE_project/Blaster/Content/Assets/MilitaryWeapSilver/Weapons/Materials/M_Shotgun_01.uasset" 4744
"D:/UE_project/Blaster/Content/Assets/MilitaryWeapSilver/Weapons/Materials/M_Shotgun_01.uexp" 4745
"D:/UE_project/Blaster/Content/Assets/MilitaryWeapSilver/Weapons/Shotgun_A.uasset" 4746
"D:/UE_project/Blaster/Content/Assets/MilitaryWeapSilver/Weapons/Shotgun_A.uexp" 4747
"D:/UE_project/Blaster/Content/Assets/MilitaryWeapSilver/Sound/Shotgun/Wavs/Shotgun_ImpactSurface02.ubulk" 4748
"D:/UE_project/Blaster/Content/Assets/MilitaryWeapSilver/Sound/Shotgun/Wavs/Shotgun_ImpactSurface02.uasset" 4749
"D:/UE_project/Blaster/Content/Assets/MilitaryWeapSilver/Sound/Shotgun/Wavs/Shotgun_ImpactSurface02.uexp" 4750
"D:/UE_project/Blaster/Content/Assets/MilitaryWeapSilver/Sound/Shotgun/Wavs/Shotgun_ImpactSurface04.ubulk" 4751
"D:/UE_project/Blaster/Content/Assets/MilitaryWeapSilver/Sound/Shotgun/Wavs/Shotgun_ImpactSurface04.uasset" 4752
"D:/UE_project/Blaster/Content/Assets/MilitaryWeapSilver/Sound/Shotgun/Wavs/Shotgun_ImpactSurface04.uexp" 4753
"D:/UE_project/Blaster/Content/Assets/MilitaryWeapSilver/Sound/Shotgun/Wavs/Shotgun_ImpactSurface01.ubulk" 4754
"D:/UE_project/Blaster/Content/Assets/MilitaryWeapSilver/Sound/Shotgun/Wavs/Shotgun_ImpactSurface01.uasset" 4755
"D:/UE_project/Blaster/Content/Assets/MilitaryWeapSilver/Sound/Shotgun/Wavs/Shotgun_ImpactSurface01.uexp" 4756
"D:/UE_project/Blaster/Content/Assets/MilitaryWeapSilver/Sound/Shotgun/Wavs/Shotgun_ImpactSurface03.ubulk" 4757
"D:/UE_project/Blaster/Content/Assets/MilitaryWeapSilver/Sound/Shotgun/Wavs/Shotgun_ImpactSurface03.uasset" 4758
"D:/UE_project/Blaster/Content/Assets/MilitaryWeapSilver/Sound/Shotgun/Wavs/Shotgun_ImpactSurface03.uexp" 4759
"D:/UE_project/Blaster/Content/Assets/MilitaryWeapSilver/Sound/Shotgun/Cues/Shotgun_ImpactSurface_Cue.uasset" 4760
"D:/UE_project/Blaster/Content/Assets/MilitaryWeapSilver/Sound/Shotgun/Cues/Shotgun_ImpactSurface_Cue.uexp" 4761
"D:/UE_project/Blaster/Content/Assets/MilitaryWeapSilver/Weapons/ShotgunA_Ammo.ubulk" 4762
"D:/UE_project/Blaster/Content/Assets/MilitaryWeapSilver/Weapons/ShotgunA_Ammo.uasset" 4763
"D:/UE_project/Blaster/Content/Assets/MilitaryWeapSilver/Weapons/ShotgunA_Ammo.uexp" 4764
"D:/UE_project/Blaster/Content/Blueprint/Weapon/Casings/BP_ShotgunCasing.uasset" 4765
"D:/UE_project/Blaster/Content/Blueprint/Weapon/Casings/BP_ShotgunCasing.uexp" 4766
"D:/UE_project/Blaster/Content/Assets/MilitaryWeapSilver/Sound/Shotgun/Wavs/Shotgun_Lower.ubulk" 4767
"D:/UE_project/Blaster/Content/Assets/MilitaryWeapSilver/Sound/Shotgun/Wavs/Shotgun_Lower.uasset" 4768
"D:/UE_project/Blaster/Content/Assets/MilitaryWeapSilver/Sound/Shotgun/Wavs/Shotgun_Lower.uexp" 4769
"D:/UE_project/Blaster/Content/Assets/MilitaryWeapSilver/Sound/Shotgun/Cues/Shotgun_Lower_Cue.uasset" 4770
"D:/UE_project/Blaster/Content/Assets/MilitaryWeapSilver/Sound/Shotgun/Cues/Shotgun_Lower_Cue.uexp" 4771
"D:/UE_project/Blaster/Content/Assets/MilitaryWeapSilver/FX/Materials/M_Ember_01.uasset" 4772
"D:/UE_project/Blaster/Content/Assets/MilitaryWeapSilver/FX/Materials/M_Ember_01.uexp" 4773
"D:/UE_project/Blaster/Content/Assets/MilitaryWeapSilver/FX/P_Shotgun_MuzzleFlash_01.uasset" 4774
"D:/UE_project/Blaster/Content/Assets/MilitaryWeapSilver/FX/P_Shotgun_MuzzleFlash_01.uexp" 4775
"D:/UE_project/Blaster/Content/Assets/MilitaryWeapSilver/Sound/Shotgun/Wavs/Shotgun_Reload01.ubulk" 4776
"D:/UE_project/Blaster/Content/Assets/MilitaryWeapSilver/Sound/Shotgun/Wavs/Shotgun_Reload01.uasset" 4777
"D:/UE_project/Blaster/Content/Assets/MilitaryWeapSilver/Sound/Shotgun/Wavs/Shotgun_Reload01.uexp" 4778
"D:/UE_project/Blaster/Content/Assets/MilitaryWeapSilver/Sound/Shotgun/Wavs/Shotgun_Reload03.ubulk" 4779
"D:/UE_project/Blaster/Content/Assets/MilitaryWeapSilver/Sound/Shotgun/Wavs/Shotgun_Reload03.uasset" 4780
"D:/UE_project/Blaster/Content/Assets/MilitaryWeapSilver/Sound/Shotgun/Wavs/Shotgun_Reload03.uexp" 4781
"D:/UE_project/Blaster/Content/Assets/MilitaryWeapSilver/Sound/Shotgun/Wavs/Shotgun_Reload02.ubulk" 4782
"D:/UE_project/Blaster/Content/Assets/MilitaryWeapSilver/Sound/Shotgun/Wavs/Shotgun_Reload02.uasset" 4783
"D:/UE_project/Blaster/Content/Assets/MilitaryWeapSilver/Sound/Shotgun/Wavs/Shotgun_Reload02.uexp" 4784
"D:/UE_project/Blaster/Content/Assets/MilitaryWeapSilver/Sound/Shotgun/Cues/Shotgun_Reload_Cue.uasset" 4785
"D:/UE_project/Blaster/Content/Assets/MilitaryWeapSilver/Sound/Shotgun/Cues/Shotgun_Reload_Cue.uexp" 4786
"D:/UE_project/Blaster/Content/Assets/MilitaryWeapSilver/Sound/Shotgun/Wavs/ShotgunA_Fire_ST01.ubulk" 4787
"D:/UE_project/Blaster/Content/Assets/MilitaryWeapSilver/Sound/Shotgun/Wavs/ShotgunA_Fire_ST01.uasset" 4788
"D:/UE_project/Blaster/Content/Assets/MilitaryWeapSilver/Sound/Shotgun/Wavs/ShotgunA_Fire_ST01.uexp" 4789
"D:/UE_project/Blaster/Content/Assets/MilitaryWeapSilver/Sound/Shotgun/Wavs/ShotgunA_Fire_ST04.ubulk" 4790
"D:/UE_project/Blaster/Content/Assets/MilitaryWeapSilver/Sound/Shotgun/Wavs/ShotgunA_Fire_ST04.uasset" 4791
"D:/UE_project/Blaster/Content/Assets/MilitaryWeapSilver/Sound/Shotgun/Wavs/ShotgunA_Fire_ST04.uexp" 4792
"D:/UE_project/Blaster/Content/Assets/MilitaryWeapSilver/Sound/Shotgun/Wavs/ShotgunA_Fire01.ubulk" 4793
"D:/UE_project/Blaster/Content/Assets/MilitaryWeapSilver/Sound/Shotgun/Wavs/ShotgunA_Fire01.uasset" 4794
"D:/UE_project/Blaster/Content/Assets/MilitaryWeapSilver/Sound/Shotgun/Wavs/ShotgunA_Fire01.uexp" 4795
"D:/UE_project/Blaster/Content/Assets/MilitaryWeapSilver/Sound/Shotgun/Wavs/ShotgunA_Fire_ST03.ubulk" 4796
"D:/UE_project/Blaster/Content/Assets/MilitaryWeapSilver/Sound/Shotgun/Wavs/ShotgunA_Fire_ST03.uasset" 4797
"D:/UE_project/Blaster/Content/Assets/MilitaryWeapSilver/Sound/Shotgun/Wavs/ShotgunA_Fire_ST03.uexp" 4798
"D:/UE_project/Blaster/Content/Assets/MilitaryWeapSilver/Sound/Shotgun/Wavs/ShotgunA_Fire03.ubulk" 4799
"D:/UE_project/Blaster/Content/Assets/MilitaryWeapSilver/Sound/Shotgun/Wavs/ShotgunA_Fire03.uasset" 4800
"D:/UE_project/Blaster/Content/Assets/MilitaryWeapSilver/Sound/Shotgun/Wavs/ShotgunA_Fire03.uexp" 4801
"D:/UE_project/Blaster/Content/Assets/MilitaryWeapSilver/Sound/Shotgun/Wavs/ShotgunA_Fire_ST02.ubulk" 4802
"D:/UE_project/Blaster/Content/Assets/MilitaryWeapSilver/Sound/Shotgun/Wavs/ShotgunA_Fire_ST02.uasset" 4803
"D:/UE_project/Blaster/Content/Assets/MilitaryWeapSilver/Sound/Shotgun/Wavs/ShotgunA_Fire_ST02.uexp" 4804
"D:/UE_project/Blaster/Content/Assets/MilitaryWeapSilver/Sound/Shotgun/Wavs/ShotgunA_Fire02.ubulk" 4805
"D:/UE_project/Blaster/Content/Assets/MilitaryWeapSilver/Sound/Shotgun/Wavs/ShotgunA_Fire02.uasset" 4806
"D:/UE_project/Blaster/Content/Assets/MilitaryWeapSilver/Sound/Shotgun/Wavs/ShotgunA_Fire02.uexp" 4807
"D:/UE_project/Blaster/Content/Assets/MilitaryWeapSilver/Sound/Shotgun/Wavs/ShotgunA_Fire04.ubulk" 4808
"D:/UE_project/Blaster/Content/Assets/MilitaryWeapSilver/Sound/Shotgun/Wavs/ShotgunA_Fire04.uasset" 4809
"D:/UE_project/Blaster/Content/Assets/MilitaryWeapSilver/Sound/Shotgun/Wavs/ShotgunA_Fire04.uexp" 4810
"D:/UE_project/Blaster/Content/Assets/MilitaryWeapSilver/Sound/Shotgun/Cues/ShotgunA_Fire_Cue.uasset" 4811
"D:/UE_project/Blaster/Content/Assets/MilitaryWeapSilver/Sound/Shotgun/Cues/ShotgunA_Fire_Cue.uexp" 4812
"D:/UE_project/Blaster/Content/Assets/MilitaryWeapSilver/Weapons/Animations/ShotgunFire_W.uasset" 4813
"D:/UE_project/Blaster/Content/Assets/MilitaryWeapSilver/Weapons/Animations/ShotgunFire_W.uexp" 4814
"D:/UE_project/Blaster/Content/Blueprint/Weapon/BP_Shotgun.uasset" 4815
"D:/UE_project/Blaster/Content/Blueprint/Weapon/BP_Shotgun.uexp" 4816
"D:/UE_project/Blaster/Content/Assets/AnimeCitySuburbs/Models/Decals/SM_StreetMarkings_Arrow1.ubulk" 4817
"D:/UE_project/Blaster/Content/Assets/AnimeCitySuburbs/Models/Decals/SM_StreetMarkings_Arrow1.uasset" 4818
"D:/UE_project/Blaster/Content/Assets/AnimeCitySuburbs/Models/Decals/SM_StreetMarkings_Arrow1.uexp" 4819
"D:/UE_project/Blaster/Content/Assets/AnimeCitySuburbs/Models/Electronics/SM_ElectricBox02.ubulk" 4820
"D:/UE_project/Blaster/Content/Assets/AnimeCitySuburbs/Models/Electronics/SM_ElectricBox02.uasset" 4821
"D:/UE_project/Blaster/Content/Assets/AnimeCitySuburbs/Models/Electronics/SM_ElectricBox02.uexp" 4822
"D:/UE_project/Blaster/Content/Assets/AnimeCitySuburbs/Models/RoadProps/SM_Cone.ubulk" 4823
"D:/UE_project/Blaster/Content/Assets/AnimeCitySuburbs/Models/RoadProps/SM_Cone.uasset" 4824
"D:/UE_project/Blaster/Content/Assets/AnimeCitySuburbs/Models/RoadProps/SM_Cone.uexp" 4825
"D:/UE_project/Blaster/Content/Assets/AnimeCitySuburbs/Models/Electronics/SM_ElectricPole.ubulk" 4826
"D:/UE_project/Blaster/Content/Assets/AnimeCitySuburbs/Models/Electronics/SM_ElectricPole.uasset" 4827
"D:/UE_project/Blaster/Content/Assets/AnimeCitySuburbs/Models/Electronics/SM_ElectricPole.uexp" 4828
"D:/UE_project/Blaster/Content/Assets/AnimeCitySuburbs/Blueprints/BP_ElectricPole.uasset" 4829
"D:/UE_project/Blaster/Content/Assets/AnimeCitySuburbs/Blueprints/BP_ElectricPole.uexp" 4830
"D:/UE_project/Blaster/Content/Assets/AnimeCitySuburbs/Models/Park/SM_ParkBridge.ubulk" 4831
"D:/UE_project/Blaster/Content/Assets/AnimeCitySuburbs/Models/Park/SM_ParkBridge.uasset" 4832
"D:/UE_project/Blaster/Content/Assets/AnimeCitySuburbs/Models/Park/SM_ParkBridge.uexp" 4833
"D:/UE_project/Blaster/Content/Assets/AnimeCitySuburbs/Models/BuildingPieces/SM_Garage.ubulk" 4834
"D:/UE_project/Blaster/Content/Assets/AnimeCitySuburbs/Models/BuildingPieces/SM_Garage.uasset" 4835
"D:/UE_project/Blaster/Content/Assets/AnimeCitySuburbs/Models/BuildingPieces/SM_Garage.uexp" 4836
"D:/UE_project/Blaster/Content/Assets/AnimeCitySuburbs/Models/Decals/SM_StreetMarkings_Line01.ubulk" 4837
"D:/UE_project/Blaster/Content/Assets/AnimeCitySuburbs/Models/Decals/SM_StreetMarkings_Line01.uasset" 4838
"D:/UE_project/Blaster/Content/Assets/AnimeCitySuburbs/Models/Decals/SM_StreetMarkings_Line01.uexp" 4839
"D:/UE_project/Blaster/Content/Assets/AnimeCitySuburbs/Models/Decals/SM_StreetMarkings_Line2.ubulk" 4840
"D:/UE_project/Blaster/Content/Assets/AnimeCitySuburbs/Models/Decals/SM_StreetMarkings_Line2.uasset" 4841
"D:/UE_project/Blaster/Content/Assets/AnimeCitySuburbs/Models/Decals/SM_StreetMarkings_Line2.uexp" 4842
"D:/UE_project/Blaster/Content/Assets/AnimeCitySuburbs/Models/Props/SM_TrafficLightSmall.ubulk" 4843
"D:/UE_project/Blaster/Content/Assets/AnimeCitySuburbs/Models/Props/SM_TrafficLightSmall.uasset" 4844
"D:/UE_project/Blaster/Content/Assets/AnimeCitySuburbs/Models/Props/SM_TrafficLightSmall.uexp" 4845
"D:/UE_project/Blaster/Content/Assets/AnimeCitySuburbs/Models/Props/SM_TrafficLight_Stand.ubulk" 4846
"D:/UE_project/Blaster/Content/Assets/AnimeCitySuburbs/Models/Props/SM_TrafficLight_Stand.uasset" 4847
"D:/UE_project/Blaster/Content/Assets/AnimeCitySuburbs/Models/Props/SM_TrafficLight_Stand.uexp" 4848
"D:/UE_project/Blaster/Content/Assets/AnimeCitySuburbs/Models/Props/SM_TrafficLightLarge.ubulk" 4849
"D:/UE_project/Blaster/Content/Assets/AnimeCitySuburbs/Models/Props/SM_TrafficLightLarge.uasset" 4850
"D:/UE_project/Blaster/Content/Assets/AnimeCitySuburbs/Models/Props/SM_TrafficLightLarge.uexp" 4851
"D:/UE_project/Blaster/Content/Assets/AnimeCitySuburbs/Blueprints/BP_TrafficLight.uasset" 4852
"D:/UE_project/Blaster/Content/Assets/AnimeCitySuburbs/Blueprints/BP_TrafficLight.uexp" 4853
"D:/UE_project/Blaster/Content/Assets/AnimeCitySuburbs/Models/Fence/SM_Fence01_corner.ubulk" 4854
"D:/UE_project/Blaster/Content/Assets/AnimeCitySuburbs/Models/Fence/SM_Fence01_corner.uasset" 4855
"D:/UE_project/Blaster/Content/Assets/AnimeCitySuburbs/Models/Fence/SM_Fence01_corner.uexp" 4856
"D:/UE_project/Blaster/Content/Assets/AnimeCitySuburbs/Models/Shop01/SM_Poster01.ubulk" 4857
"D:/UE_project/Blaster/Content/Assets/AnimeCitySuburbs/Models/Shop01/SM_Poster01.uasset" 4858
"D:/UE_project/Blaster/Content/Assets/AnimeCitySuburbs/Models/Shop01/SM_Poster01.uexp" 4859
"D:/UE_project/Blaster/Content/Assets/AnimeCitySuburbs/Models/BGBuildings/SM_BGBuilding1.ubulk" 4860
"D:/UE_project/Blaster/Content/Assets/AnimeCitySuburbs/Models/BGBuildings/SM_BGBuilding1.uasset" 4861
"D:/UE_project/Blaster/Content/Assets/AnimeCitySuburbs/Models/BGBuildings/SM_BGBuilding1.uexp" 4862
"D:/UE_project/Blaster/Content/Assets/AnimeCitySuburbs/Textures/T_BlockWall_N.ubulk" 4863
"D:/UE_project/Blaster/Content/Assets/AnimeCitySuburbs/Textures/T_BlockWall_N.uasset" 4864
"D:/UE_project/Blaster/Content/Assets/AnimeCitySuburbs/Textures/T_BlockWall_N.uexp" 4865
"D:/UE_project/Blaster/Content/Assets/AnimeCitySuburbs/Textures/T_BlockWall_BC.ubulk" 4866
"D:/UE_project/Blaster/Content/Assets/AnimeCitySuburbs/Textures/T_BlockWall_BC.uasset" 4867
"D:/UE_project/Blaster/Content/Assets/AnimeCitySuburbs/Textures/T_BlockWall_BC.uexp" 4868
"D:/UE_project/Blaster/Content/Assets/AnimeCitySuburbs/Textures/T_BlockWall_ORM.ubulk" 4869
"D:/UE_project/Blaster/Content/Assets/AnimeCitySuburbs/Textures/T_BlockWall_ORM.uasset" 4870
"D:/UE_project/Blaster/Content/Assets/AnimeCitySuburbs/Textures/T_BlockWall_ORM.uexp" 4871
"D:/UE_project/Blaster/Content/Assets/AnimeCitySuburbs/Materials/MI_BlockWall.uasset" 4872
"D:/UE_project/Blaster/Content/Assets/AnimeCitySuburbs/Materials/MI_BlockWall.uexp" 4873
"D:/UE_project/Blaster/Content/Assets/AnimeCitySuburbs/Models/Fence/SM_Fence03.ubulk" 4874
"D:/UE_project/Blaster/Content/Assets/AnimeCitySuburbs/Models/Fence/SM_Fence03.uasset" 4875
"D:/UE_project/Blaster/Content/Assets/AnimeCitySuburbs/Models/Fence/SM_Fence03.uexp" 4876
"D:/UE_project/Blaster/Content/Assets/AnimeCitySuburbs/Textures/T_Vents_ORM.ubulk" 4877
"D:/UE_project/Blaster/Content/Assets/AnimeCitySuburbs/Textures/T_Vents_ORM.uasset" 4878
"D:/UE_project/Blaster/Content/Assets/AnimeCitySuburbs/Textures/T_Vents_ORM.uexp" 4879
"D:/UE_project/Blaster/Content/Assets/AnimeCitySuburbs/Textures/T_Vents_N.ubulk" 4880
"D:/UE_project/Blaster/Content/Assets/AnimeCitySuburbs/Textures/T_Vents_N.uasset" 4881
"D:/UE_project/Blaster/Content/Assets/AnimeCitySuburbs/Textures/T_Vents_N.uexp" 4882
"D:/UE_project/Blaster/Content/Assets/AnimeCitySuburbs/Textures/T_Vents_D.ubulk" 4883
"D:/UE_project/Blaster/Content/Assets/AnimeCitySuburbs/Textures/T_Vents_D.uasset" 4884
"D:/UE_project/Blaster/Content/Assets/AnimeCitySuburbs/Textures/T_Vents_D.uexp" 4885
"D:/UE_project/Blaster/Content/Assets/AnimeCitySuburbs/Materials/MI_Vents.uasset" 4886
"D:/UE_project/Blaster/Content/Assets/AnimeCitySuburbs/Materials/MI_Vents.uexp" 4887
"D:/UE_project/Blaster/Content/Assets/AnimeCitySuburbs/Models/Props/SM_Vents02.ubulk" 4888
"D:/UE_project/Blaster/Content/Assets/AnimeCitySuburbs/Models/Props/SM_Vents02.uasset" 4889
"D:/UE_project/Blaster/Content/Assets/AnimeCitySuburbs/Models/Props/SM_Vents02.uexp" 4890
"D:/UE_project/Blaster/Content/Assets/AnimeCitySuburbs/Models/Repairs/SM_Repairs_gate.ubulk" 4891
"D:/UE_project/Blaster/Content/Assets/AnimeCitySuburbs/Models/Repairs/SM_Repairs_gate.uasset" 4892
"D:/UE_project/Blaster/Content/Assets/AnimeCitySuburbs/Models/Repairs/SM_Repairs_gate.uexp" 4893
"D:/UE_project/Blaster/Content/Assets/AnimeCitySuburbs/Models/BuildingPieces/SM_WallC_03.ubulk" 4894
"D:/UE_project/Blaster/Content/Assets/AnimeCitySuburbs/Models/BuildingPieces/SM_WallC_03.uasset" 4895
"D:/UE_project/Blaster/Content/Assets/AnimeCitySuburbs/Models/BuildingPieces/SM_WallC_03.uexp" 4896
"D:/UE_project/Blaster/Content/Assets/MilitaryWeapSilver/FX/Materials/M_Tracer_A.uasset" 4897
"D:/UE_project/Blaster/Content/Assets/MilitaryWeapSilver/FX/Materials/M_Tracer_A.uexp" 4898
"D:/UE_project/Blaster/Content/Assets/MilitaryWeapSilver/FX/Meshes/St_Tracer_A.ubulk" 4899
"D:/UE_project/Blaster/Content/Assets/MilitaryWeapSilver/FX/Meshes/St_Tracer_A.uasset" 4900
"D:/UE_project/Blaster/Content/Assets/MilitaryWeapSilver/FX/Meshes/St_Tracer_A.uexp" 4901
"D:/UE_project/Blaster/Content/Assets/MilitaryWeapSilver/FX/P_AssaultRifle_Tracer_01.uasset" 4902
"D:/UE_project/Blaster/Content/Assets/MilitaryWeapSilver/FX/P_AssaultRifle_Tracer_01.uexp" 4903
"D:/UE_project/Blaster/Content/Blueprint/Weapon/Projectiles/BP_ProjectileBullet.uasset" 4904
"D:/UE_project/Blaster/Content/Blueprint/Weapon/Projectiles/BP_ProjectileBullet.uexp" 4905
"D:/UE_project/Blaster/Content/Blueprint/Weapon/Projectiles/BP_ServerSideRewindProjectile.uasset" 4906
"D:/UE_project/Blaster/Content/Blueprint/Weapon/Projectiles/BP_ServerSideRewindProjectile.uexp" 4907
"D:/UE_project/Blaster/Content/Assets/MilitaryWeapSilver/Sound/Rifle/Wavs/Rifle_Raise.ubulk" 4908
"D:/UE_project/Blaster/Content/Assets/MilitaryWeapSilver/Sound/Rifle/Wavs/Rifle_Raise.uasset" 4909
"D:/UE_project/Blaster/Content/Assets/MilitaryWeapSilver/Sound/Rifle/Wavs/Rifle_Raise.uexp" 4910
"D:/UE_project/Blaster/Content/Assets/MilitaryWeapSilver/Sound/Rifle/Cues/Rifle_Raise_Cue.uasset" 4911
"D:/UE_project/Blaster/Content/Assets/MilitaryWeapSilver/Sound/Rifle/Cues/Rifle_Raise_Cue.uexp" 4912
"D:/UE_project/Blaster/Content/Assets/MilitaryWeapSilver/Sound/Rifle/Wavs/RifleA_Fire04.ubulk" 4913
"D:/UE_project/Blaster/Content/Assets/MilitaryWeapSilver/Sound/Rifle/Wavs/RifleA_Fire04.uasset" 4914
"D:/UE_project/Blaster/Content/Assets/MilitaryWeapSilver/Sound/Rifle/Wavs/RifleA_Fire04.uexp" 4915
"D:/UE_project/Blaster/Content/Assets/MilitaryWeapSilver/Sound/Rifle/Wavs/RifleA_Fire03.ubulk" 4916
"D:/UE_project/Blaster/Content/Assets/MilitaryWeapSilver/Sound/Rifle/Wavs/RifleA_Fire03.uasset" 4917
"D:/UE_project/Blaster/Content/Assets/MilitaryWeapSilver/Sound/Rifle/Wavs/RifleA_Fire03.uexp" 4918
"D:/UE_project/Blaster/Content/Assets/MilitaryWeapSilver/Sound/Rifle/Wavs/RifleA_Fire02.ubulk" 4919
"D:/UE_project/Blaster/Content/Assets/MilitaryWeapSilver/Sound/Rifle/Wavs/RifleA_Fire02.uasset" 4920
"D:/UE_project/Blaster/Content/Assets/MilitaryWeapSilver/Sound/Rifle/Wavs/RifleA_Fire02.uexp" 4921
"D:/UE_project/Blaster/Content/Assets/MilitaryWeapSilver/Sound/Rifle/Wavs/RifleA_Fire_ST05.ubulk" 4922
"D:/UE_project/Blaster/Content/Assets/MilitaryWeapSilver/Sound/Rifle/Wavs/RifleA_Fire_ST05.uasset" 4923
"D:/UE_project/Blaster/Content/Assets/MilitaryWeapSilver/Sound/Rifle/Wavs/RifleA_Fire_ST05.uexp" 4924
"D:/UE_project/Blaster/Content/Assets/MilitaryWeapSilver/Sound/Rifle/Wavs/RifleA_Fire_ST03.ubulk" 4925
"D:/UE_project/Blaster/Content/Assets/MilitaryWeapSilver/Sound/Rifle/Wavs/RifleA_Fire_ST03.uasset" 4926
"D:/UE_project/Blaster/Content/Assets/MilitaryWeapSilver/Sound/Rifle/Wavs/RifleA_Fire_ST03.uexp" 4927
"D:/UE_project/Blaster/Content/Assets/MilitaryWeapSilver/Sound/Rifle/Wavs/RifleA_Fire01.ubulk" 4928
"D:/UE_project/Blaster/Content/Assets/MilitaryWeapSilver/Sound/Rifle/Wavs/RifleA_Fire01.uasset" 4929
"D:/UE_project/Blaster/Content/Assets/MilitaryWeapSilver/Sound/Rifle/Wavs/RifleA_Fire01.uexp" 4930
"D:/UE_project/Blaster/Content/Assets/MilitaryWeapSilver/Sound/Rifle/Wavs/RifleA_Fire05.ubulk" 4931
"D:/UE_project/Blaster/Content/Assets/MilitaryWeapSilver/Sound/Rifle/Wavs/RifleA_Fire05.uasset" 4932
"D:/UE_project/Blaster/Content/Assets/MilitaryWeapSilver/Sound/Rifle/Wavs/RifleA_Fire05.uexp" 4933
"D:/UE_project/Blaster/Content/Assets/MilitaryWeapSilver/Sound/Rifle/Wavs/RifleA_Fire_ST04.ubulk" 4934
"D:/UE_project/Blaster/Content/Assets/MilitaryWeapSilver/Sound/Rifle/Wavs/RifleA_Fire_ST04.uasset" 4935
"D:/UE_project/Blaster/Content/Assets/MilitaryWeapSilver/Sound/Rifle/Wavs/RifleA_Fire_ST04.uexp" 4936
"D:/UE_project/Blaster/Content/Assets/MilitaryWeapSilver/Sound/Rifle/Wavs/RifleA_Fire_ST02.ubulk" 4937
"D:/UE_project/Blaster/Content/Assets/MilitaryWeapSilver/Sound/Rifle/Wavs/RifleA_Fire_ST02.uasset" 4938
"D:/UE_project/Blaster/Content/Assets/MilitaryWeapSilver/Sound/Rifle/Wavs/RifleA_Fire_ST02.uexp" 4939
"D:/UE_project/Blaster/Content/Assets/MilitaryWeapSilver/Sound/Rifle/Wavs/RifleA_Fire_ST01.ubulk" 4940
"D:/UE_project/Blaster/Content/Assets/MilitaryWeapSilver/Sound/Rifle/Wavs/RifleA_Fire_ST01.uasset" 4941
"D:/UE_project/Blaster/Content/Assets/MilitaryWeapSilver/Sound/Rifle/Wavs/RifleA_Fire_ST01.uexp" 4942
"D:/UE_project/Blaster/Content/Assets/MilitaryWeapSilver/Sound/Rifle/Wavs/RifleA_Fire_ST06.ubulk" 4943
"D:/UE_project/Blaster/Content/Assets/MilitaryWeapSilver/Sound/Rifle/Wavs/RifleA_Fire_ST06.uasset" 4944
"D:/UE_project/Blaster/Content/Assets/MilitaryWeapSilver/Sound/Rifle/Wavs/RifleA_Fire_ST06.uexp" 4945
"D:/UE_project/Blaster/Content/Assets/MilitaryWeapSilver/Sound/Rifle/Wavs/RifleA_Fire06.ubulk" 4946
"D:/UE_project/Blaster/Content/Assets/MilitaryWeapSilver/Sound/Rifle/Wavs/RifleA_Fire06.uasset" 4947
"D:/UE_project/Blaster/Content/Assets/MilitaryWeapSilver/Sound/Rifle/Wavs/RifleA_Fire06.uexp" 4948
"D:/UE_project/Blaster/Content/Assets/MilitaryWeapSilver/Sound/Rifle/Cues/RifleA_Fire_Cue.uasset" 4949
"D:/UE_project/Blaster/Content/Assets/MilitaryWeapSilver/Sound/Rifle/Cues/RifleA_Fire_Cue.uexp" 4950
"D:/UE_project/Blaster/Content/Assets/MilitaryWeapSilver/Weapons/Assault_Rifle_A_Skeleton.uasset" 4951
"D:/UE_project/Blaster/Content/Assets/MilitaryWeapSilver/Weapons/Assault_Rifle_A_Skeleton.uexp" 4952
"D:/UE_project/Blaster/Content/Assets/MilitaryWeapSilver/Weapons/Animations/Fire_Rifle_W.uasset" 4953
"D:/UE_project/Blaster/Content/Assets/MilitaryWeapSilver/Weapons/Animations/Fire_Rifle_W.uexp" 4954
"D:/UE_project/Blaster/Content/Assets/MilitaryWeapSilver/Weapons/Assault_Rifle_A_PhysicsAsset.uasset" 4955
"D:/UE_project/Blaster/Content/Assets/MilitaryWeapSilver/Weapons/Assault_Rifle_A_PhysicsAsset.uexp" 4956
"D:/UE_project/Blaster/Content/Assets/MilitaryWeapSilver/Weapons/Materials/M_AssaultRifle_01.uasset" 4957
"D:/UE_project/Blaster/Content/Assets/MilitaryWeapSilver/Weapons/Materials/M_AssaultRifle_01.uexp" 4958
"D:/UE_project/Blaster/Content/Assets/MilitaryWeapSilver/Weapons/Assault_Rifle_A.uasset" 4959
"D:/UE_project/Blaster/Content/Assets/MilitaryWeapSilver/Weapons/Assault_Rifle_A.uexp" 4960
"D:/UE_project/Blaster/Content/Blueprint/Weapon/BP_AssaultRifle.uasset" 4961
"D:/UE_project/Blaster/Content/Blueprint/Weapon/BP_AssaultRifle.uexp" 4962
"D:/UE_project/Blaster/Content/Assets/AnimeCitySuburbs/Models/BuildingPieces/SM_RoofB_04.ubulk" 4963
"D:/UE_project/Blaster/Content/Assets/AnimeCitySuburbs/Models/BuildingPieces/SM_RoofB_04.uasset" 4964
"D:/UE_project/Blaster/Content/Assets/AnimeCitySuburbs/Models/BuildingPieces/SM_RoofB_04.uexp" 4965
"D:/UE_project/Blaster/Content/Assets/AnimeCitySuburbs/Models/Shop02/SM_Shop02.ubulk" 4966
"D:/UE_project/Blaster/Content/Assets/AnimeCitySuburbs/Models/Shop02/SM_Shop02.uasset" 4967
"D:/UE_project/Blaster/Content/Assets/AnimeCitySuburbs/Models/Shop02/SM_Shop02.uexp" 4968
"D:/UE_project/Blaster/Content/Assets/AnimeCitySuburbs/Models/Shop02/SM_Lamp.ubulk" 4969
"D:/UE_project/Blaster/Content/Assets/AnimeCitySuburbs/Models/Shop02/SM_Lamp.uasset" 4970
"D:/UE_project/Blaster/Content/Assets/AnimeCitySuburbs/Models/Shop02/SM_Lamp.uexp" 4971
"D:/UE_project/Blaster/Content/Assets/AnimeCitySuburbs/Models/Props/SM_AC.ubulk" 4972
"D:/UE_project/Blaster/Content/Assets/AnimeCitySuburbs/Models/Props/SM_AC.uasset" 4973
"D:/UE_project/Blaster/Content/Assets/AnimeCitySuburbs/Models/Props/SM_AC.uexp" 4974
"D:/UE_project/Blaster/Content/Assets/AnimeCitySuburbs/Blueprints/Shop/BP_Shop02.uasset" 4975
"D:/UE_project/Blaster/Content/Assets/AnimeCitySuburbs/Blueprints/Shop/BP_Shop02.uexp" 4976
"D:/UE_project/Blaster/Content/Assets/AnimeCitySuburbs/Models/BuildingPieces/SM_WallE_01.ubulk" 4977
"D:/UE_project/Blaster/Content/Assets/AnimeCitySuburbs/Models/BuildingPieces/SM_WallE_01.uasset" 4978
"D:/UE_project/Blaster/Content/Assets/AnimeCitySuburbs/Models/BuildingPieces/SM_WallE_01.uexp" 4979
"D:/UE_project/Blaster/Content/Assets/AnimeCitySuburbs/Models/Park/SM_Pavement.ubulk" 4980
"D:/UE_project/Blaster/Content/Assets/AnimeCitySuburbs/Models/Park/SM_Pavement.uasset" 4981
"D:/UE_project/Blaster/Content/Assets/AnimeCitySuburbs/Models/Park/SM_Pavement.uexp" 4982
"D:/UE_project/Blaster/Content/Assets/AnimeCitySuburbs/Models/BGBuildings/SM_BGHouse01.ubulk" 4983
"D:/UE_project/Blaster/Content/Assets/AnimeCitySuburbs/Models/BGBuildings/SM_BGHouse01.uasset" 4984
"D:/UE_project/Blaster/Content/Assets/AnimeCitySuburbs/Models/BGBuildings/SM_BGHouse01.uexp" 4985
"D:/UE_project/Blaster/Content/Assets/AnimeCitySuburbs/Models/Shop03/SM_Sign.ubulk" 4986
"D:/UE_project/Blaster/Content/Assets/AnimeCitySuburbs/Models/Shop03/SM_Sign.uasset" 4987
"D:/UE_project/Blaster/Content/Assets/AnimeCitySuburbs/Models/Shop03/SM_Sign.uexp" 4988
"D:/UE_project/Blaster/Content/Assets/AnimeCitySuburbs/Textures/T_grafitti4_BC.ubulk" 4989
"D:/UE_project/Blaster/Content/Assets/AnimeCitySuburbs/Textures/T_grafitti4_BC.uasset" 4990
"D:/UE_project/Blaster/Content/Assets/AnimeCitySuburbs/Textures/T_grafitti4_BC.uexp" 4991
"D:/UE_project/Blaster/Content/Assets/AnimeCitySuburbs/Materials/MI_Grafitti4.uasset" 4992
"D:/UE_project/Blaster/Content/Assets/AnimeCitySuburbs/Materials/MI_Grafitti4.uexp" 4993
"D:/UE_project/Blaster/Content/Assets/AnimeCitySuburbs/Materials/MI_Bicycle_Green.uasset" 4994
"D:/UE_project/Blaster/Content/Assets/AnimeCitySuburbs/Materials/MI_Bicycle_Green.uexp" 4995
"D:/UE_project/Blaster/Content/Assets/AnimeCitySuburbs/Models/BuildingPieces/SM_RoofB_02.ubulk" 4996
"D:/UE_project/Blaster/Content/Assets/AnimeCitySuburbs/Models/BuildingPieces/SM_RoofB_02.uasset" 4997
"D:/UE_project/Blaster/Content/Assets/AnimeCitySuburbs/Models/BuildingPieces/SM_RoofB_02.uexp" 4998
"D:/UE_project/Blaster/Content/Assets/AnimeCitySuburbs/Models/Props/SM_Sign1.ubulk" 4999
"D:/UE_project/Blaster/Content/Assets/AnimeCitySuburbs/Models/Props/SM_Sign1.uasset" 5000
"D:/UE_project/Blaster/Content/Assets/AnimeCitySuburbs/Models/Props/SM_Sign1.uexp" 5001
"D:/UE_project/Blaster/Content/Assets/Material/PP_Highlight.uasset" 5002
"D:/UE_project/Blaster/Content/Assets/Material/PP_Highlight.uexp" 5003
"D:/UE_project/Blaster/Content/Assets/AnimeCitySuburbs/Models/Fence/SM_Fence04.ubulk" 5004
"D:/UE_project/Blaster/Content/Assets/AnimeCitySuburbs/Models/Fence/SM_Fence04.uasset" 5005
"D:/UE_project/Blaster/Content/Assets/AnimeCitySuburbs/Models/Fence/SM_Fence04.uexp" 5006
"D:/UE_project/Blaster/Content/Assets/AnimeCitySuburbs/Models/BuildingPieces/SM_RoofB1.ubulk" 5007
"D:/UE_project/Blaster/Content/Assets/AnimeCitySuburbs/Models/BuildingPieces/SM_RoofB1.uasset" 5008
"D:/UE_project/Blaster/Content/Assets/AnimeCitySuburbs/Models/BuildingPieces/SM_RoofB1.uexp" 5009
"D:/UE_project/Blaster/Content/Assets/AnimeCitySuburbs/Models/Road/SM_Floor3x3_half.ubulk" 5010
"D:/UE_project/Blaster/Content/Assets/AnimeCitySuburbs/Models/Road/SM_Floor3x3_half.uasset" 5011
"D:/UE_project/Blaster/Content/Assets/AnimeCitySuburbs/Models/Road/SM_Floor3x3_half.uexp" 5012
"D:/UE_project/Blaster/Content/Assets/AnimeCitySuburbs/Textures/Vehicles/T_Van_BC2.ubulk" 5013
"D:/UE_project/Blaster/Content/Assets/AnimeCitySuburbs/Textures/Vehicles/T_Van_BC2.uasset" 5014
"D:/UE_project/Blaster/Content/Assets/AnimeCitySuburbs/Textures/Vehicles/T_Van_BC2.uexp" 5015
"D:/UE_project/Blaster/Content/Assets/AnimeCitySuburbs/Materials/MI_Van_2.uasset" 5016
"D:/UE_project/Blaster/Content/Assets/AnimeCitySuburbs/Materials/MI_Van_2.uexp" 5017
"D:/UE_project/Blaster/Content/Assets/AnimeCitySuburbs/Textures/Vehicles/T_Van_BC3.ubulk" 5018
"D:/UE_project/Blaster/Content/Assets/AnimeCitySuburbs/Textures/Vehicles/T_Van_BC3.uasset" 5019
"D:/UE_project/Blaster/Content/Assets/AnimeCitySuburbs/Textures/Vehicles/T_Van_BC3.uexp" 5020
"D:/UE_project/Blaster/Content/Assets/AnimeCitySuburbs/Materials/MI_Van_3.uasset" 5021
"D:/UE_project/Blaster/Content/Assets/AnimeCitySuburbs/Materials/MI_Van_3.uexp" 5022
"D:/UE_project/Blaster/Content/Assets/AnimeCitySuburbs/Models/Props/SM_Sign5.ubulk" 5023
"D:/UE_project/Blaster/Content/Assets/AnimeCitySuburbs/Models/Props/SM_Sign5.uasset" 5024
"D:/UE_project/Blaster/Content/Assets/AnimeCitySuburbs/Models/Props/SM_Sign5.uexp" 5025
"D:/UE_project/Blaster/Content/Assets/AnimeCitySuburbs/Textures/T_grafitti3_BC.ubulk" 5026
"D:/UE_project/Blaster/Content/Assets/AnimeCitySuburbs/Textures/T_grafitti3_BC.uasset" 5027
"D:/UE_project/Blaster/Content/Assets/AnimeCitySuburbs/Textures/T_grafitti3_BC.uexp" 5028
"D:/UE_project/Blaster/Content/Assets/AnimeCitySuburbs/Materials/MI_grafitti3.uasset" 5029
"D:/UE_project/Blaster/Content/Assets/AnimeCitySuburbs/Materials/MI_grafitti3.uexp" 5030
"D:/UE_project/Blaster/Content/Assets/AnimeCitySuburbs/Textures/T_Vending01_BC.ubulk" 5031
"D:/UE_project/Blaster/Content/Assets/AnimeCitySuburbs/Textures/T_Vending01_BC.uasset" 5032
"D:/UE_project/Blaster/Content/Assets/AnimeCitySuburbs/Textures/T_Vending01_BC.uexp" 5033
"D:/UE_project/Blaster/Content/Assets/AnimeCitySuburbs/Materials/VendingMachines/MI_Vending01.uasset" 5034
"D:/UE_project/Blaster/Content/Assets/AnimeCitySuburbs/Materials/VendingMachines/MI_Vending01.uexp" 5035
"D:/UE_project/Blaster/Content/Assets/AnimeCitySuburbs/Models/VendingMachines/SM_FoodVendingMachinePart02.ubulk" 5036
"D:/UE_project/Blaster/Content/Assets/AnimeCitySuburbs/Models/VendingMachines/SM_FoodVendingMachinePart02.uasset" 5037
"D:/UE_project/Blaster/Content/Assets/AnimeCitySuburbs/Models/VendingMachines/SM_FoodVendingMachinePart02.uexp" 5038
"D:/UE_project/Blaster/Content/Assets/AnimeCitySuburbs/Models/VendingMachines/SM_FoodVendingMachine.ubulk" 5039
"D:/UE_project/Blaster/Content/Assets/AnimeCitySuburbs/Models/VendingMachines/SM_FoodVendingMachine.uasset" 5040
"D:/UE_project/Blaster/Content/Assets/AnimeCitySuburbs/Models/VendingMachines/SM_FoodVendingMachine.uexp" 5041
"D:/UE_project/Blaster/Content/Assets/AnimeCitySuburbs/Models/VendingMachines/SM_FoodVendingMachinePart01.ubulk" 5042
"D:/UE_project/Blaster/Content/Assets/AnimeCitySuburbs/Models/VendingMachines/SM_FoodVendingMachinePart01.uasset" 5043
"D:/UE_project/Blaster/Content/Assets/AnimeCitySuburbs/Models/VendingMachines/SM_FoodVendingMachinePart01.uexp" 5044
"D:/UE_project/Blaster/Content/Assets/AnimeCitySuburbs/Models/VendingMachines/SM_food_candy.ubulk" 5045
"D:/UE_project/Blaster/Content/Assets/AnimeCitySuburbs/Models/VendingMachines/SM_food_candy.uasset" 5046
"D:/UE_project/Blaster/Content/Assets/AnimeCitySuburbs/Models/VendingMachines/SM_food_candy.uexp" 5047
"D:/UE_project/Blaster/Content/Assets/AnimeCitySuburbs/Blueprints/VendingMachines/BP_FoodVendingMachine01.uasset" 5048
"D:/UE_project/Blaster/Content/Assets/AnimeCitySuburbs/Blueprints/VendingMachines/BP_FoodVendingMachine01.uexp" 5049
"D:/UE_project/Blaster/Content/Assets/AnimeCitySuburbs/Models/Props/SM_Pipe2.ubulk" 5050
"D:/UE_project/Blaster/Content/Assets/AnimeCitySuburbs/Models/Props/SM_Pipe2.uasset" 5051
"D:/UE_project/Blaster/Content/Assets/AnimeCitySuburbs/Models/Props/SM_Pipe2.uexp" 5052
"D:/UE_project/Blaster/Content/Assets/AnimeCitySuburbs/Blueprints/VendingMachines/BP_FoodVendingMachine02.uasset" 5053
"D:/UE_project/Blaster/Content/Assets/AnimeCitySuburbs/Blueprints/VendingMachines/BP_FoodVendingMachine02.uexp" 5054
"D:/UE_project/Blaster/Content/Assets/AnimeCitySuburbs/Models/BuildingPieces/SM_WallG_01.ubulk" 5055
"D:/UE_project/Blaster/Content/Assets/AnimeCitySuburbs/Models/BuildingPieces/SM_WallG_01.uasset" 5056
"D:/UE_project/Blaster/Content/Assets/AnimeCitySuburbs/Models/BuildingPieces/SM_WallG_01.uexp" 5057
"D:/UE_project/Blaster/Content/Assets/AnimeCitySuburbs/Models/BuildingPieces/SM_RoofA_02.ubulk" 5058
"D:/UE_project/Blaster/Content/Assets/AnimeCitySuburbs/Models/BuildingPieces/SM_RoofA_02.uasset" 5059
"D:/UE_project/Blaster/Content/Assets/AnimeCitySuburbs/Models/BuildingPieces/SM_RoofA_02.uexp" 5060
"D:/UE_project/Blaster/Content/Assets/AnimeCitySuburbs/Models/TramSet/SM_TramRail.ubulk" 5061
"D:/UE_project/Blaster/Content/Assets/AnimeCitySuburbs/Models/TramSet/SM_TramRail.uasset" 5062
"D:/UE_project/Blaster/Content/Assets/AnimeCitySuburbs/Models/TramSet/SM_TramRail.uexp" 5063
"D:/UE_project/Blaster/Content/Assets/AnimeCitySuburbs/Models/Repairs/SM_CarLift.ubulk" 5064
"D:/UE_project/Blaster/Content/Assets/AnimeCitySuburbs/Models/Repairs/SM_CarLift.uasset" 5065
"D:/UE_project/Blaster/Content/Assets/AnimeCitySuburbs/Models/Repairs/SM_CarLift.uexp" 5066
"D:/UE_project/Blaster/Content/Assets/AnimeCitySuburbs/Models/Road/SM_Floor3x3.ubulk" 5067
"D:/UE_project/Blaster/Content/Assets/AnimeCitySuburbs/Models/Road/SM_Floor3x3.uasset" 5068
"D:/UE_project/Blaster/Content/Assets/AnimeCitySuburbs/Models/Road/SM_Floor3x3.uexp" 5069
"D:/UE_project/Blaster/Content/Blueprint/Wall/BP_DeadWall.uasset" 5070
"D:/UE_project/Blaster/Content/Blueprint/Wall/BP_DeadWall.uexp" 5071
"D:/UE_project/Blaster/Content/Assets/AnimeCitySuburbs/Models/Repairs/SM_RedBox_Small.ubulk" 5072
"D:/UE_project/Blaster/Content/Assets/AnimeCitySuburbs/Models/Repairs/SM_RedBox_Small.uasset" 5073
"D:/UE_project/Blaster/Content/Assets/AnimeCitySuburbs/Models/Repairs/SM_RedBox_Small.uexp" 5074
"D:/UE_project/Blaster/Content/Assets/AnimeCitySuburbs/Blueprints/Shop/BP_Toolbox_Small.uasset" 5075
"D:/UE_project/Blaster/Content/Assets/AnimeCitySuburbs/Blueprints/Shop/BP_Toolbox_Small.uexp" 5076
"D:/UE_project/Blaster/Content/Assets/AnimeCitySuburbs/Models/BuildingPieces/SM_RoofC_01.ubulk" 5077
"D:/UE_project/Blaster/Content/Assets/AnimeCitySuburbs/Models/BuildingPieces/SM_RoofC_01.uasset" 5078
"D:/UE_project/Blaster/Content/Assets/AnimeCitySuburbs/Models/BuildingPieces/SM_RoofC_01.uexp" 5079
"D:/UE_project/Blaster/Content/Assets/AnimeCitySuburbs/Models/BuildingPieces/SM_Wall02a.ubulk" 5080
"D:/UE_project/Blaster/Content/Assets/AnimeCitySuburbs/Models/BuildingPieces/SM_Wall02a.uasset" 5081
"D:/UE_project/Blaster/Content/Assets/AnimeCitySuburbs/Models/BuildingPieces/SM_Wall02a.uexp" 5082
"D:/UE_project/Blaster/Content/Assets/AnimeCitySuburbs/Models/RoadProps/SM_Sand.ubulk" 5083
"D:/UE_project/Blaster/Content/Assets/AnimeCitySuburbs/Models/RoadProps/SM_Sand.uasset" 5084
"D:/UE_project/Blaster/Content/Assets/AnimeCitySuburbs/Models/RoadProps/SM_Sand.uexp" 5085
"D:/UE_project/Blaster/Content/Assets/AnimeCitySuburbs/Models/Props/SM_Vents01.ubulk" 5086
"D:/UE_project/Blaster/Content/Assets/AnimeCitySuburbs/Models/Props/SM_Vents01.uasset" 5087
"D:/UE_project/Blaster/Content/Assets/AnimeCitySuburbs/Models/Props/SM_Vents01.uexp" 5088
"D:/UE_project/Blaster/Content/Assets/AnimeCitySuburbs/Models/Shop03/SM_Crab.ubulk" 5089
"D:/UE_project/Blaster/Content/Assets/AnimeCitySuburbs/Models/Shop03/SM_Crab.uasset" 5090
"D:/UE_project/Blaster/Content/Assets/AnimeCitySuburbs/Models/Shop03/SM_Crab.uexp" 5091
"D:/UE_project/Blaster/Content/Assets/AnimeCitySuburbs/Models/Decals/SM_StreetMarkings_Line02.ubulk" 5092
"D:/UE_project/Blaster/Content/Assets/AnimeCitySuburbs/Models/Decals/SM_StreetMarkings_Line02.uasset" 5093
"D:/UE_project/Blaster/Content/Assets/AnimeCitySuburbs/Models/Decals/SM_StreetMarkings_Line02.uexp" 5094
"D:/UE_project/Blaster/Content/Assets/AnimeCitySuburbs/Models/Park/SM_PavementCross.ubulk" 5095
"D:/UE_project/Blaster/Content/Assets/AnimeCitySuburbs/Models/Park/SM_PavementCross.uasset" 5096
"D:/UE_project/Blaster/Content/Assets/AnimeCitySuburbs/Models/Park/SM_PavementCross.uexp" 5097
"D:/UE_project/Blaster/Content/Assets/AnimeCitySuburbs/Textures/T_Interior5_D.uasset" 5098
"D:/UE_project/Blaster/Content/Assets/AnimeCitySuburbs/Textures/T_Interior5_D.uexp" 5099
"D:/UE_project/Blaster/Content/Assets/AnimeCitySuburbs/Materials/MI_Windows_Inst_Inst_Inst.uasset" 5100
"D:/UE_project/Blaster/Content/Assets/AnimeCitySuburbs/Materials/MI_Windows_Inst_Inst_Inst.uexp" 5101
"D:/UE_project/Blaster/Content/Assets/AnimeCitySuburbs/Models/Fence/SM_Fence02_pillar.ubulk" 5102
"D:/UE_project/Blaster/Content/Assets/AnimeCitySuburbs/Models/Fence/SM_Fence02_pillar.uasset" 5103
"D:/UE_project/Blaster/Content/Assets/AnimeCitySuburbs/Models/Fence/SM_Fence02_pillar.uexp" 5104
"D:/UE_project/Blaster/Content/Assets/AnimeCitySuburbs/Models/BuildingPieces/SM_RoofB_06.ubulk" 5105
"D:/UE_project/Blaster/Content/Assets/AnimeCitySuburbs/Models/BuildingPieces/SM_RoofB_06.uasset" 5106
"D:/UE_project/Blaster/Content/Assets/AnimeCitySuburbs/Models/BuildingPieces/SM_RoofB_06.uexp" 5107
"D:/UE_project/Blaster/Content/Assets/AnimeCitySuburbs/Models/Road/SM_Road01_piece.ubulk" 5108
"D:/UE_project/Blaster/Content/Assets/AnimeCitySuburbs/Models/Road/SM_Road01_piece.uasset" 5109
"D:/UE_project/Blaster/Content/Assets/AnimeCitySuburbs/Models/Road/SM_Road01_piece.uexp" 5110
"D:/UE_project/Blaster/Content/Assets/AnimeCitySuburbs/Models/Props/SM_PotPlant02.ubulk" 5111
"D:/UE_project/Blaster/Content/Assets/AnimeCitySuburbs/Models/Props/SM_PotPlant02.uasset" 5112
"D:/UE_project/Blaster/Content/Assets/AnimeCitySuburbs/Models/Props/SM_PotPlant02.uexp" 5113
"D:/UE_project/Blaster/Content/Assets/AnimeCitySuburbs/Models/Shop03/SM_Carpet.ubulk" 5114
"D:/UE_project/Blaster/Content/Assets/AnimeCitySuburbs/Models/Shop03/SM_Carpet.uasset" 5115
"D:/UE_project/Blaster/Content/Assets/AnimeCitySuburbs/Models/Shop03/SM_Carpet.uexp" 5116
"D:/UE_project/Blaster/Content/Assets/AnimeCitySuburbs/Models/Repairs/SM_VanDoors.ubulk" 5117
"D:/UE_project/Blaster/Content/Assets/AnimeCitySuburbs/Models/Repairs/SM_VanDoors.uasset" 5118
"D:/UE_project/Blaster/Content/Assets/AnimeCitySuburbs/Models/Repairs/SM_VanDoors.uexp" 5119
"D:/UE_project/Blaster/Content/Assets/AnimeCitySuburbs/Models/BGBuildings/SM_BGHouse02.ubulk" 5120
"D:/UE_project/Blaster/Content/Assets/AnimeCitySuburbs/Models/BGBuildings/SM_BGHouse02.uasset" 5121
"D:/UE_project/Blaster/Content/Assets/AnimeCitySuburbs/Models/BGBuildings/SM_BGHouse02.uexp" 5122
"D:/UE_project/Blaster/Content/Assets/AnimeCitySuburbs/Textures/T_Lamp1_BC.ubulk" 5123
"D:/UE_project/Blaster/Content/Assets/AnimeCitySuburbs/Textures/T_Lamp1_BC.uasset" 5124
"D:/UE_project/Blaster/Content/Assets/AnimeCitySuburbs/Textures/T_Lamp1_BC.uexp" 5125
"D:/UE_project/Blaster/Content/Assets/AnimeCitySuburbs/Textures/T_Lamp1_N.ubulk" 5126
"D:/UE_project/Blaster/Content/Assets/AnimeCitySuburbs/Textures/T_Lamp1_N.uasset" 5127
"D:/UE_project/Blaster/Content/Assets/AnimeCitySuburbs/Textures/T_Lamp1_N.uexp" 5128
"D:/UE_project/Blaster/Content/Assets/AnimeCitySuburbs/Textures/T_Lamp1_ORM.ubulk" 5129
"D:/UE_project/Blaster/Content/Assets/AnimeCitySuburbs/Textures/T_Lamp1_ORM.uasset" 5130
"D:/UE_project/Blaster/Content/Assets/AnimeCitySuburbs/Textures/T_Lamp1_ORM.uexp" 5131
"D:/UE_project/Blaster/Content/Assets/AnimeCitySuburbs/Textures/T_Lamp1_E.ubulk" 5132
"D:/UE_project/Blaster/Content/Assets/AnimeCitySuburbs/Textures/T_Lamp1_E.uasset" 5133
"D:/UE_project/Blaster/Content/Assets/AnimeCitySuburbs/Textures/T_Lamp1_E.uexp" 5134
"D:/UE_project/Blaster/Content/Assets/AnimeCitySuburbs/Materials/MI_Lamp1.uasset" 5135
"D:/UE_project/Blaster/Content/Assets/AnimeCitySuburbs/Materials/MI_Lamp1.uexp" 5136
"D:/UE_project/Blaster/Content/Assets/AnimeCitySuburbs/Models/Props/SM_Lamp.ubulk" 5137
"D:/UE_project/Blaster/Content/Assets/AnimeCitySuburbs/Models/Props/SM_Lamp.uasset" 5138
"D:/UE_project/Blaster/Content/Assets/AnimeCitySuburbs/Models/Props/SM_Lamp.uexp" 5139
"../../../Engine/Plugins/FX/Niagara/Content/Enums/ENiagaraCoordinateSpace.uasset" 5140
"../../../Engine/Plugins/FX/Niagara/Content/Enums/ENiagaraCoordinateSpace.uexp" 5141
"../../../Engine/Plugins/FX/Niagara/Content/Enums/ENiagaraTorusDistributionMode.uasset" 5142
"../../../Engine/Plugins/FX/Niagara/Content/Enums/ENiagaraTorusDistributionMode.uexp" 5143
"D:/UE_project/Blaster/Content/Assets/sA_PickupSet_1/Materials/Textures/T_NoiseFurry.ubulk" 5144
"D:/UE_project/Blaster/Content/Assets/sA_PickupSet_1/Materials/Textures/T_NoiseFurry.uasset" 5145
"D:/UE_project/Blaster/Content/Assets/sA_PickupSet_1/Materials/Textures/T_NoiseFurry.uexp" 5146
"D:/UE_project/Blaster/Content/Assets/sA_PickupSet_1/Materials/Textures/T_Noise_DistortedCaustic.ubulk" 5147
"D:/UE_project/Blaster/Content/Assets/sA_PickupSet_1/Materials/Textures/T_Noise_DistortedCaustic.uasset" 5148
"D:/UE_project/Blaster/Content/Assets/sA_PickupSet_1/Materials/Textures/T_Noise_DistortedCaustic.uexp" 5149
"D:/UE_project/Blaster/Content/Assets/sA_PickupSet_1/Materials/M_sA_Aura.uasset" 5150
"D:/UE_project/Blaster/Content/Assets/sA_PickupSet_1/Materials/M_sA_Aura.uexp" 5151
"D:/UE_project/Blaster/Content/Assets/sA_PickupSet_1/Materials/MI_Aura_1.uasset" 5152
"D:/UE_project/Blaster/Content/Assets/sA_PickupSet_1/Materials/MI_Aura_1.uexp" 5153
"D:/UE_project/Blaster/Content/Assets/sA_PickupSet_1/Models/SM_Pickup_ss.ubulk" 5154
"D:/UE_project/Blaster/Content/Assets/sA_PickupSet_1/Models/SM_Pickup_ss.uasset" 5155
"D:/UE_project/Blaster/Content/Assets/sA_PickupSet_1/Models/SM_Pickup_ss.uexp" 5156
"D:/UE_project/Blaster/Content/Assets/sA_PickupSet_1/Models/SM_Energy_1.ubulk" 5157
"D:/UE_project/Blaster/Content/Assets/sA_PickupSet_1/Models/SM_Energy_1.uasset" 5158
"D:/UE_project/Blaster/Content/Assets/sA_PickupSet_1/Models/SM_Energy_1.uexp" 5159
"D:/UE_project/Blaster/Content/Assets/sA_PickupSet_1/Fx/NiagaraSystems/NS_Pickup_2.uasset" 5160
"D:/UE_project/Blaster/Content/Assets/sA_PickupSet_1/Fx/NiagaraSystems/NS_Pickup_2.uexp" 5161
"D:/UE_project/Blaster/Content/Assets/Sounds/Pickups/sw_Amb_OS_26.ubulk" 5162
"D:/UE_project/Blaster/Content/Assets/Sounds/Pickups/sw_Amb_OS_26.uasset" 5163
"D:/UE_project/Blaster/Content/Assets/Sounds/Pickups/sw_Amb_OS_26.uexp" 5164
"D:/UE_project/Blaster/Content/Assets/Sounds/Pickups/SpeedBuff_Cue.uasset" 5165
"D:/UE_project/Blaster/Content/Assets/Sounds/Pickups/SpeedBuff_Cue.uexp" 5166
"D:/UE_project/Blaster/Content/Assets/sA_PickupSet_1/Fx/NiagaraSystems/NS_Energy_2.uasset" 5167
"D:/UE_project/Blaster/Content/Assets/sA_PickupSet_1/Fx/NiagaraSystems/NS_Energy_2.uexp" 5168
"D:/UE_project/Blaster/Content/Blueprint/Pickups/BuffPickups/BP_SpeedPickup.uasset" 5169
"D:/UE_project/Blaster/Content/Blueprint/Pickups/BuffPickups/BP_SpeedPickup.uexp" 5170
"D:/UE_project/Blaster/Content/Assets/InterfaceAndItemSounds/WAV/Special_Powerup_08_wav.ubulk" 5171
"D:/UE_project/Blaster/Content/Assets/InterfaceAndItemSounds/WAV/Special_Powerup_08_wav.uasset" 5172
"D:/UE_project/Blaster/Content/Assets/InterfaceAndItemSounds/WAV/Special_Powerup_08_wav.uexp" 5173
"D:/UE_project/Blaster/Content/Assets/InterfaceAndItemSounds/Cues/Special_Powerup_08_wav_Cue.uasset" 5174
"D:/UE_project/Blaster/Content/Assets/InterfaceAndItemSounds/Cues/Special_Powerup_08_wav_Cue.uexp" 5175
"D:/UE_project/Blaster/Content/Assets/sA_PickupSet_1/Models/SM_Pickup_Magic.ubulk" 5176
"D:/UE_project/Blaster/Content/Assets/sA_PickupSet_1/Models/SM_Pickup_Magic.uasset" 5177
"D:/UE_project/Blaster/Content/Assets/sA_PickupSet_1/Models/SM_Pickup_Magic.uexp" 5178
"D:/UE_project/Blaster/Content/Assets/sA_PickupSet_1/Fx/NiagaraSystems/NS_Magic_1.uasset" 5179
"D:/UE_project/Blaster/Content/Assets/sA_PickupSet_1/Fx/NiagaraSystems/NS_Magic_1.uexp" 5180
"D:/UE_project/Blaster/Content/Assets/sA_PickupSet_1/Fx/NiagaraSystems/NS_Pickup_5.uasset" 5181
"D:/UE_project/Blaster/Content/Assets/sA_PickupSet_1/Fx/NiagaraSystems/NS_Pickup_5.uexp" 5182
"D:/UE_project/Blaster/Content/Blueprint/Pickups/BuffPickups/BP_JumpPickup.uasset" 5183
"D:/UE_project/Blaster/Content/Blueprint/Pickups/BuffPickups/BP_JumpPickup.uexp" 5184
"D:/UE_project/Blaster/Content/Assets/sA_PickupSet_1/Models/SM_Pickup_Health.ubulk" 5185
"D:/UE_project/Blaster/Content/Assets/sA_PickupSet_1/Models/SM_Pickup_Health.uasset" 5186
"D:/UE_project/Blaster/Content/Assets/sA_PickupSet_1/Models/SM_Pickup_Health.uexp" 5187
"D:/UE_project/Blaster/Content/Assets/sA_PickupSet_1/Fx/NiagaraSystems/NS_Healing_1.uasset" 5188
"D:/UE_project/Blaster/Content/Assets/sA_PickupSet_1/Fx/NiagaraSystems/NS_Healing_1.uexp" 5189
"D:/UE_project/Blaster/Content/Assets/sA_PickupSet_1/Fx/NiagaraSystems/NS_Pickup_3.uasset" 5190
"D:/UE_project/Blaster/Content/Assets/sA_PickupSet_1/Fx/NiagaraSystems/NS_Pickup_3.uexp" 5191
"D:/UE_project/Blaster/Content/Assets/Sounds/Pickups/sw_Pickup_Health.ubulk" 5192
"D:/UE_project/Blaster/Content/Assets/Sounds/Pickups/sw_Pickup_Health.uasset" 5193
"D:/UE_project/Blaster/Content/Assets/Sounds/Pickups/sw_Pickup_Health.uexp" 5194
"D:/UE_project/Blaster/Content/Assets/Sounds/Pickups/HealthPickup_Cue.uasset" 5195
"D:/UE_project/Blaster/Content/Assets/Sounds/Pickups/HealthPickup_Cue.uexp" 5196
"D:/UE_project/Blaster/Content/Blueprint/Pickups/BuffPickups/BP_HealthPickup.uasset" 5197
"D:/UE_project/Blaster/Content/Blueprint/Pickups/BuffPickups/BP_HealthPickup.uexp" 5198
"D:/UE_project/Blaster/Content/Assets/Sounds/Pickups/Special_Powerup_01_wav.ubulk" 5199
"D:/UE_project/Blaster/Content/Assets/Sounds/Pickups/Special_Powerup_01_wav.uasset" 5200
"D:/UE_project/Blaster/Content/Assets/Sounds/Pickups/Special_Powerup_01_wav.uexp" 5201
"D:/UE_project/Blaster/Content/Assets/Sounds/Pickups/ShieldBuff_Cue.uasset" 5202
"D:/UE_project/Blaster/Content/Assets/Sounds/Pickups/ShieldBuff_Cue.uexp" 5203
"D:/UE_project/Blaster/Content/Assets/sA_PickupSet_1/Models/SM_Pickup_Defence.ubulk" 5204
"D:/UE_project/Blaster/Content/Assets/sA_PickupSet_1/Models/SM_Pickup_Defence.uasset" 5205
"D:/UE_project/Blaster/Content/Assets/sA_PickupSet_1/Models/SM_Pickup_Defence.uexp" 5206
"D:/UE_project/Blaster/Content/Assets/sA_PickupSet_1/Fx/NiagaraSystems/NS_Pickup_4.uasset" 5207
"D:/UE_project/Blaster/Content/Assets/sA_PickupSet_1/Fx/NiagaraSystems/NS_Pickup_4.uexp" 5208
"D:/UE_project/Blaster/Content/Blueprint/Pickups/BuffPickups/BP_ShieldPickup.uasset" 5209
"D:/UE_project/Blaster/Content/Blueprint/Pickups/BuffPickups/BP_ShieldPickup.uexp" 5210
"D:/UE_project/Blaster/Content/Blueprint/Pickups/BP_BuffSpawnPoint.uasset" 5211
"D:/UE_project/Blaster/Content/Blueprint/Pickups/BP_BuffSpawnPoint.uexp" 5212
"D:/UE_project/Blaster/Content/Assets/AnimeCitySuburbs/Models/Props/SM_Sign3.ubulk" 5213
"D:/UE_project/Blaster/Content/Assets/AnimeCitySuburbs/Models/Props/SM_Sign3.uasset" 5214
"D:/UE_project/Blaster/Content/Assets/AnimeCitySuburbs/Models/Props/SM_Sign3.uexp" 5215
"D:/UE_project/Blaster/Content/Assets/AnimeCitySuburbs/Models/BuildingPieces/SM_Doors01.ubulk" 5216
"D:/UE_project/Blaster/Content/Assets/AnimeCitySuburbs/Models/BuildingPieces/SM_Doors01.uasset" 5217
"D:/UE_project/Blaster/Content/Assets/AnimeCitySuburbs/Models/BuildingPieces/SM_Doors01.uexp" 5218
"D:/UE_project/Blaster/Content/Assets/AnimeCitySuburbs/Materials/M_Bicycle_Trans.uasset" 5219
"D:/UE_project/Blaster/Content/Assets/AnimeCitySuburbs/Materials/M_Bicycle_Trans.uexp" 5220
"D:/UE_project/Blaster/Content/Assets/AnimeCitySuburbs/Models/Props/SM_Bike.ubulk" 5221
"D:/UE_project/Blaster/Content/Assets/AnimeCitySuburbs/Models/Props/SM_Bike.uasset" 5222
"D:/UE_project/Blaster/Content/Assets/AnimeCitySuburbs/Models/Props/SM_Bike.uexp" 5223
"D:/UE_project/Blaster/Content/Assets/AnimeCitySuburbs/Models/Park/SM_Swing01.ubulk" 5224
"D:/UE_project/Blaster/Content/Assets/AnimeCitySuburbs/Models/Park/SM_Swing01.uasset" 5225
"D:/UE_project/Blaster/Content/Assets/AnimeCitySuburbs/Models/Park/SM_Swing01.uexp" 5226
"D:/UE_project/Blaster/Content/Assets/AnimeCitySuburbs/Models/Park/SM_Swings.ubulk" 5227
"D:/UE_project/Blaster/Content/Assets/AnimeCitySuburbs/Models/Park/SM_Swings.uasset" 5228
"D:/UE_project/Blaster/Content/Assets/AnimeCitySuburbs/Models/Park/SM_Swings.uexp" 5229
"D:/UE_project/Blaster/Content/Assets/AnimeCitySuburbs/Blueprints/Playground/BP_Swings.uasset" 5230
"D:/UE_project/Blaster/Content/Assets/AnimeCitySuburbs/Blueprints/Playground/BP_Swings.uexp" 5231
"D:/UE_project/Blaster/Content/Assets/AnimeCitySuburbs/Models/Electronics/SM_Antenna02.ubulk" 5232
"D:/UE_project/Blaster/Content/Assets/AnimeCitySuburbs/Models/Electronics/SM_Antenna02.uasset" 5233
"D:/UE_project/Blaster/Content/Assets/AnimeCitySuburbs/Models/Electronics/SM_Antenna02.uexp" 5234
"D:/UE_project/Blaster/Content/Assets/AnimeCitySuburbs/Models/TramSet/SM_Cable1.ubulk" 5235
"D:/UE_project/Blaster/Content/Assets/AnimeCitySuburbs/Models/TramSet/SM_Cable1.uasset" 5236
"D:/UE_project/Blaster/Content/Assets/AnimeCitySuburbs/Models/TramSet/SM_Cable1.uexp" 5237
"D:/UE_project/Blaster/Content/Assets/AnimeCitySuburbs/Materials/MI_Bush02.uasset" 5238
"D:/UE_project/Blaster/Content/Assets/AnimeCitySuburbs/Materials/MI_Bush02.uexp" 5239
"D:/UE_project/Blaster/Content/Assets/AnimeCitySuburbs/FX/NS_WaterSplash.uasset" 5240
"D:/UE_project/Blaster/Content/Assets/AnimeCitySuburbs/FX/NS_WaterSplash.uexp" 5241
"D:/UE_project/Blaster/Content/Assets/AnimeCitySuburbs/Models/Props/SM_Stone_1.ubulk" 5242
"D:/UE_project/Blaster/Content/Assets/AnimeCitySuburbs/Models/Props/SM_Stone_1.uasset" 5243
"D:/UE_project/Blaster/Content/Assets/AnimeCitySuburbs/Models/Props/SM_Stone_1.uexp" 5244
"D:/UE_project/Blaster/Content/Assets/AnimeCitySuburbs/Models/Props/SM_Stone_2.ubulk" 5245
"D:/UE_project/Blaster/Content/Assets/AnimeCitySuburbs/Models/Props/SM_Stone_2.uasset" 5246
"D:/UE_project/Blaster/Content/Assets/AnimeCitySuburbs/Models/Props/SM_Stone_2.uexp" 5247
"D:/UE_project/Blaster/Content/Assets/AnimeCitySuburbs/Models/Vehicles/SM_Tram.ubulk" 5248
"D:/UE_project/Blaster/Content/Assets/AnimeCitySuburbs/Models/Vehicles/SM_Tram.uasset" 5249
"D:/UE_project/Blaster/Content/Assets/AnimeCitySuburbs/Models/Vehicles/SM_Tram.uexp" 5250
"D:/UE_project/Blaster/Content/Assets/AnimeCitySuburbs/Models/BGBuildings/SM_BGBuilding2.ubulk" 5251
"D:/UE_project/Blaster/Content/Assets/AnimeCitySuburbs/Models/BGBuildings/SM_BGBuilding2.uasset" 5252
"D:/UE_project/Blaster/Content/Assets/AnimeCitySuburbs/Models/BGBuildings/SM_BGBuilding2.uexp" 5253
"D:/UE_project/Blaster/Content/Assets/AnimeCitySuburbs/Textures/T_RoofTile02_N.ubulk" 5254
"D:/UE_project/Blaster/Content/Assets/AnimeCitySuburbs/Textures/T_RoofTile02_N.uasset" 5255
"D:/UE_project/Blaster/Content/Assets/AnimeCitySuburbs/Textures/T_RoofTile02_N.uexp" 5256
"D:/UE_project/Blaster/Content/Assets/AnimeCitySuburbs/Textures/T_RoofTile02_ORM.ubulk" 5257
"D:/UE_project/Blaster/Content/Assets/AnimeCitySuburbs/Textures/T_RoofTile02_ORM.uasset" 5258
"D:/UE_project/Blaster/Content/Assets/AnimeCitySuburbs/Textures/T_RoofTile02_ORM.uexp" 5259
"D:/UE_project/Blaster/Content/Assets/AnimeCitySuburbs/Textures/T_RoofTile02_A.ubulk" 5260
"D:/UE_project/Blaster/Content/Assets/AnimeCitySuburbs/Textures/T_RoofTile02_A.uasset" 5261
"D:/UE_project/Blaster/Content/Assets/AnimeCitySuburbs/Textures/T_RoofTile02_A.uexp" 5262
"D:/UE_project/Blaster/Content/Assets/AnimeCitySuburbs/Materials/MI_RoofTile02.uasset" 5263
"D:/UE_project/Blaster/Content/Assets/AnimeCitySuburbs/Materials/MI_RoofTile02.uexp" 5264
"D:/UE_project/Blaster/Content/Assets/Weapon_Pack/Textures/Weapons/T_Weapon_Set1_BaseColor.ubulk" 5265
"D:/UE_project/Blaster/Content/Assets/Weapon_Pack/Textures/Weapons/T_Weapon_Set1_BaseColor.uasset" 5266
"D:/UE_project/Blaster/Content/Assets/Weapon_Pack/Textures/Weapons/T_Weapon_Set1_BaseColor.uexp" 5267
"D:/UE_project/Blaster/Content/Assets/Weapon_Pack/Textures/Weapons/T_Weapon_Set1_OcclusionRoughnessMetallic.ubulk" 5268
"D:/UE_project/Blaster/Content/Assets/Weapon_Pack/Textures/Weapons/T_Weapon_Set1_OcclusionRoughnessMetallic.uasset" 5269
"D:/UE_project/Blaster/Content/Assets/Weapon_Pack/Textures/Weapons/T_Weapon_Set1_OcclusionRoughnessMetallic.uexp" 5270
"D:/UE_project/Blaster/Content/Assets/Weapon_Pack/Textures/Weapons/T_Weapon_Set1_Normal.ubulk" 5271
"D:/UE_project/Blaster/Content/Assets/Weapon_Pack/Textures/Weapons/T_Weapon_Set1_Normal.uasset" 5272
"D:/UE_project/Blaster/Content/Assets/Weapon_Pack/Textures/Weapons/T_Weapon_Set1_Normal.uexp" 5273
"D:/UE_project/Blaster/Content/Assets/Weapon_Pack/Materials/Weapons/M_Flag.uasset" 5274
"D:/UE_project/Blaster/Content/Assets/Weapon_Pack/Materials/Weapons/M_Flag.uexp" 5275
"D:/UE_project/Blaster/Content/Assets/Weapon_Pack/Materials/Weapons/MI_FlagRed.uasset" 5276
"D:/UE_project/Blaster/Content/Assets/Weapon_Pack/Materials/Weapons/MI_FlagRed.uexp" 5277
"D:/UE_project/Blaster/Content/Assets/Weapon_Pack/Materials/Weapons/M_WeaponSet_1.uasset" 5278
"D:/UE_project/Blaster/Content/Assets/Weapon_Pack/Materials/Weapons/M_WeaponSet_1.uexp" 5279
"D:/UE_project/Blaster/Content/Assets/Weapon_Pack/Mesh/Weapons/Weapons_Kit/SM_Sword.ubulk" 5280
"D:/UE_project/Blaster/Content/Assets/Weapon_Pack/Mesh/Weapons/Weapons_Kit/SM_Sword.uasset" 5281
"D:/UE_project/Blaster/Content/Assets/Weapon_Pack/Mesh/Weapons/Weapons_Kit/SM_Sword.uexp" 5282
"D:/UE_project/Blaster/Content/Blueprint/Weapon/BP_RedFlag.uasset" 5283
"D:/UE_project/Blaster/Content/Blueprint/Weapon/BP_RedFlag.uexp" 5284
"D:/UE_project/Blaster/Content/Assets/AnimeCitySuburbs/FX/NS_WaterRipple.uasset" 5285
"D:/UE_project/Blaster/Content/Assets/AnimeCitySuburbs/FX/NS_WaterRipple.uexp" 5286
"../../../Engine/Content/EngineMaterials/BlendFunc_DefBlend.uasset" 5287
"../../../Engine/Content/EngineMaterials/BlendFunc_DefBlend.uexp" 5288
"../../../Engine/Content/EngineMaterials/BlendFunc_DefBase.uasset" 5289
"../../../Engine/Content/EngineMaterials/BlendFunc_DefBase.uexp" 5290
"../../../Engine/Content/Functions/Engine_MaterialFunctions03/Blends/Blend_Overlay.uasset" 5291
"../../../Engine/Content/Functions/Engine_MaterialFunctions03/Blends/Blend_Overlay.uexp" 5292
"D:/UE_project/Blaster/Content/Assets/AnimeCitySuburbs/Textures/T_Gradient_BC.ubulk" 5293
"D:/UE_project/Blaster/Content/Assets/AnimeCitySuburbs/Textures/T_Gradient_BC.uasset" 5294
"D:/UE_project/Blaster/Content/Assets/AnimeCitySuburbs/Textures/T_Gradient_BC.uexp" 5295
"D:/UE_project/Blaster/Content/Assets/AnimeCitySuburbs/Materials/M_Hologram.uasset" 5296
"D:/UE_project/Blaster/Content/Assets/AnimeCitySuburbs/Materials/M_Hologram.uexp" 5297
"D:/UE_project/Blaster/Content/Assets/AnimeCitySuburbs/Materials/MI_Hologram.uasset" 5298
"D:/UE_project/Blaster/Content/Assets/AnimeCitySuburbs/Materials/MI_Hologram.uexp" 5299
"D:/UE_project/Blaster/Content/Assets/AnimeCitySuburbs/Models/Props/SM_HoloObj01.ubulk" 5300
"D:/UE_project/Blaster/Content/Assets/AnimeCitySuburbs/Models/Props/SM_HoloObj01.uasset" 5301
"D:/UE_project/Blaster/Content/Assets/AnimeCitySuburbs/Models/Props/SM_HoloObj01.uexp" 5302
"D:/UE_project/Blaster/Content/Assets/AnimeCitySuburbs/Materials/MI_HardGlow.uasset" 5303
"D:/UE_project/Blaster/Content/Assets/AnimeCitySuburbs/Materials/MI_HardGlow.uexp" 5304
"D:/UE_project/Blaster/Content/Assets/AnimeCitySuburbs/Models/Props/SM_HoloProjector.ubulk" 5305
"D:/UE_project/Blaster/Content/Assets/AnimeCitySuburbs/Models/Props/SM_HoloProjector.uasset" 5306
"D:/UE_project/Blaster/Content/Assets/AnimeCitySuburbs/Models/Props/SM_HoloProjector.uexp" 5307
"D:/UE_project/Blaster/Content/Assets/AnimeCitySuburbs/Blueprints/BP_HologramBillboard.uasset" 5308
"D:/UE_project/Blaster/Content/Assets/AnimeCitySuburbs/Blueprints/BP_HologramBillboard.uexp" 5309
"D:/UE_project/Blaster/Content/Assets/AnimeCitySuburbs/Models/Fence/SM_Fence01.ubulk" 5310
"D:/UE_project/Blaster/Content/Assets/AnimeCitySuburbs/Models/Fence/SM_Fence01.uasset" 5311
"D:/UE_project/Blaster/Content/Assets/AnimeCitySuburbs/Models/Fence/SM_Fence01.uexp" 5312
"D:/UE_project/Blaster/Content/Assets/Weapon_Pack/Materials/Weapons/MI_FlagBlue.uasset" 5313
"D:/UE_project/Blaster/Content/Assets/Weapon_Pack/Materials/Weapons/MI_FlagBlue.uexp" 5314
"D:/UE_project/Blaster/Content/Blueprint/Weapon/BP_BlueFlag.uasset" 5315
"D:/UE_project/Blaster/Content/Blueprint/Weapon/BP_BlueFlag.uexp" 5316
"D:/UE_project/Blaster/Content/Assets/AnimeCitySuburbs/Models/Props/SM_SignStop.ubulk" 5317
"D:/UE_project/Blaster/Content/Assets/AnimeCitySuburbs/Models/Props/SM_SignStop.uasset" 5318
"D:/UE_project/Blaster/Content/Assets/AnimeCitySuburbs/Models/Props/SM_SignStop.uexp" 5319
"D:/UE_project/Blaster/Content/Maps/TestMap.uexp" 5320
"D:/UE_project/Blaster/Content/Maps/TestMap.umap" 5321
"D:/UE_project/Blaster/Content/Blueprint/Pickups/BP_ARSpawnPoint.uasset" 5322
"D:/UE_project/Blaster/Content/Blueprint/Pickups/BP_ARSpawnPoint.uexp" 5323
"D:/UE_project/Blaster/Content/Blueprint/Pickups/BP_SniperRifleSpawnPoint.uasset" 5324
"D:/UE_project/Blaster/Content/Blueprint/Pickups/BP_SniperRifleSpawnPoint.uexp" 5325
"D:/UE_project/Blaster/Content/Blueprint/Pickups/BP_SMGSpawnPoint.uasset" 5326
"D:/UE_project/Blaster/Content/Blueprint/Pickups/BP_SMGSpawnPoint.uexp" 5327
"D:/UE_project/Blaster/Content/Blueprint/GameMode/BP_TeamsGameMode.uasset" 5328
"D:/UE_project/Blaster/Content/Blueprint/GameMode/BP_TeamsGameMode.uexp" 5329
"D:/UE_project/Blaster/Content/Maps/Teams.uexp" 5330
"D:/UE_project/Blaster/Content/Maps/Teams.umap" 5331
"D:/UE_project/Blaster/Content/Assets/LS_Scifi_ModernCity/Textures/T_Grunge_03_O.ubulk" 5332
"D:/UE_project/Blaster/Content/Assets/LS_Scifi_ModernCity/Textures/T_Grunge_03_O.uasset" 5333
"D:/UE_project/Blaster/Content/Assets/LS_Scifi_ModernCity/Textures/T_Grunge_03_O.uexp" 5334
"D:/UE_project/Blaster/Content/Assets/LS_Scifi_ModernCity/Textures/T_Bricks_02_B.ubulk" 5335
"D:/UE_project/Blaster/Content/Assets/LS_Scifi_ModernCity/Textures/T_Bricks_02_B.uasset" 5336
"D:/UE_project/Blaster/Content/Assets/LS_Scifi_ModernCity/Textures/T_Bricks_02_B.uexp" 5337
"D:/UE_project/Blaster/Content/Assets/LS_Scifi_ModernCity/Textures/T_Grunge_01_O.ubulk" 5338
"D:/UE_project/Blaster/Content/Assets/LS_Scifi_ModernCity/Textures/T_Grunge_01_O.uasset" 5339
"D:/UE_project/Blaster/Content/Assets/LS_Scifi_ModernCity/Textures/T_Grunge_01_O.uexp" 5340
"D:/UE_project/Blaster/Content/Assets/LS_Scifi_ModernCity/Textures/T_Bricks_01_N.ubulk" 5341
"D:/UE_project/Blaster/Content/Assets/LS_Scifi_ModernCity/Textures/T_Bricks_01_N.uasset" 5342
"D:/UE_project/Blaster/Content/Assets/LS_Scifi_ModernCity/Textures/T_Bricks_01_N.uexp" 5343
"D:/UE_project/Blaster/Content/Assets/LS_Scifi_ModernCity/Textures/T_Bricks_01_M.ubulk" 5344
"D:/UE_project/Blaster/Content/Assets/LS_Scifi_ModernCity/Textures/T_Bricks_01_M.uasset" 5345
"D:/UE_project/Blaster/Content/Assets/LS_Scifi_ModernCity/Textures/T_Bricks_01_M.uexp" 5346
"D:/UE_project/Blaster/Content/Assets/LS_Scifi_ModernCity/Textures/T_Bricks_01_B.ubulk" 5347
"D:/UE_project/Blaster/Content/Assets/LS_Scifi_ModernCity/Textures/T_Bricks_01_B.uasset" 5348
"D:/UE_project/Blaster/Content/Assets/LS_Scifi_ModernCity/Textures/T_Bricks_01_B.uexp" 5349
"D:/UE_project/Blaster/Content/Assets/LS_Scifi_ModernCity/Materials/Master_Materials/MF_Saturation.uasset" 5350
"D:/UE_project/Blaster/Content/Assets/LS_Scifi_ModernCity/Materials/Master_Materials/MF_Saturation.uexp" 5351
"../../../Engine/Content/EngineMaterials/DefaultNormal_Uncompressed.ubulk" 5352
"../../../Engine/Content/EngineMaterials/DefaultNormal_Uncompressed.uasset" 5353
"../../../Engine/Content/EngineMaterials/DefaultNormal_Uncompressed.uexp" 5354
"../../../Engine/Content/Functions/Engine_MaterialFunctions02/Math/Transform3x3Matrix.uasset" 5355
"../../../Engine/Content/Functions/Engine_MaterialFunctions02/Math/Transform3x3Matrix.uexp" 5356
"../../../Engine/Content/Functions/Engine_MaterialFunctions02/Math/CreateThirdOrthogonalVector.uasset" 5357
"../../../Engine/Content/Functions/Engine_MaterialFunctions02/Math/CreateThirdOrthogonalVector.uexp" 5358
"../../../Engine/Content/Functions/Engine_MaterialFunctions02/WorldAlignedNormals_HighQuality.uasset" 5359
"../../../Engine/Content/Functions/Engine_MaterialFunctions02/WorldAlignedNormals_HighQuality.uexp" 5360
"../../../Engine/Content/Functions/Engine_MaterialFunctions01/Texturing/WorldAlignedNormal.uasset" 5361
"../../../Engine/Content/Functions/Engine_MaterialFunctions01/Texturing/WorldAlignedNormal.uexp" 5362
"D:/UE_project/Blaster/Content/Assets/LS_Scifi_ModernCity/Textures/T_Bricks_01_R.ubulk" 5363
"D:/UE_project/Blaster/Content/Assets/LS_Scifi_ModernCity/Textures/T_Bricks_01_R.uasset" 5364
"D:/UE_project/Blaster/Content/Assets/LS_Scifi_ModernCity/Textures/T_Bricks_01_R.uexp" 5365
"D:/UE_project/Blaster/Content/Assets/LS_Scifi_ModernCity/Textures/T_Bricks_01_AO.ubulk" 5366
"D:/UE_project/Blaster/Content/Assets/LS_Scifi_ModernCity/Textures/T_Bricks_01_AO.uasset" 5367
"D:/UE_project/Blaster/Content/Assets/LS_Scifi_ModernCity/Textures/T_Bricks_01_AO.uexp" 5368
"D:/UE_project/Blaster/Content/Assets/LS_Scifi_ModernCity/Materials/Master_Materials/MM_WorldAllignedTile.uasset" 5369
"D:/UE_project/Blaster/Content/Assets/LS_Scifi_ModernCity/Materials/Master_Materials/MM_WorldAllignedTile.uexp" 5370
"D:/UE_project/Blaster/Content/Assets/LS_Scifi_ModernCity/Textures/T_Bricks_02_M.ubulk" 5371
"D:/UE_project/Blaster/Content/Assets/LS_Scifi_ModernCity/Textures/T_Bricks_02_M.uasset" 5372
"D:/UE_project/Blaster/Content/Assets/LS_Scifi_ModernCity/Textures/T_Bricks_02_M.uexp" 5373
"D:/UE_project/Blaster/Content/Assets/LS_Scifi_ModernCity/Textures/T_Bricks_02_N.ubulk" 5374
"D:/UE_project/Blaster/Content/Assets/LS_Scifi_ModernCity/Textures/T_Bricks_02_N.uasset" 5375
"D:/UE_project/Blaster/Content/Assets/LS_Scifi_ModernCity/Textures/T_Bricks_02_N.uexp" 5376
"D:/UE_project/Blaster/Content/Assets/LS_Scifi_ModernCity/Textures/T_Bricks_02_AO.ubulk" 5377
"D:/UE_project/Blaster/Content/Assets/LS_Scifi_ModernCity/Textures/T_Bricks_02_AO.uasset" 5378
"D:/UE_project/Blaster/Content/Assets/LS_Scifi_ModernCity/Textures/T_Bricks_02_AO.uexp" 5379
"D:/UE_project/Blaster/Content/Assets/LS_Scifi_ModernCity/Textures/T_Bricks_02_R.ubulk" 5380
"D:/UE_project/Blaster/Content/Assets/LS_Scifi_ModernCity/Textures/T_Bricks_02_R.uasset" 5381
"D:/UE_project/Blaster/Content/Assets/LS_Scifi_ModernCity/Textures/T_Bricks_02_R.uexp" 5382
"D:/UE_project/Blaster/Content/Assets/LS_Scifi_ModernCity/Materials/MI_Bricks01_Tan_a.uasset" 5383
"D:/UE_project/Blaster/Content/Assets/LS_Scifi_ModernCity/Materials/MI_Bricks01_Tan_a.uexp" 5384
"D:/UE_project/Blaster/Content/Assets/LS_Scifi_ModernCity/Materials/MI_Bricks01_Tan_b.uasset" 5385
"D:/UE_project/Blaster/Content/Assets/LS_Scifi_ModernCity/Materials/MI_Bricks01_Tan_b.uexp" 5386
"D:/UE_project/Blaster/Content/Assets/LS_Scifi_ModernCity/Textures/T_Street_N.ubulk" 5387
"D:/UE_project/Blaster/Content/Assets/LS_Scifi_ModernCity/Textures/T_Street_N.uasset" 5388
"D:/UE_project/Blaster/Content/Assets/LS_Scifi_ModernCity/Textures/T_Street_N.uexp" 5389
"D:/UE_project/Blaster/Content/Assets/LS_Scifi_ModernCity/Textures/T_WhiteStripes_N.ubulk" 5390
"D:/UE_project/Blaster/Content/Assets/LS_Scifi_ModernCity/Textures/T_WhiteStripes_N.uasset" 5391
"D:/UE_project/Blaster/Content/Assets/LS_Scifi_ModernCity/Textures/T_WhiteStripes_N.uexp" 5392
"D:/UE_project/Blaster/Content/Assets/LS_Scifi_ModernCity/Textures/T_WhiteStripes_B.ubulk" 5393
"D:/UE_project/Blaster/Content/Assets/LS_Scifi_ModernCity/Textures/T_WhiteStripes_B.uasset" 5394
"D:/UE_project/Blaster/Content/Assets/LS_Scifi_ModernCity/Textures/T_WhiteStripes_B.uexp" 5395
"D:/UE_project/Blaster/Content/Assets/LS_Scifi_ModernCity/Textures/T_WhiteStripes_E.ubulk" 5396
"D:/UE_project/Blaster/Content/Assets/LS_Scifi_ModernCity/Textures/T_WhiteStripes_E.uasset" 5397
"D:/UE_project/Blaster/Content/Assets/LS_Scifi_ModernCity/Textures/T_WhiteStripes_E.uexp" 5398
"D:/UE_project/Blaster/Content/Assets/LS_Scifi_ModernCity/Materials/Master_Materials/MM_Decals.uasset" 5399
"D:/UE_project/Blaster/Content/Assets/LS_Scifi_ModernCity/Materials/Master_Materials/MM_Decals.uexp" 5400
"D:/UE_project/Blaster/Content/Assets/LS_Scifi_ModernCity/Materials/MI_Decal_White_Stripes.uasset" 5401
"D:/UE_project/Blaster/Content/Assets/LS_Scifi_ModernCity/Materials/MI_Decal_White_Stripes.uexp" 5402
"../../../Engine/Content/BasicShapes/Plane.ubulk" 5403
"../../../Engine/Content/BasicShapes/Plane.uasset" 5404
"../../../Engine/Content/BasicShapes/Plane.uexp" 5405
"D:/UE_project/Blaster/Content/Assets/LS_Scifi_ModernCity/Textures/T_SewerVents_B.ubulk" 5406
"D:/UE_project/Blaster/Content/Assets/LS_Scifi_ModernCity/Textures/T_SewerVents_B.uasset" 5407
"D:/UE_project/Blaster/Content/Assets/LS_Scifi_ModernCity/Textures/T_SewerVents_B.uexp" 5408
"D:/UE_project/Blaster/Content/Assets/LS_Scifi_ModernCity/Textures/T_SewerVents_ORM.ubulk" 5409
"D:/UE_project/Blaster/Content/Assets/LS_Scifi_ModernCity/Textures/T_SewerVents_ORM.uasset" 5410
"D:/UE_project/Blaster/Content/Assets/LS_Scifi_ModernCity/Textures/T_SewerVents_ORM.uexp" 5411
"D:/UE_project/Blaster/Content/Assets/LS_Scifi_ModernCity/Textures/T_B1_accents_B.ubulk" 5412
"D:/UE_project/Blaster/Content/Assets/LS_Scifi_ModernCity/Textures/T_B1_accents_B.uasset" 5413
"D:/UE_project/Blaster/Content/Assets/LS_Scifi_ModernCity/Textures/T_B1_accents_B.uexp" 5414
"D:/UE_project/Blaster/Content/Assets/LS_Scifi_ModernCity/Textures/T_Trim_01_ORM.ubulk" 5415
"D:/UE_project/Blaster/Content/Assets/LS_Scifi_ModernCity/Textures/T_Trim_01_ORM.uasset" 5416
"D:/UE_project/Blaster/Content/Assets/LS_Scifi_ModernCity/Textures/T_Trim_01_ORM.uexp" 5417
"D:/UE_project/Blaster/Content/Assets/LS_Scifi_ModernCity/Textures/T_FireEscape_O.ubulk" 5418
"D:/UE_project/Blaster/Content/Assets/LS_Scifi_ModernCity/Textures/T_FireEscape_O.uasset" 5419
"D:/UE_project/Blaster/Content/Assets/LS_Scifi_ModernCity/Textures/T_FireEscape_O.uexp" 5420
"D:/UE_project/Blaster/Content/Assets/LS_Scifi_ModernCity/Textures/T_Trim_01_N.ubulk" 5421
"D:/UE_project/Blaster/Content/Assets/LS_Scifi_ModernCity/Textures/T_Trim_01_N.uasset" 5422
"D:/UE_project/Blaster/Content/Assets/LS_Scifi_ModernCity/Textures/T_Trim_01_N.uexp" 5423
"D:/UE_project/Blaster/Content/Assets/LS_Scifi_ModernCity/Textures/T_Trim_01_E.ubulk" 5424
"D:/UE_project/Blaster/Content/Assets/LS_Scifi_ModernCity/Textures/T_Trim_01_E.uasset" 5425
"D:/UE_project/Blaster/Content/Assets/LS_Scifi_ModernCity/Textures/T_Trim_01_E.uexp" 5426
"D:/UE_project/Blaster/Content/Assets/LS_Scifi_ModernCity/Textures/T_Trim_01_B.ubulk" 5427
"D:/UE_project/Blaster/Content/Assets/LS_Scifi_ModernCity/Textures/T_Trim_01_B.uasset" 5428
"D:/UE_project/Blaster/Content/Assets/LS_Scifi_ModernCity/Textures/T_Trim_01_B.uexp" 5429
"D:/UE_project/Blaster/Content/Assets/LS_Scifi_ModernCity/Materials/Master_Materials/MM_PropTrim.uasset" 5430
"D:/UE_project/Blaster/Content/Assets/LS_Scifi_ModernCity/Materials/Master_Materials/MM_PropTrim.uexp" 5431
"D:/UE_project/Blaster/Content/Assets/LS_Scifi_ModernCity/Textures/T_B1_accents_N.ubulk" 5432
"D:/UE_project/Blaster/Content/Assets/LS_Scifi_ModernCity/Textures/T_B1_accents_N.uasset" 5433
"D:/UE_project/Blaster/Content/Assets/LS_Scifi_ModernCity/Textures/T_B1_accents_N.uexp" 5434
"D:/UE_project/Blaster/Content/Assets/LS_Scifi_ModernCity/Textures/T_B1_accents_ORM.ubulk" 5435
"D:/UE_project/Blaster/Content/Assets/LS_Scifi_ModernCity/Textures/T_B1_accents_ORM.uasset" 5436
"D:/UE_project/Blaster/Content/Assets/LS_Scifi_ModernCity/Textures/T_B1_accents_ORM.uexp" 5437
"D:/UE_project/Blaster/Content/Assets/LS_Scifi_ModernCity/Materials/MI_B1_Accents_a.uasset" 5438
"D:/UE_project/Blaster/Content/Assets/LS_Scifi_ModernCity/Materials/MI_B1_Accents_a.uexp" 5439
"D:/UE_project/Blaster/Content/Assets/LS_Scifi_ModernCity/Textures/T_SewerVents_N.ubulk" 5440
"D:/UE_project/Blaster/Content/Assets/LS_Scifi_ModernCity/Textures/T_SewerVents_N.uasset" 5441
"D:/UE_project/Blaster/Content/Assets/LS_Scifi_ModernCity/Textures/T_SewerVents_N.uexp" 5442
"D:/UE_project/Blaster/Content/Assets/LS_Scifi_ModernCity/Materials/MI_Sewer_Vents.uasset" 5443
"D:/UE_project/Blaster/Content/Assets/LS_Scifi_ModernCity/Materials/MI_Sewer_Vents.uexp" 5444
"D:/UE_project/Blaster/Content/Assets/LS_Scifi_ModernCity/Materials/MI_Bricks01_Yellow_a.uasset" 5445
"D:/UE_project/Blaster/Content/Assets/LS_Scifi_ModernCity/Materials/MI_Bricks01_Yellow_a.uexp" 5446
"D:/UE_project/Blaster/Content/Assets/LS_Scifi_ModernCity/Textures/T_Bridge_GaurdRails_R.ubulk" 5447
"D:/UE_project/Blaster/Content/Assets/LS_Scifi_ModernCity/Textures/T_Bridge_GaurdRails_R.uasset" 5448
"D:/UE_project/Blaster/Content/Assets/LS_Scifi_ModernCity/Textures/T_Bridge_GaurdRails_R.uexp" 5449
"D:/UE_project/Blaster/Content/Assets/LS_Scifi_ModernCity/Materials/Master_Materials/MM_FlatColor.uasset" 5450
"D:/UE_project/Blaster/Content/Assets/LS_Scifi_ModernCity/Materials/Master_Materials/MM_FlatColor.uexp" 5451
"D:/UE_project/Blaster/Content/Assets/LS_Scifi_ModernCity/Materials/MI_FlatColor_Black.uasset" 5452
"D:/UE_project/Blaster/Content/Assets/LS_Scifi_ModernCity/Materials/MI_FlatColor_Black.uexp" 5453
"D:/UE_project/Blaster/Content/Assets/LS_Scifi_ModernCity/Meshes/Buildings/Building_2/SM_B2_Base_SewerVents.ubulk" 5454
"D:/UE_project/Blaster/Content/Assets/LS_Scifi_ModernCity/Meshes/Buildings/Building_2/SM_B2_Base_SewerVents.uasset" 5455
"D:/UE_project/Blaster/Content/Assets/LS_Scifi_ModernCity/Meshes/Buildings/Building_2/SM_B2_Base_SewerVents.uexp" 5456
"D:/UE_project/Blaster/Content/Assets/LS_Scifi_ModernCity/Textures/T_Trim_02_ORM.ubulk" 5457
"D:/UE_project/Blaster/Content/Assets/LS_Scifi_ModernCity/Textures/T_Trim_02_ORM.uasset" 5458
"D:/UE_project/Blaster/Content/Assets/LS_Scifi_ModernCity/Textures/T_Trim_02_ORM.uexp" 5459
"D:/UE_project/Blaster/Content/Assets/LS_Scifi_ModernCity/Textures/T_Trim_02_N.ubulk" 5460
"D:/UE_project/Blaster/Content/Assets/LS_Scifi_ModernCity/Textures/T_Trim_02_N.uasset" 5461
"D:/UE_project/Blaster/Content/Assets/LS_Scifi_ModernCity/Textures/T_Trim_02_N.uexp" 5462
"D:/UE_project/Blaster/Content/Assets/LS_Scifi_ModernCity/Textures/T_Trim_02_B.ubulk" 5463
"D:/UE_project/Blaster/Content/Assets/LS_Scifi_ModernCity/Textures/T_Trim_02_B.uasset" 5464
"D:/UE_project/Blaster/Content/Assets/LS_Scifi_ModernCity/Textures/T_Trim_02_B.uexp" 5465
"D:/UE_project/Blaster/Content/Assets/LS_Scifi_ModernCity/Materials/MI_B2_Trim_a.uasset" 5466
"D:/UE_project/Blaster/Content/Assets/LS_Scifi_ModernCity/Materials/MI_B2_Trim_a.uexp" 5467
"D:/UE_project/Blaster/Content/Assets/LS_Scifi_ModernCity/Materials/MI_B4_Trim_a.uasset" 5468
"D:/UE_project/Blaster/Content/Assets/LS_Scifi_ModernCity/Materials/MI_B4_Trim_a.uexp" 5469
"D:/UE_project/Blaster/Content/Assets/LS_Scifi_ModernCity/Materials/MI_B4_Trim_b.uasset" 5470
"D:/UE_project/Blaster/Content/Assets/LS_Scifi_ModernCity/Materials/MI_B4_Trim_b.uexp" 5471
"D:/UE_project/Blaster/Content/Assets/LS_Scifi_ModernCity/Textures/T_ScanLines_O.ubulk" 5472
"D:/UE_project/Blaster/Content/Assets/LS_Scifi_ModernCity/Textures/T_ScanLines_O.uasset" 5473
"D:/UE_project/Blaster/Content/Assets/LS_Scifi_ModernCity/Textures/T_ScanLines_O.uexp" 5474
"D:/UE_project/Blaster/Content/Assets/LS_Scifi_ModernCity/Textures/T_StoreSigns_O.ubulk" 5475
"D:/UE_project/Blaster/Content/Assets/LS_Scifi_ModernCity/Textures/T_StoreSigns_O.uasset" 5476
"D:/UE_project/Blaster/Content/Assets/LS_Scifi_ModernCity/Textures/T_StoreSigns_O.uexp" 5477
"D:/UE_project/Blaster/Content/Assets/LS_Scifi_ModernCity/Materials/Master_Materials/MM_EmissiveAccents.uasset" 5478
"D:/UE_project/Blaster/Content/Assets/LS_Scifi_ModernCity/Materials/Master_Materials/MM_EmissiveAccents.uexp" 5479
"D:/UE_project/Blaster/Content/Assets/LS_Scifi_ModernCity/Materials/MI_Emissive_Accents.uasset" 5480
"D:/UE_project/Blaster/Content/Assets/LS_Scifi_ModernCity/Materials/MI_Emissive_Accents.uexp" 5481
"D:/UE_project/Blaster/Content/Assets/LS_Scifi_ModernCity/Meshes/Props/SM_Steps.ubulk" 5482
"D:/UE_project/Blaster/Content/Assets/LS_Scifi_ModernCity/Meshes/Props/SM_Steps.uasset" 5483
"D:/UE_project/Blaster/Content/Assets/LS_Scifi_ModernCity/Meshes/Props/SM_Steps.uexp" 5484
"D:/UE_project/Blaster/Content/Assets/LS_Scifi_ModernCity/Textures/T_SideWalls_R.ubulk" 5485
"D:/UE_project/Blaster/Content/Assets/LS_Scifi_ModernCity/Textures/T_SideWalls_R.uasset" 5486
"D:/UE_project/Blaster/Content/Assets/LS_Scifi_ModernCity/Textures/T_SideWalls_R.uexp" 5487
"D:/UE_project/Blaster/Content/Assets/LS_Scifi_ModernCity/Textures/T_SideWalls_B.ubulk" 5488
"D:/UE_project/Blaster/Content/Assets/LS_Scifi_ModernCity/Textures/T_SideWalls_B.uasset" 5489
"D:/UE_project/Blaster/Content/Assets/LS_Scifi_ModernCity/Textures/T_SideWalls_B.uexp" 5490
"D:/UE_project/Blaster/Content/Assets/LS_Scifi_ModernCity/Materials/MI_Bricks01_Red_a.uasset" 5491
"D:/UE_project/Blaster/Content/Assets/LS_Scifi_ModernCity/Materials/MI_Bricks01_Red_a.uexp" 5492
"D:/UE_project/Blaster/Content/Assets/LS_Scifi_ModernCity/Textures/T_SideWalls_N.ubulk" 5493
"D:/UE_project/Blaster/Content/Assets/LS_Scifi_ModernCity/Textures/T_SideWalls_N.uasset" 5494
"D:/UE_project/Blaster/Content/Assets/LS_Scifi_ModernCity/Textures/T_SideWalls_N.uexp" 5495
"D:/UE_project/Blaster/Content/Assets/LS_Scifi_ModernCity/Textures/T_Bridge_Concrete_R.ubulk" 5496
"D:/UE_project/Blaster/Content/Assets/LS_Scifi_ModernCity/Textures/T_Bridge_Concrete_R.uasset" 5497
"D:/UE_project/Blaster/Content/Assets/LS_Scifi_ModernCity/Textures/T_Bridge_Concrete_R.uexp" 5498
"D:/UE_project/Blaster/Content/Assets/LS_Scifi_ModernCity/Textures/T_SideWalls_AO.ubulk" 5499
"D:/UE_project/Blaster/Content/Assets/LS_Scifi_ModernCity/Textures/T_SideWalls_AO.uasset" 5500
"D:/UE_project/Blaster/Content/Assets/LS_Scifi_ModernCity/Textures/T_SideWalls_AO.uexp" 5501
"D:/UE_project/Blaster/Content/Assets/LS_Scifi_ModernCity/Textures/T_Grunge_05_O.ubulk" 5502
"D:/UE_project/Blaster/Content/Assets/LS_Scifi_ModernCity/Textures/T_Grunge_05_O.uasset" 5503
"D:/UE_project/Blaster/Content/Assets/LS_Scifi_ModernCity/Textures/T_Grunge_05_O.uexp" 5504
"D:/UE_project/Blaster/Content/Assets/LS_Scifi_ModernCity/Textures/T_Bridge_Concrete_B.ubulk" 5505
"D:/UE_project/Blaster/Content/Assets/LS_Scifi_ModernCity/Textures/T_Bridge_Concrete_B.uasset" 5506
"D:/UE_project/Blaster/Content/Assets/LS_Scifi_ModernCity/Textures/T_Bridge_Concrete_B.uexp" 5507
"D:/UE_project/Blaster/Content/Assets/LS_Scifi_ModernCity/Materials/MI_Bridge_Concrete.uasset" 5508
"D:/UE_project/Blaster/Content/Assets/LS_Scifi_ModernCity/Materials/MI_Bridge_Concrete.uexp" 5509
"D:/UE_project/Blaster/Content/Assets/LS_Scifi_ModernCity/Textures/T_SideWalls_M.ubulk" 5510
"D:/UE_project/Blaster/Content/Assets/LS_Scifi_ModernCity/Textures/T_SideWalls_M.uasset" 5511
"D:/UE_project/Blaster/Content/Assets/LS_Scifi_ModernCity/Textures/T_SideWalls_M.uexp" 5512
"D:/UE_project/Blaster/Content/Assets/LS_Scifi_ModernCity/Materials/MI_Building_Sides.uasset" 5513
"D:/UE_project/Blaster/Content/Assets/LS_Scifi_ModernCity/Materials/MI_Building_Sides.uexp" 5514
"D:/UE_project/Blaster/Content/Assets/LS_Scifi_ModernCity/Meshes/Buildings/Building_2/SM_B2_Base_Corner.ubulk" 5515
"D:/UE_project/Blaster/Content/Assets/LS_Scifi_ModernCity/Meshes/Buildings/Building_2/SM_B2_Base_Corner.uasset" 5516
"D:/UE_project/Blaster/Content/Assets/LS_Scifi_ModernCity/Meshes/Buildings/Building_2/SM_B2_Base_Corner.uexp" 5517
"D:/UE_project/Blaster/Content/Assets/LS_Scifi_ModernCity/Textures/T_B2_accents_N.ubulk" 5518
"D:/UE_project/Blaster/Content/Assets/LS_Scifi_ModernCity/Textures/T_B2_accents_N.uasset" 5519
"D:/UE_project/Blaster/Content/Assets/LS_Scifi_ModernCity/Textures/T_B2_accents_N.uexp" 5520
"D:/UE_project/Blaster/Content/Assets/LS_Scifi_ModernCity/Textures/T_B2_accents_ORM.ubulk" 5521
"D:/UE_project/Blaster/Content/Assets/LS_Scifi_ModernCity/Textures/T_B2_accents_ORM.uasset" 5522
"D:/UE_project/Blaster/Content/Assets/LS_Scifi_ModernCity/Textures/T_B2_accents_ORM.uexp" 5523
"D:/UE_project/Blaster/Content/Assets/LS_Scifi_ModernCity/Textures/T_B2_accents_B.ubulk" 5524
"D:/UE_project/Blaster/Content/Assets/LS_Scifi_ModernCity/Textures/T_B2_accents_B.uasset" 5525
"D:/UE_project/Blaster/Content/Assets/LS_Scifi_ModernCity/Textures/T_B2_accents_B.uexp" 5526
"D:/UE_project/Blaster/Content/Assets/LS_Scifi_ModernCity/Materials/MI_B2_Accents_a.uasset" 5527
"D:/UE_project/Blaster/Content/Assets/LS_Scifi_ModernCity/Materials/MI_B2_Accents_a.uexp" 5528
"D:/UE_project/Blaster/Content/Assets/LS_Scifi_ModernCity/Meshes/Buildings/Building_2/SM_B2_Accent__Moulding_Accent__Moulding.ubulk" 5529
"D:/UE_project/Blaster/Content/Assets/LS_Scifi_ModernCity/Meshes/Buildings/Building_2/SM_B2_Accent__Moulding_Accent__Moulding.uasset" 5530
"D:/UE_project/Blaster/Content/Assets/LS_Scifi_ModernCity/Meshes/Buildings/Building_2/SM_B2_Accent__Moulding_Accent__Moulding.uexp" 5531
"D:/UE_project/Blaster/Content/Assets/LS_Scifi_ModernCity/Meshes/Buildings/Building_2/SM_B2_Accent_Cap.ubulk" 5532
"D:/UE_project/Blaster/Content/Assets/LS_Scifi_ModernCity/Meshes/Buildings/Building_2/SM_B2_Accent_Cap.uasset" 5533
"D:/UE_project/Blaster/Content/Assets/LS_Scifi_ModernCity/Meshes/Buildings/Building_2/SM_B2_Accent_Cap.uexp" 5534
"D:/UE_project/Blaster/Content/Assets/LS_Scifi_ModernCity/Textures/T_Street_B.ubulk" 5535
"D:/UE_project/Blaster/Content/Assets/LS_Scifi_ModernCity/Textures/T_Street_B.uasset" 5536
"D:/UE_project/Blaster/Content/Assets/LS_Scifi_ModernCity/Textures/T_Street_B.uexp" 5537
"D:/UE_project/Blaster/Content/Assets/LS_Scifi_ModernCity/Textures/T_Street_R.ubulk" 5538
"D:/UE_project/Blaster/Content/Assets/LS_Scifi_ModernCity/Textures/T_Street_R.uasset" 5539
"D:/UE_project/Blaster/Content/Assets/LS_Scifi_ModernCity/Textures/T_Street_R.uexp" 5540
"D:/UE_project/Blaster/Content/Assets/LS_Scifi_ModernCity/Textures/T_Street_M.ubulk" 5541
"D:/UE_project/Blaster/Content/Assets/LS_Scifi_ModernCity/Textures/T_Street_M.uasset" 5542
"D:/UE_project/Blaster/Content/Assets/LS_Scifi_ModernCity/Textures/T_Street_M.uexp" 5543
"D:/UE_project/Blaster/Content/Assets/LS_Scifi_ModernCity/Textures/T_Street_AO.ubulk" 5544
"D:/UE_project/Blaster/Content/Assets/LS_Scifi_ModernCity/Textures/T_Street_AO.uasset" 5545
"D:/UE_project/Blaster/Content/Assets/LS_Scifi_ModernCity/Textures/T_Street_AO.uexp" 5546
"D:/UE_project/Blaster/Content/Assets/LS_Scifi_ModernCity/Materials/MI_Street.uasset" 5547
"D:/UE_project/Blaster/Content/Assets/LS_Scifi_ModernCity/Materials/MI_Street.uexp" 5548
"D:/UE_project/Blaster/Content/Assets/LS_Scifi_ModernCity/Textures/T_WoodDoor_ORM.ubulk" 5549
"D:/UE_project/Blaster/Content/Assets/LS_Scifi_ModernCity/Textures/T_WoodDoor_ORM.uasset" 5550
"D:/UE_project/Blaster/Content/Assets/LS_Scifi_ModernCity/Textures/T_WoodDoor_ORM.uexp" 5551
"D:/UE_project/Blaster/Content/Assets/LS_Scifi_ModernCity/Textures/T_WoodDoor_B.ubulk" 5552
"D:/UE_project/Blaster/Content/Assets/LS_Scifi_ModernCity/Textures/T_WoodDoor_B.uasset" 5553
"D:/UE_project/Blaster/Content/Assets/LS_Scifi_ModernCity/Textures/T_WoodDoor_B.uexp" 5554
"D:/UE_project/Blaster/Content/Assets/LS_Scifi_ModernCity/Textures/T_WoodDoor_N.ubulk" 5555
"D:/UE_project/Blaster/Content/Assets/LS_Scifi_ModernCity/Textures/T_WoodDoor_N.uasset" 5556
"D:/UE_project/Blaster/Content/Assets/LS_Scifi_ModernCity/Textures/T_WoodDoor_N.uexp" 5557
"D:/UE_project/Blaster/Content/Assets/LS_Scifi_ModernCity/Materials/MI_WoodDoor.uasset" 5558
"D:/UE_project/Blaster/Content/Assets/LS_Scifi_ModernCity/Materials/MI_WoodDoor.uexp" 5559
"D:/UE_project/Blaster/Content/Assets/LS_Scifi_ModernCity/Materials/MI_B2_Trim_b.uasset" 5560
"D:/UE_project/Blaster/Content/Assets/LS_Scifi_ModernCity/Materials/MI_B2_Trim_b.uexp" 5561
"D:/UE_project/Blaster/Content/Assets/LS_Scifi_ModernCity/Meshes/Buildings/Building_2/SM_B2_Base_Door.ubulk" 5562
"D:/UE_project/Blaster/Content/Assets/LS_Scifi_ModernCity/Meshes/Buildings/Building_2/SM_B2_Base_Door.uasset" 5563
"D:/UE_project/Blaster/Content/Assets/LS_Scifi_ModernCity/Meshes/Buildings/Building_2/SM_B2_Base_Door.uexp" 5564
"D:/UE_project/Blaster/Content/Assets/LS_Scifi_ModernCity/Materials/MI_Bricks01_Orange_a.uasset" 5565
"D:/UE_project/Blaster/Content/Assets/LS_Scifi_ModernCity/Materials/MI_Bricks01_Orange_a.uexp" 5566
"D:/UE_project/Blaster/Content/Assets/LS_Scifi_ModernCity/Meshes/Buildings/Building_3/SM_B3__Base_Wall.ubulk" 5567
"D:/UE_project/Blaster/Content/Assets/LS_Scifi_ModernCity/Meshes/Buildings/Building_3/SM_B3__Base_Wall.uasset" 5568
"D:/UE_project/Blaster/Content/Assets/LS_Scifi_ModernCity/Meshes/Buildings/Building_3/SM_B3__Base_Wall.uexp" 5569
"D:/UE_project/Blaster/Content/Assets/LS_Scifi_ModernCity/Textures/T_ACUnit_E.ubulk" 5570
"D:/UE_project/Blaster/Content/Assets/LS_Scifi_ModernCity/Textures/T_ACUnit_E.uasset" 5571
"D:/UE_project/Blaster/Content/Assets/LS_Scifi_ModernCity/Textures/T_ACUnit_E.uexp" 5572
"D:/UE_project/Blaster/Content/Assets/LS_Scifi_ModernCity/Textures/T_ACUnit_ORM.ubulk" 5573
"D:/UE_project/Blaster/Content/Assets/LS_Scifi_ModernCity/Textures/T_ACUnit_ORM.uasset" 5574
"D:/UE_project/Blaster/Content/Assets/LS_Scifi_ModernCity/Textures/T_ACUnit_ORM.uexp" 5575
"D:/UE_project/Blaster/Content/Assets/LS_Scifi_ModernCity/Textures/T_ACUnit_N.ubulk" 5576
"D:/UE_project/Blaster/Content/Assets/LS_Scifi_ModernCity/Textures/T_ACUnit_N.uasset" 5577
"D:/UE_project/Blaster/Content/Assets/LS_Scifi_ModernCity/Textures/T_ACUnit_N.uexp" 5578
"D:/UE_project/Blaster/Content/Assets/LS_Scifi_ModernCity/Textures/T_ACUnit_B.ubulk" 5579
"D:/UE_project/Blaster/Content/Assets/LS_Scifi_ModernCity/Textures/T_ACUnit_B.uasset" 5580
"D:/UE_project/Blaster/Content/Assets/LS_Scifi_ModernCity/Textures/T_ACUnit_B.uexp" 5581
"D:/UE_project/Blaster/Content/Assets/LS_Scifi_ModernCity/Materials/MI_ACUnit.uasset" 5582
"D:/UE_project/Blaster/Content/Assets/LS_Scifi_ModernCity/Materials/MI_ACUnit.uexp" 5583
"D:/UE_project/Blaster/Content/Assets/LS_Scifi_ModernCity/Meshes/Props/SM_ACUnit.ubulk" 5584
"D:/UE_project/Blaster/Content/Assets/LS_Scifi_ModernCity/Meshes/Props/SM_ACUnit.uasset" 5585
"D:/UE_project/Blaster/Content/Assets/LS_Scifi_ModernCity/Meshes/Props/SM_ACUnit.uexp" 5586
"D:/UE_project/Blaster/Content/Assets/LS_Scifi_ModernCity/Meshes/Buildings/Building_2/SM_B2_Accent_Peak.ubulk" 5587
"D:/UE_project/Blaster/Content/Assets/LS_Scifi_ModernCity/Meshes/Buildings/Building_2/SM_B2_Accent_Peak.uasset" 5588
"D:/UE_project/Blaster/Content/Assets/LS_Scifi_ModernCity/Meshes/Buildings/Building_2/SM_B2_Accent_Peak.uexp" 5589
"D:/UE_project/Blaster/Content/Assets/LS_Scifi_ModernCity/Textures/T_StoreFronts_ORM.ubulk" 5590
"D:/UE_project/Blaster/Content/Assets/LS_Scifi_ModernCity/Textures/T_StoreFronts_ORM.uasset" 5591
"D:/UE_project/Blaster/Content/Assets/LS_Scifi_ModernCity/Textures/T_StoreFronts_ORM.uexp" 5592
"D:/UE_project/Blaster/Content/Assets/LS_Scifi_ModernCity/Textures/T_StoreFronts_E.ubulk" 5593
"D:/UE_project/Blaster/Content/Assets/LS_Scifi_ModernCity/Textures/T_StoreFronts_E.uasset" 5594
"D:/UE_project/Blaster/Content/Assets/LS_Scifi_ModernCity/Textures/T_StoreFronts_E.uexp" 5595
"D:/UE_project/Blaster/Content/Assets/LS_Scifi_ModernCity/Textures/T_StoreFronts_B.ubulk" 5596
"D:/UE_project/Blaster/Content/Assets/LS_Scifi_ModernCity/Textures/T_StoreFronts_B.uasset" 5597
"D:/UE_project/Blaster/Content/Assets/LS_Scifi_ModernCity/Textures/T_StoreFronts_B.uexp" 5598
"D:/UE_project/Blaster/Content/Assets/LS_Scifi_ModernCity/Textures/T_StoreFronts_N.ubulk" 5599
"D:/UE_project/Blaster/Content/Assets/LS_Scifi_ModernCity/Textures/T_StoreFronts_N.uasset" 5600
"D:/UE_project/Blaster/Content/Assets/LS_Scifi_ModernCity/Textures/T_StoreFronts_N.uexp" 5601
"D:/UE_project/Blaster/Content/Assets/LS_Scifi_ModernCity/Materials/MI_StoreFront.uasset" 5602
"D:/UE_project/Blaster/Content/Assets/LS_Scifi_ModernCity/Materials/MI_StoreFront.uexp" 5603
"D:/UE_project/Blaster/Content/Assets/LS_Scifi_ModernCity/Materials/MI_BlindsWindow.uasset" 5604
"D:/UE_project/Blaster/Content/Assets/LS_Scifi_ModernCity/Materials/MI_BlindsWindow.uexp" 5605
"D:/UE_project/Blaster/Content/Assets/LS_Scifi_ModernCity/Meshes/Buildings/Building_2/SM_B2_Base_Window.ubulk" 5606
"D:/UE_project/Blaster/Content/Assets/LS_Scifi_ModernCity/Meshes/Buildings/Building_2/SM_B2_Base_Window.uasset" 5607
"D:/UE_project/Blaster/Content/Assets/LS_Scifi_ModernCity/Meshes/Buildings/Building_2/SM_B2_Base_Window.uexp" 5608
"D:/UE_project/Blaster/Content/Assets/LS_Scifi_ModernCity/Meshes/Buildings/Building_2/SM_B2_Corner_Cap.ubulk" 5609
"D:/UE_project/Blaster/Content/Assets/LS_Scifi_ModernCity/Meshes/Buildings/Building_2/SM_B2_Corner_Cap.uasset" 5610
"D:/UE_project/Blaster/Content/Assets/LS_Scifi_ModernCity/Meshes/Buildings/Building_2/SM_B2_Corner_Cap.uexp" 5611
"D:/UE_project/Blaster/Content/Assets/LS_Scifi_ModernCity/Meshes/Buildings/Building_2/SM_B2_Corner.ubulk" 5612
"D:/UE_project/Blaster/Content/Assets/LS_Scifi_ModernCity/Meshes/Buildings/Building_2/SM_B2_Corner.uasset" 5613
"D:/UE_project/Blaster/Content/Assets/LS_Scifi_ModernCity/Meshes/Buildings/Building_2/SM_B2_Corner.uexp" 5614
"D:/UE_project/Blaster/Content/Assets/LS_Scifi_ModernCity/Meshes/Buildings/Building_2/SM_B2_Window.ubulk" 5615
"D:/UE_project/Blaster/Content/Assets/LS_Scifi_ModernCity/Meshes/Buildings/Building_2/SM_B2_Window.uasset" 5616
"D:/UE_project/Blaster/Content/Assets/LS_Scifi_ModernCity/Meshes/Buildings/Building_2/SM_B2_Window.uexp" 5617
"D:/UE_project/Blaster/Content/Assets/LS_Scifi_ModernCity/Blueprints/BP_B2_a.uasset" 5618
"D:/UE_project/Blaster/Content/Assets/LS_Scifi_ModernCity/Blueprints/BP_B2_a.uexp" 5619
"D:/UE_project/Blaster/Content/Assets/LS_Scifi_ModernCity/Materials/MI_Bricks01_LightRed.uasset" 5620
"D:/UE_project/Blaster/Content/Assets/LS_Scifi_ModernCity/Materials/MI_Bricks01_LightRed.uexp" 5621
"D:/UE_project/Blaster/Content/Assets/LS_Scifi_ModernCity/Meshes/Buildings/Skyscraper_1/SM_SS01_Wall.ubulk" 5622
"D:/UE_project/Blaster/Content/Assets/LS_Scifi_ModernCity/Meshes/Buildings/Skyscraper_1/SM_SS01_Wall.uasset" 5623
"D:/UE_project/Blaster/Content/Assets/LS_Scifi_ModernCity/Meshes/Buildings/Skyscraper_1/SM_SS01_Wall.uexp" 5624
"D:/UE_project/Blaster/Content/Assets/LS_Scifi_ModernCity/Meshes/Buildings/Skyscraper_1/SM_SS01_Cornice.ubulk" 5625
"D:/UE_project/Blaster/Content/Assets/LS_Scifi_ModernCity/Meshes/Buildings/Skyscraper_1/SM_SS01_Cornice.uasset" 5626
"D:/UE_project/Blaster/Content/Assets/LS_Scifi_ModernCity/Meshes/Buildings/Skyscraper_1/SM_SS01_Cornice.uexp" 5627
"D:/UE_project/Blaster/Content/Assets/LS_Scifi_ModernCity/Meshes/Buildings/Skyscraper_1/SM_SS01_Cornice_Corner.ubulk" 5628
"D:/UE_project/Blaster/Content/Assets/LS_Scifi_ModernCity/Meshes/Buildings/Skyscraper_1/SM_SS01_Cornice_Corner.uasset" 5629
"D:/UE_project/Blaster/Content/Assets/LS_Scifi_ModernCity/Meshes/Buildings/Skyscraper_1/SM_SS01_Cornice_Corner.uexp" 5630
"D:/UE_project/Blaster/Content/Assets/LS_Scifi_ModernCity/Meshes/Buildings/Skyscraper_1/SM_SS01_Pillar.ubulk" 5631
"D:/UE_project/Blaster/Content/Assets/LS_Scifi_ModernCity/Meshes/Buildings/Skyscraper_1/SM_SS01_Pillar.uasset" 5632
"D:/UE_project/Blaster/Content/Assets/LS_Scifi_ModernCity/Meshes/Buildings/Skyscraper_1/SM_SS01_Pillar.uexp" 5633
"D:/UE_project/Blaster/Content/Assets/LS_Scifi_ModernCity/Meshes/Buildings/Skyscraper_1/BP_SS1_Part.uasset" 5634
"D:/UE_project/Blaster/Content/Assets/LS_Scifi_ModernCity/Meshes/Buildings/Skyscraper_1/BP_SS1_Part.uexp" 5635
"D:/UE_project/Blaster/Content/Assets/LS_Scifi_ModernCity/Textures/T_BaseWalls_B.ubulk" 5636
"D:/UE_project/Blaster/Content/Assets/LS_Scifi_ModernCity/Textures/T_BaseWalls_B.uasset" 5637
"D:/UE_project/Blaster/Content/Assets/LS_Scifi_ModernCity/Textures/T_BaseWalls_B.uexp" 5638
"D:/UE_project/Blaster/Content/Assets/LS_Scifi_ModernCity/Textures/T_BaseWalls_AO.ubulk" 5639
"D:/UE_project/Blaster/Content/Assets/LS_Scifi_ModernCity/Textures/T_BaseWalls_AO.uasset" 5640
"D:/UE_project/Blaster/Content/Assets/LS_Scifi_ModernCity/Textures/T_BaseWalls_AO.uexp" 5641
"D:/UE_project/Blaster/Content/Assets/LS_Scifi_ModernCity/Textures/T_BaseWalls_N.ubulk" 5642
"D:/UE_project/Blaster/Content/Assets/LS_Scifi_ModernCity/Textures/T_BaseWalls_N.uasset" 5643
"D:/UE_project/Blaster/Content/Assets/LS_Scifi_ModernCity/Textures/T_BaseWalls_N.uexp" 5644
"D:/UE_project/Blaster/Content/Assets/LS_Scifi_ModernCity/Textures/T_BaseWalls_R.ubulk" 5645
"D:/UE_project/Blaster/Content/Assets/LS_Scifi_ModernCity/Textures/T_BaseWalls_R.uasset" 5646
"D:/UE_project/Blaster/Content/Assets/LS_Scifi_ModernCity/Textures/T_BaseWalls_R.uexp" 5647
"D:/UE_project/Blaster/Content/Assets/LS_Scifi_ModernCity/Materials/MI_BaseWall.uasset" 5648
"D:/UE_project/Blaster/Content/Assets/LS_Scifi_ModernCity/Materials/MI_BaseWall.uexp" 5649
"D:/UE_project/Blaster/Content/Assets/LS_Scifi_ModernCity/Materials/MI_B1_Accents_b.uasset" 5650
"D:/UE_project/Blaster/Content/Assets/LS_Scifi_ModernCity/Materials/MI_B1_Accents_b.uexp" 5651
"D:/UE_project/Blaster/Content/Assets/LS_Scifi_ModernCity/Materials/MI_Bricks01_Yellow_b.uasset" 5652
"D:/UE_project/Blaster/Content/Assets/LS_Scifi_ModernCity/Materials/MI_Bricks01_Yellow_b.uexp" 5653
"D:/UE_project/Blaster/Content/Assets/LS_Scifi_ModernCity/Meshes/Buildings/Building_1/SM_B1_Accent_Trim.ubulk" 5654
"D:/UE_project/Blaster/Content/Assets/LS_Scifi_ModernCity/Meshes/Buildings/Building_1/SM_B1_Accent_Trim.uasset" 5655
"D:/UE_project/Blaster/Content/Assets/LS_Scifi_ModernCity/Meshes/Buildings/Building_1/SM_B1_Accent_Trim.uexp" 5656
"D:/UE_project/Blaster/Content/Assets/LS_Scifi_ModernCity/Meshes/Buildings/Building_1/SM_B1_Accent_Moulding.ubulk" 5657
"D:/UE_project/Blaster/Content/Assets/LS_Scifi_ModernCity/Meshes/Buildings/Building_1/SM_B1_Accent_Moulding.uasset" 5658
"D:/UE_project/Blaster/Content/Assets/LS_Scifi_ModernCity/Meshes/Buildings/Building_1/SM_B1_Accent_Moulding.uexp" 5659
"D:/UE_project/Blaster/Content/Assets/LS_Scifi_ModernCity/Meshes/Buildings/Building_1/SM_B1_Wall_Base_Door.ubulk" 5660
"D:/UE_project/Blaster/Content/Assets/LS_Scifi_ModernCity/Meshes/Buildings/Building_1/SM_B1_Wall_Base_Door.uasset" 5661
"D:/UE_project/Blaster/Content/Assets/LS_Scifi_ModernCity/Meshes/Buildings/Building_1/SM_B1_Wall_Base_Door.uexp" 5662
"D:/UE_project/Blaster/Content/Assets/LS_Scifi_ModernCity/Meshes/Buildings/Building_1/SM_B1_Accent_Corner.ubulk" 5663
"D:/UE_project/Blaster/Content/Assets/LS_Scifi_ModernCity/Meshes/Buildings/Building_1/SM_B1_Accent_Corner.uasset" 5664
"D:/UE_project/Blaster/Content/Assets/LS_Scifi_ModernCity/Meshes/Buildings/Building_1/SM_B1_Accent_Corner.uexp" 5665
"D:/UE_project/Blaster/Content/Assets/LS_Scifi_ModernCity/Materials/MI_Trim_Street.uasset" 5666
"D:/UE_project/Blaster/Content/Assets/LS_Scifi_ModernCity/Materials/MI_Trim_Street.uexp" 5667
"D:/UE_project/Blaster/Content/Assets/LS_Scifi_ModernCity/Meshes/Buildings/Building_1/Wall_Base_Window.ubulk" 5668
"D:/UE_project/Blaster/Content/Assets/LS_Scifi_ModernCity/Meshes/Buildings/Building_1/Wall_Base_Window.uasset" 5669
"D:/UE_project/Blaster/Content/Assets/LS_Scifi_ModernCity/Meshes/Buildings/Building_1/Wall_Base_Window.uexp" 5670
"D:/UE_project/Blaster/Content/Assets/LS_Scifi_ModernCity/Materials/MI_Bricks01_Red_b.uasset" 5671
"D:/UE_project/Blaster/Content/Assets/LS_Scifi_ModernCity/Materials/MI_Bricks01_Red_b.uexp" 5672
"D:/UE_project/Blaster/Content/Assets/LS_Scifi_ModernCity/Meshes/Buildings/Building_4/SM_B4_Wall_01.ubulk" 5673
"D:/UE_project/Blaster/Content/Assets/LS_Scifi_ModernCity/Meshes/Buildings/Building_4/SM_B4_Wall_01.uasset" 5674
"D:/UE_project/Blaster/Content/Assets/LS_Scifi_ModernCity/Meshes/Buildings/Building_4/SM_B4_Wall_01.uexp" 5675
"D:/UE_project/Blaster/Content/Assets/LS_Scifi_ModernCity/Meshes/Buildings/Building_1/SM_B1_Accent_Cornice_Corner.ubulk" 5676
"D:/UE_project/Blaster/Content/Assets/LS_Scifi_ModernCity/Meshes/Buildings/Building_1/SM_B1_Accent_Cornice_Corner.uasset" 5677
"D:/UE_project/Blaster/Content/Assets/LS_Scifi_ModernCity/Meshes/Buildings/Building_1/SM_B1_Accent_Cornice_Corner.uexp" 5678
"D:/UE_project/Blaster/Content/Assets/LS_Scifi_ModernCity/Meshes/Buildings/Building_1/SM_B1_Wall_Window.ubulk" 5679
"D:/UE_project/Blaster/Content/Assets/LS_Scifi_ModernCity/Meshes/Buildings/Building_1/SM_B1_Wall_Window.uasset" 5680
"D:/UE_project/Blaster/Content/Assets/LS_Scifi_ModernCity/Meshes/Buildings/Building_1/SM_B1_Wall_Window.uexp" 5681
"D:/UE_project/Blaster/Content/Assets/LS_Scifi_ModernCity/Meshes/Buildings/Building_1/SM_B1_Accent_Cornice.ubulk" 5682
"D:/UE_project/Blaster/Content/Assets/LS_Scifi_ModernCity/Meshes/Buildings/Building_1/SM_B1_Accent_Cornice.uasset" 5683
"D:/UE_project/Blaster/Content/Assets/LS_Scifi_ModernCity/Meshes/Buildings/Building_1/SM_B1_Accent_Cornice.uexp" 5684
"D:/UE_project/Blaster/Content/Assets/LS_Scifi_ModernCity/Blueprints/BP_B1_c.uasset" 5685
"D:/UE_project/Blaster/Content/Assets/LS_Scifi_ModernCity/Blueprints/BP_B1_c.uexp" 5686
"D:/UE_project/Blaster/Content/Assets/LS_Scifi_ModernCity/Meshes/Buildings/Building_2/SM_B2_Accent_Cap_02.ubulk" 5687
"D:/UE_project/Blaster/Content/Assets/LS_Scifi_ModernCity/Meshes/Buildings/Building_2/SM_B2_Accent_Cap_02.uasset" 5688
"D:/UE_project/Blaster/Content/Assets/LS_Scifi_ModernCity/Meshes/Buildings/Building_2/SM_B2_Accent_Cap_02.uexp" 5689
"D:/UE_project/Blaster/Content/Assets/LS_Scifi_ModernCity/Blueprints/BP_B2_c.uasset" 5690
"D:/UE_project/Blaster/Content/Assets/LS_Scifi_ModernCity/Blueprints/BP_B2_c.uexp" 5691
"D:/UE_project/Blaster/Content/Assets/LS_Scifi_ModernCity/Materials/MI_Awning_White.uasset" 5692
"D:/UE_project/Blaster/Content/Assets/LS_Scifi_ModernCity/Materials/MI_Awning_White.uexp" 5693
"D:/UE_project/Blaster/Content/Assets/LS_Scifi_ModernCity/Materials/MI_Awning_Red.uasset" 5694
"D:/UE_project/Blaster/Content/Assets/LS_Scifi_ModernCity/Materials/MI_Awning_Red.uexp" 5695
"D:/UE_project/Blaster/Content/Assets/LS_Scifi_ModernCity/Materials/MI_Awning_Blue.uasset" 5696
"D:/UE_project/Blaster/Content/Assets/LS_Scifi_ModernCity/Materials/MI_Awning_Blue.uexp" 5697
"D:/UE_project/Blaster/Content/Assets/LS_Scifi_ModernCity/Textures/T_TrashBags_B.ubulk" 5698
"D:/UE_project/Blaster/Content/Assets/LS_Scifi_ModernCity/Textures/T_TrashBags_B.uasset" 5699
"D:/UE_project/Blaster/Content/Assets/LS_Scifi_ModernCity/Textures/T_TrashBags_B.uexp" 5700
"D:/UE_project/Blaster/Content/Assets/LS_Scifi_ModernCity/Textures/T_TrashBags_N.ubulk" 5701
"D:/UE_project/Blaster/Content/Assets/LS_Scifi_ModernCity/Textures/T_TrashBags_N.uasset" 5702
"D:/UE_project/Blaster/Content/Assets/LS_Scifi_ModernCity/Textures/T_TrashBags_N.uexp" 5703
"D:/UE_project/Blaster/Content/Assets/LS_Scifi_ModernCity/Textures/T_TrashBags_ORM.ubulk" 5704
"D:/UE_project/Blaster/Content/Assets/LS_Scifi_ModernCity/Textures/T_TrashBags_ORM.uasset" 5705
"D:/UE_project/Blaster/Content/Assets/LS_Scifi_ModernCity/Textures/T_TrashBags_ORM.uexp" 5706
"D:/UE_project/Blaster/Content/Assets/LS_Scifi_ModernCity/Materials/MI_Trash_Bags.uasset" 5707
"D:/UE_project/Blaster/Content/Assets/LS_Scifi_ModernCity/Materials/MI_Trash_Bags.uexp" 5708
"D:/UE_project/Blaster/Content/Assets/LS_Scifi_ModernCity/Meshes/Props/SM_TrashBags_02.ubulk" 5709
"D:/UE_project/Blaster/Content/Assets/LS_Scifi_ModernCity/Meshes/Props/SM_TrashBags_02.uasset" 5710
"D:/UE_project/Blaster/Content/Assets/LS_Scifi_ModernCity/Meshes/Props/SM_TrashBags_02.uexp" 5711
"D:/UE_project/Blaster/Content/Assets/LS_Scifi_ModernCity/Textures/T_Ads_ORM.ubulk" 5712
"D:/UE_project/Blaster/Content/Assets/LS_Scifi_ModernCity/Textures/T_Ads_ORM.uasset" 5713
"D:/UE_project/Blaster/Content/Assets/LS_Scifi_ModernCity/Textures/T_Ads_ORM.uexp" 5714
"D:/UE_project/Blaster/Content/Assets/LS_Scifi_ModernCity/Textures/T_BarberSpiral_B.ubulk" 5715
"D:/UE_project/Blaster/Content/Assets/LS_Scifi_ModernCity/Textures/T_BarberSpiral_B.uasset" 5716
"D:/UE_project/Blaster/Content/Assets/LS_Scifi_ModernCity/Textures/T_BarberSpiral_B.uexp" 5717
"D:/UE_project/Blaster/Content/Assets/LS_Scifi_ModernCity/Materials/Master_Materials/MM_PanningSigns.uasset" 5718
"D:/UE_project/Blaster/Content/Assets/LS_Scifi_ModernCity/Materials/Master_Materials/MM_PanningSigns.uexp" 5719
"D:/UE_project/Blaster/Content/Assets/LS_Scifi_ModernCity/Materials/MI_BaraberPole.uasset" 5720
"D:/UE_project/Blaster/Content/Assets/LS_Scifi_ModernCity/Materials/MI_BaraberPole.uexp" 5721
"D:/UE_project/Blaster/Content/Assets/LS_Scifi_ModernCity/Meshes/Props/SM_BarberPole.ubulk" 5722
"D:/UE_project/Blaster/Content/Assets/LS_Scifi_ModernCity/Meshes/Props/SM_BarberPole.uasset" 5723
"D:/UE_project/Blaster/Content/Assets/LS_Scifi_ModernCity/Meshes/Props/SM_BarberPole.uexp" 5724
"D:/UE_project/Blaster/Content/Assets/LS_Scifi_ModernCity/Textures/T_CautionCone_N.ubulk" 5725
"D:/UE_project/Blaster/Content/Assets/LS_Scifi_ModernCity/Textures/T_CautionCone_N.uasset" 5726
"D:/UE_project/Blaster/Content/Assets/LS_Scifi_ModernCity/Textures/T_CautionCone_N.uexp" 5727
"D:/UE_project/Blaster/Content/Assets/LS_Scifi_ModernCity/Textures/T_CautionCone_ORM.ubulk" 5728
"D:/UE_project/Blaster/Content/Assets/LS_Scifi_ModernCity/Textures/T_CautionCone_ORM.uasset" 5729
"D:/UE_project/Blaster/Content/Assets/LS_Scifi_ModernCity/Textures/T_CautionCone_ORM.uexp" 5730
"D:/UE_project/Blaster/Content/Assets/LS_Scifi_ModernCity/Textures/T_CautionCone_E.ubulk" 5731
"D:/UE_project/Blaster/Content/Assets/LS_Scifi_ModernCity/Textures/T_CautionCone_E.uasset" 5732
"D:/UE_project/Blaster/Content/Assets/LS_Scifi_ModernCity/Textures/T_CautionCone_E.uexp" 5733
"D:/UE_project/Blaster/Content/Assets/LS_Scifi_ModernCity/Textures/T_CautionCone_B.ubulk" 5734
"D:/UE_project/Blaster/Content/Assets/LS_Scifi_ModernCity/Textures/T_CautionCone_B.uasset" 5735
"D:/UE_project/Blaster/Content/Assets/LS_Scifi_ModernCity/Textures/T_CautionCone_B.uexp" 5736
"D:/UE_project/Blaster/Content/Assets/LS_Scifi_ModernCity/Materials/MI_Cone.uasset" 5737
"D:/UE_project/Blaster/Content/Assets/LS_Scifi_ModernCity/Materials/MI_Cone.uexp" 5738
"D:/UE_project/Blaster/Content/Assets/LS_Scifi_ModernCity/Meshes/Props/SM_CautionCone_Base.ubulk" 5739
"D:/UE_project/Blaster/Content/Assets/LS_Scifi_ModernCity/Meshes/Props/SM_CautionCone_Base.uasset" 5740
"D:/UE_project/Blaster/Content/Assets/LS_Scifi_ModernCity/Meshes/Props/SM_CautionCone_Base.uexp" 5741
"D:/UE_project/Blaster/Content/Assets/LS_Scifi_ModernCity/Meshes/Props/SM_TrashBags_01.ubulk" 5742
"D:/UE_project/Blaster/Content/Assets/LS_Scifi_ModernCity/Meshes/Props/SM_TrashBags_01.uasset" 5743
"D:/UE_project/Blaster/Content/Assets/LS_Scifi_ModernCity/Meshes/Props/SM_TrashBags_01.uexp" 5744
"D:/UE_project/Blaster/Content/Assets/LS_Scifi_ModernCity/Meshes/Props/SM_TrashBags_03.ubulk" 5745
"D:/UE_project/Blaster/Content/Assets/LS_Scifi_ModernCity/Meshes/Props/SM_TrashBags_03.uasset" 5746
"D:/UE_project/Blaster/Content/Assets/LS_Scifi_ModernCity/Meshes/Props/SM_TrashBags_03.uexp" 5747
"D:/UE_project/Blaster/Content/Assets/LS_Scifi_ModernCity/Textures/T_Bench_ORM.ubulk" 5748
"D:/UE_project/Blaster/Content/Assets/LS_Scifi_ModernCity/Textures/T_Bench_ORM.uasset" 5749
"D:/UE_project/Blaster/Content/Assets/LS_Scifi_ModernCity/Textures/T_Bench_ORM.uexp" 5750
"D:/UE_project/Blaster/Content/Assets/LS_Scifi_ModernCity/Textures/T_Bench_B.ubulk" 5751
"D:/UE_project/Blaster/Content/Assets/LS_Scifi_ModernCity/Textures/T_Bench_B.uasset" 5752
"D:/UE_project/Blaster/Content/Assets/LS_Scifi_ModernCity/Textures/T_Bench_B.uexp" 5753
"D:/UE_project/Blaster/Content/Assets/LS_Scifi_ModernCity/Textures/T_Bench_E.ubulk" 5754
"D:/UE_project/Blaster/Content/Assets/LS_Scifi_ModernCity/Textures/T_Bench_E.uasset" 5755
"D:/UE_project/Blaster/Content/Assets/LS_Scifi_ModernCity/Textures/T_Bench_E.uexp" 5756
"D:/UE_project/Blaster/Content/Assets/LS_Scifi_ModernCity/Textures/T_Bench_N.ubulk" 5757
"D:/UE_project/Blaster/Content/Assets/LS_Scifi_ModernCity/Textures/T_Bench_N.uasset" 5758
"D:/UE_project/Blaster/Content/Assets/LS_Scifi_ModernCity/Textures/T_Bench_N.uexp" 5759
"D:/UE_project/Blaster/Content/Assets/LS_Scifi_ModernCity/Materials/MI_Bench.uasset" 5760
"D:/UE_project/Blaster/Content/Assets/LS_Scifi_ModernCity/Materials/MI_Bench.uexp" 5761
"D:/UE_project/Blaster/Content/Assets/LS_Scifi_ModernCity/Meshes/Props/SM_Bench.ubulk" 5762
"D:/UE_project/Blaster/Content/Assets/LS_Scifi_ModernCity/Meshes/Props/SM_Bench.uasset" 5763
"D:/UE_project/Blaster/Content/Assets/LS_Scifi_ModernCity/Meshes/Props/SM_Bench.uexp" 5764
"D:/UE_project/Blaster/Content/Assets/LS_Scifi_ModernCity/Textures/T_Grunge_04_O.ubulk" 5765
"D:/UE_project/Blaster/Content/Assets/LS_Scifi_ModernCity/Textures/T_Grunge_04_O.uasset" 5766
"D:/UE_project/Blaster/Content/Assets/LS_Scifi_ModernCity/Textures/T_Grunge_04_O.uexp" 5767
"D:/UE_project/Blaster/Content/Assets/LS_Scifi_ModernCity/Textures/T_GlassPlanes_N.ubulk" 5768
"D:/UE_project/Blaster/Content/Assets/LS_Scifi_ModernCity/Textures/T_GlassPlanes_N.uasset" 5769
"D:/UE_project/Blaster/Content/Assets/LS_Scifi_ModernCity/Textures/T_GlassPlanes_N.uexp" 5770
"D:/UE_project/Blaster/Content/Assets/LS_Scifi_ModernCity/Materials/Master_Materials/MM_StreetGlass.uasset" 5771
"D:/UE_project/Blaster/Content/Assets/LS_Scifi_ModernCity/Materials/Master_Materials/MM_StreetGlass.uexp" 5772
"D:/UE_project/Blaster/Content/Assets/LS_Scifi_ModernCity/Materials/MI_BusStop_Glass.uasset" 5773
"D:/UE_project/Blaster/Content/Assets/LS_Scifi_ModernCity/Materials/MI_BusStop_Glass.uexp" 5774
"D:/UE_project/Blaster/Content/Assets/LS_Scifi_ModernCity/Textures/T_Ads_B.ubulk" 5775
"D:/UE_project/Blaster/Content/Assets/LS_Scifi_ModernCity/Textures/T_Ads_B.uasset" 5776
"D:/UE_project/Blaster/Content/Assets/LS_Scifi_ModernCity/Textures/T_Ads_B.uexp" 5777
"D:/UE_project/Blaster/Content/Assets/LS_Scifi_ModernCity/Materials/MI_BusStopAds.uasset" 5778
"D:/UE_project/Blaster/Content/Assets/LS_Scifi_ModernCity/Materials/MI_BusStopAds.uexp" 5779
"D:/UE_project/Blaster/Content/Assets/LS_Scifi_ModernCity/Materials/MI_BusStop.uasset" 5780
"D:/UE_project/Blaster/Content/Assets/LS_Scifi_ModernCity/Materials/MI_BusStop.uexp" 5781
"D:/UE_project/Blaster/Content/Assets/LS_Scifi_ModernCity/Meshes/Props/SM_BusStop.ubulk" 5782
"D:/UE_project/Blaster/Content/Assets/LS_Scifi_ModernCity/Meshes/Props/SM_BusStop.uasset" 5783
"D:/UE_project/Blaster/Content/Assets/LS_Scifi_ModernCity/Meshes/Props/SM_BusStop.uexp" 5784
"D:/UE_project/Blaster/Content/Assets/LS_Scifi_ModernCity/Blueprints/BP_BusStop_Set.uasset" 5785
"D:/UE_project/Blaster/Content/Assets/LS_Scifi_ModernCity/Blueprints/BP_BusStop_Set.uexp" 5786
"D:/UE_project/Blaster/Content/Assets/LS_Scifi_ModernCity/Textures/T_Graffiti_04_B.ubulk" 5787
"D:/UE_project/Blaster/Content/Assets/LS_Scifi_ModernCity/Textures/T_Graffiti_04_B.uasset" 5788
"D:/UE_project/Blaster/Content/Assets/LS_Scifi_ModernCity/Textures/T_Graffiti_04_B.uexp" 5789
"D:/UE_project/Blaster/Content/Assets/LS_Scifi_ModernCity/Textures/T_Fill_N.ubulk" 5790
"D:/UE_project/Blaster/Content/Assets/LS_Scifi_ModernCity/Textures/T_Fill_N.uasset" 5791
"D:/UE_project/Blaster/Content/Assets/LS_Scifi_ModernCity/Textures/T_Fill_N.uexp" 5792
"D:/UE_project/Blaster/Content/Assets/LS_Scifi_ModernCity/Textures/T_Graffiti_01_B.ubulk" 5793
"D:/UE_project/Blaster/Content/Assets/LS_Scifi_ModernCity/Textures/T_Graffiti_01_B.uasset" 5794
"D:/UE_project/Blaster/Content/Assets/LS_Scifi_ModernCity/Textures/T_Graffiti_01_B.uexp" 5795
"D:/UE_project/Blaster/Content/Assets/LS_Scifi_ModernCity/Materials/MI_Graffiti_01.uasset" 5796
"D:/UE_project/Blaster/Content/Assets/LS_Scifi_ModernCity/Materials/MI_Graffiti_01.uexp" 5797
"D:/UE_project/Blaster/Content/Assets/LS_Scifi_ModernCity/Textures/T_Graffiti_02_B.ubulk" 5798
"D:/UE_project/Blaster/Content/Assets/LS_Scifi_ModernCity/Textures/T_Graffiti_02_B.uasset" 5799
"D:/UE_project/Blaster/Content/Assets/LS_Scifi_ModernCity/Textures/T_Graffiti_02_B.uexp" 5800
"D:/UE_project/Blaster/Content/Assets/LS_Scifi_ModernCity/Materials/MI_Graffiti_02.uasset" 5801
"D:/UE_project/Blaster/Content/Assets/LS_Scifi_ModernCity/Materials/MI_Graffiti_02.uexp" 5802
"D:/UE_project/Blaster/Content/Assets/LS_Scifi_ModernCity/Materials/MI_Graffiti_04.uasset" 5803
"D:/UE_project/Blaster/Content/Assets/LS_Scifi_ModernCity/Materials/MI_Graffiti_04.uexp" 5804
"D:/UE_project/Blaster/Content/Assets/LS_Scifi_ModernCity/Textures/T_TrashCan_ORM.ubulk" 5805
"D:/UE_project/Blaster/Content/Assets/LS_Scifi_ModernCity/Textures/T_TrashCan_ORM.uasset" 5806
"D:/UE_project/Blaster/Content/Assets/LS_Scifi_ModernCity/Textures/T_TrashCan_ORM.uexp" 5807
"D:/UE_project/Blaster/Content/Assets/LS_Scifi_ModernCity/Textures/T_TrashCan_N.ubulk" 5808
"D:/UE_project/Blaster/Content/Assets/LS_Scifi_ModernCity/Textures/T_TrashCan_N.uasset" 5809
"D:/UE_project/Blaster/Content/Assets/LS_Scifi_ModernCity/Textures/T_TrashCan_N.uexp" 5810
"D:/UE_project/Blaster/Content/Assets/LS_Scifi_ModernCity/Textures/T_TrashCan_B.ubulk" 5811
"D:/UE_project/Blaster/Content/Assets/LS_Scifi_ModernCity/Textures/T_TrashCan_B.uasset" 5812
"D:/UE_project/Blaster/Content/Assets/LS_Scifi_ModernCity/Textures/T_TrashCan_B.uexp" 5813
"D:/UE_project/Blaster/Content/Assets/LS_Scifi_ModernCity/Materials/MI_TrashCan.uasset" 5814
"D:/UE_project/Blaster/Content/Assets/LS_Scifi_ModernCity/Materials/MI_TrashCan.uexp" 5815
"D:/UE_project/Blaster/Content/Assets/LS_Scifi_ModernCity/Meshes/Props/SM_TrashCan.ubulk" 5816
"D:/UE_project/Blaster/Content/Assets/LS_Scifi_ModernCity/Meshes/Props/SM_TrashCan.uasset" 5817
"D:/UE_project/Blaster/Content/Assets/LS_Scifi_ModernCity/Meshes/Props/SM_TrashCan.uexp" 5818
"D:/UE_project/Blaster/Plugins/MultiplayerSessions/Content/WBP_IntoMapTime.uasset" 5819
"D:/UE_project/Blaster/Plugins/MultiplayerSessions/Content/WBP_IntoMapTime.uexp" 5820
"D:/UE_project/Blaster/Content/Blueprint/PlayerController/BP_LobbyPlayerController.uasset" 5821
"D:/UE_project/Blaster/Content/Blueprint/PlayerController/BP_LobbyPlayerController.uexp" 5822
"D:/UE_project/Blaster/Content/Blueprint/GameMode/BP_LobbyGameMode.uasset" 5823
"D:/UE_project/Blaster/Content/Blueprint/GameMode/BP_LobbyGameMode.uexp" 5824
"D:/UE_project/Blaster/Content/Assets/LS_Scifi_ModernCity/Blueprints/BP_B1_d.uasset" 5825
"D:/UE_project/Blaster/Content/Assets/LS_Scifi_ModernCity/Blueprints/BP_B1_d.uexp" 5826
"D:/UE_project/Blaster/Content/Assets/LS_Scifi_ModernCity/Textures/T_B3_accents_B.ubulk" 5827
"D:/UE_project/Blaster/Content/Assets/LS_Scifi_ModernCity/Textures/T_B3_accents_B.uasset" 5828
"D:/UE_project/Blaster/Content/Assets/LS_Scifi_ModernCity/Textures/T_B3_accents_B.uexp" 5829
"D:/UE_project/Blaster/Content/Assets/LS_Scifi_ModernCity/Textures/T_B3_accents_ORM.ubulk" 5830
"D:/UE_project/Blaster/Content/Assets/LS_Scifi_ModernCity/Textures/T_B3_accents_ORM.uasset" 5831
"D:/UE_project/Blaster/Content/Assets/LS_Scifi_ModernCity/Textures/T_B3_accents_ORM.uexp" 5832
"D:/UE_project/Blaster/Content/Assets/LS_Scifi_ModernCity/Textures/T_B3_accents_N.ubulk" 5833
"D:/UE_project/Blaster/Content/Assets/LS_Scifi_ModernCity/Textures/T_B3_accents_N.uasset" 5834
"D:/UE_project/Blaster/Content/Assets/LS_Scifi_ModernCity/Textures/T_B3_accents_N.uexp" 5835
"D:/UE_project/Blaster/Content/Assets/LS_Scifi_ModernCity/Materials/MI_B3_Accents_a.uasset" 5836
"D:/UE_project/Blaster/Content/Assets/LS_Scifi_ModernCity/Materials/MI_B3_Accents_a.uexp" 5837
"D:/UE_project/Blaster/Content/Assets/LS_Scifi_ModernCity/Materials/MI_B3_Accents_b.uasset" 5838
"D:/UE_project/Blaster/Content/Assets/LS_Scifi_ModernCity/Materials/MI_B3_Accents_b.uexp" 5839
"D:/UE_project/Blaster/Content/Assets/LS_Scifi_ModernCity/Textures/T_B3_Corner_N.ubulk" 5840
"D:/UE_project/Blaster/Content/Assets/LS_Scifi_ModernCity/Textures/T_B3_Corner_N.uasset" 5841
"D:/UE_project/Blaster/Content/Assets/LS_Scifi_ModernCity/Textures/T_B3_Corner_N.uexp" 5842
"D:/UE_project/Blaster/Content/Assets/LS_Scifi_ModernCity/Textures/T_B3_Corner_ORM.ubulk" 5843
"D:/UE_project/Blaster/Content/Assets/LS_Scifi_ModernCity/Textures/T_B3_Corner_ORM.uasset" 5844
"D:/UE_project/Blaster/Content/Assets/LS_Scifi_ModernCity/Textures/T_B3_Corner_ORM.uexp" 5845
"D:/UE_project/Blaster/Content/Assets/LS_Scifi_ModernCity/Textures/T_B3_Corner_B.ubulk" 5846
"D:/UE_project/Blaster/Content/Assets/LS_Scifi_ModernCity/Textures/T_B3_Corner_B.uasset" 5847
"D:/UE_project/Blaster/Content/Assets/LS_Scifi_ModernCity/Textures/T_B3_Corner_B.uexp" 5848
"D:/UE_project/Blaster/Content/Assets/LS_Scifi_ModernCity/Materials/MI_B3_Corner_a.uasset" 5849
"D:/UE_project/Blaster/Content/Assets/LS_Scifi_ModernCity/Materials/MI_B3_Corner_a.uexp" 5850
"D:/UE_project/Blaster/Content/Assets/LS_Scifi_ModernCity/Meshes/Buildings/Building_3/SM_B3__Corner.ubulk" 5851
"D:/UE_project/Blaster/Content/Assets/LS_Scifi_ModernCity/Meshes/Buildings/Building_3/SM_B3__Corner.uasset" 5852
"D:/UE_project/Blaster/Content/Assets/LS_Scifi_ModernCity/Meshes/Buildings/Building_3/SM_B3__Corner.uexp" 5853
"D:/UE_project/Blaster/Content/Assets/LS_Scifi_ModernCity/Meshes/Buildings/Building_3/SM_B3__Base_Window.ubulk" 5854
"D:/UE_project/Blaster/Content/Assets/LS_Scifi_ModernCity/Meshes/Buildings/Building_3/SM_B3__Base_Window.uasset" 5855
"D:/UE_project/Blaster/Content/Assets/LS_Scifi_ModernCity/Meshes/Buildings/Building_3/SM_B3__Base_Window.uexp" 5856
"D:/UE_project/Blaster/Content/Assets/LS_Scifi_ModernCity/Textures/T_Bricks_03_M.ubulk" 5857
"D:/UE_project/Blaster/Content/Assets/LS_Scifi_ModernCity/Textures/T_Bricks_03_M.uasset" 5858
"D:/UE_project/Blaster/Content/Assets/LS_Scifi_ModernCity/Textures/T_Bricks_03_M.uexp" 5859
"D:/UE_project/Blaster/Content/Assets/LS_Scifi_ModernCity/Textures/T_Bricks_03_N.ubulk" 5860
"D:/UE_project/Blaster/Content/Assets/LS_Scifi_ModernCity/Textures/T_Bricks_03_N.uasset" 5861
"D:/UE_project/Blaster/Content/Assets/LS_Scifi_ModernCity/Textures/T_Bricks_03_N.uexp" 5862
"D:/UE_project/Blaster/Content/Assets/LS_Scifi_ModernCity/Textures/T_Bricks_03_R.ubulk" 5863
"D:/UE_project/Blaster/Content/Assets/LS_Scifi_ModernCity/Textures/T_Bricks_03_R.uasset" 5864
"D:/UE_project/Blaster/Content/Assets/LS_Scifi_ModernCity/Textures/T_Bricks_03_R.uexp" 5865
"D:/UE_project/Blaster/Content/Assets/LS_Scifi_ModernCity/Textures/T_Grunge_06_O.ubulk" 5866
"D:/UE_project/Blaster/Content/Assets/LS_Scifi_ModernCity/Textures/T_Grunge_06_O.uasset" 5867
"D:/UE_project/Blaster/Content/Assets/LS_Scifi_ModernCity/Textures/T_Grunge_06_O.uexp" 5868
"D:/UE_project/Blaster/Content/Assets/LS_Scifi_ModernCity/Textures/T_Bricks_03_B.ubulk" 5869
"D:/UE_project/Blaster/Content/Assets/LS_Scifi_ModernCity/Textures/T_Bricks_03_B.uasset" 5870
"D:/UE_project/Blaster/Content/Assets/LS_Scifi_ModernCity/Textures/T_Bricks_03_B.uexp" 5871
"D:/UE_project/Blaster/Content/Assets/LS_Scifi_ModernCity/Textures/T_Bricks_03_AO.ubulk" 5872
"D:/UE_project/Blaster/Content/Assets/LS_Scifi_ModernCity/Textures/T_Bricks_03_AO.uasset" 5873
"D:/UE_project/Blaster/Content/Assets/LS_Scifi_ModernCity/Textures/T_Bricks_03_AO.uexp" 5874
"D:/UE_project/Blaster/Content/Assets/LS_Scifi_ModernCity/Materials/MI_Bricks01_Brown_a.uasset" 5875
"D:/UE_project/Blaster/Content/Assets/LS_Scifi_ModernCity/Materials/MI_Bricks01_Brown_a.uexp" 5876
"D:/UE_project/Blaster/Content/Assets/LS_Scifi_ModernCity/Meshes/Buildings/Building_3/SM_B3__Accent_Trim_Corner.ubulk" 5877
"D:/UE_project/Blaster/Content/Assets/LS_Scifi_ModernCity/Meshes/Buildings/Building_3/SM_B3__Accent_Trim_Corner.uasset" 5878
"D:/UE_project/Blaster/Content/Assets/LS_Scifi_ModernCity/Meshes/Buildings/Building_3/SM_B3__Accent_Trim_Corner.uexp" 5879
"D:/UE_project/Blaster/Content/Assets/LS_Scifi_ModernCity/Meshes/Buildings/Building_3/SM_B3__Base_Corner.ubulk" 5880
"D:/UE_project/Blaster/Content/Assets/LS_Scifi_ModernCity/Meshes/Buildings/Building_3/SM_B3__Base_Corner.uasset" 5881
"D:/UE_project/Blaster/Content/Assets/LS_Scifi_ModernCity/Meshes/Buildings/Building_3/SM_B3__Base_Corner.uexp" 5882
"D:/UE_project/Blaster/Content/Assets/LS_Scifi_ModernCity/Textures/T_FireEscape_B_02.ubulk" 5883
"D:/UE_project/Blaster/Content/Assets/LS_Scifi_ModernCity/Textures/T_FireEscape_B_02.uasset" 5884
"D:/UE_project/Blaster/Content/Assets/LS_Scifi_ModernCity/Textures/T_FireEscape_B_02.uexp" 5885
"D:/UE_project/Blaster/Content/Assets/LS_Scifi_ModernCity/Textures/T_FireEscape_ORM.ubulk" 5886
"D:/UE_project/Blaster/Content/Assets/LS_Scifi_ModernCity/Textures/T_FireEscape_ORM.uasset" 5887
"D:/UE_project/Blaster/Content/Assets/LS_Scifi_ModernCity/Textures/T_FireEscape_ORM.uexp" 5888
"D:/UE_project/Blaster/Content/Assets/LS_Scifi_ModernCity/Textures/T_FireEscape_N.ubulk" 5889
"D:/UE_project/Blaster/Content/Assets/LS_Scifi_ModernCity/Textures/T_FireEscape_N.uasset" 5890
"D:/UE_project/Blaster/Content/Assets/LS_Scifi_ModernCity/Textures/T_FireEscape_N.uexp" 5891
"D:/UE_project/Blaster/Content/Assets/LS_Scifi_ModernCity/Textures/T_FireEscape_B_01.ubulk" 5892
"D:/UE_project/Blaster/Content/Assets/LS_Scifi_ModernCity/Textures/T_FireEscape_B_01.uasset" 5893
"D:/UE_project/Blaster/Content/Assets/LS_Scifi_ModernCity/Textures/T_FireEscape_B_01.uexp" 5894
"D:/UE_project/Blaster/Content/Assets/LS_Scifi_ModernCity/Materials/MI_FireEscape_a.uasset" 5895
"D:/UE_project/Blaster/Content/Assets/LS_Scifi_ModernCity/Materials/MI_FireEscape_a.uexp" 5896
"D:/UE_project/Blaster/Content/Assets/LS_Scifi_ModernCity/Materials/MI_FireEscape_b.uasset" 5897
"D:/UE_project/Blaster/Content/Assets/LS_Scifi_ModernCity/Materials/MI_FireEscape_b.uexp" 5898
"D:/UE_project/Blaster/Content/Assets/LS_Scifi_ModernCity/Meshes/Buildings/Building_3/SM_B3__Accent_Moulding_Corner.ubulk" 5899
"D:/UE_project/Blaster/Content/Assets/LS_Scifi_ModernCity/Meshes/Buildings/Building_3/SM_B3__Accent_Moulding_Corner.uasset" 5900
"D:/UE_project/Blaster/Content/Assets/LS_Scifi_ModernCity/Meshes/Buildings/Building_3/SM_B3__Accent_Moulding_Corner.uexp" 5901
"D:/UE_project/Blaster/Content/Assets/LS_Scifi_ModernCity/Meshes/Buildings/Building_3/SM_B3__Accent_Moulding.ubulk" 5902
"D:/UE_project/Blaster/Content/Assets/LS_Scifi_ModernCity/Meshes/Buildings/Building_3/SM_B3__Accent_Moulding.uasset" 5903
"D:/UE_project/Blaster/Content/Assets/LS_Scifi_ModernCity/Meshes/Buildings/Building_3/SM_B3__Accent_Moulding.uexp" 5904
"D:/UE_project/Blaster/Content/Assets/LS_Scifi_ModernCity/Meshes/Props/SM_Ladder_01.ubulk" 5905
"D:/UE_project/Blaster/Content/Assets/LS_Scifi_ModernCity/Meshes/Props/SM_Ladder_01.uasset" 5906
"D:/UE_project/Blaster/Content/Assets/LS_Scifi_ModernCity/Meshes/Props/SM_Ladder_01.uexp" 5907
"D:/UE_project/Blaster/Content/Assets/LS_Scifi_ModernCity/Meshes/Buildings/Building_3/SM_B3__Accent_Trim_002.ubulk" 5908
"D:/UE_project/Blaster/Content/Assets/LS_Scifi_ModernCity/Meshes/Buildings/Building_3/SM_B3__Accent_Trim_002.uasset" 5909
"D:/UE_project/Blaster/Content/Assets/LS_Scifi_ModernCity/Meshes/Buildings/Building_3/SM_B3__Accent_Trim_002.uexp" 5910
"D:/UE_project/Blaster/Content/Assets/LS_Scifi_ModernCity/Meshes/Props/SM_FireEscape_Landing.ubulk" 5911
"D:/UE_project/Blaster/Content/Assets/LS_Scifi_ModernCity/Meshes/Props/SM_FireEscape_Landing.uasset" 5912
"D:/UE_project/Blaster/Content/Assets/LS_Scifi_ModernCity/Meshes/Props/SM_FireEscape_Landing.uexp" 5913
"D:/UE_project/Blaster/Content/Assets/LS_Scifi_ModernCity/Materials/MI_Bricks01_Brown_b.uasset" 5914
"D:/UE_project/Blaster/Content/Assets/LS_Scifi_ModernCity/Materials/MI_Bricks01_Brown_b.uexp" 5915
"D:/UE_project/Blaster/Content/Assets/LS_Scifi_ModernCity/Meshes/Buildings/Building_3/SM_B3__Wall_Half.ubulk" 5916
"D:/UE_project/Blaster/Content/Assets/LS_Scifi_ModernCity/Meshes/Buildings/Building_3/SM_B3__Wall_Half.uasset" 5917
"D:/UE_project/Blaster/Content/Assets/LS_Scifi_ModernCity/Meshes/Buildings/Building_3/SM_B3__Wall_Half.uexp" 5918
"D:/UE_project/Blaster/Content/Assets/LS_Scifi_ModernCity/Meshes/Buildings/Building_3/SM_B3__Wall.ubulk" 5919
"D:/UE_project/Blaster/Content/Assets/LS_Scifi_ModernCity/Meshes/Buildings/Building_3/SM_B3__Wall.uasset" 5920
"D:/UE_project/Blaster/Content/Assets/LS_Scifi_ModernCity/Meshes/Buildings/Building_3/SM_B3__Wall.uexp" 5921
"D:/UE_project/Blaster/Content/Assets/LS_Scifi_ModernCity/Meshes/Buildings/Building_3/SM_B3__Base_Door.ubulk" 5922
"D:/UE_project/Blaster/Content/Assets/LS_Scifi_ModernCity/Meshes/Buildings/Building_3/SM_B3__Base_Door.uasset" 5923
"D:/UE_project/Blaster/Content/Assets/LS_Scifi_ModernCity/Meshes/Buildings/Building_3/SM_B3__Base_Door.uexp" 5924
"D:/UE_project/Blaster/Content/Assets/LS_Scifi_ModernCity/Blueprints/BP_B3_g.uasset" 5925
"D:/UE_project/Blaster/Content/Assets/LS_Scifi_ModernCity/Blueprints/BP_B3_g.uexp" 5926
"D:/UE_project/Blaster/Content/Assets/LS_Scifi_ModernCity/Textures/T_IceCreamCart_B.ubulk" 5927
"D:/UE_project/Blaster/Content/Assets/LS_Scifi_ModernCity/Textures/T_IceCreamCart_B.uasset" 5928
"D:/UE_project/Blaster/Content/Assets/LS_Scifi_ModernCity/Textures/T_IceCreamCart_B.uexp" 5929
"D:/UE_project/Blaster/Content/Assets/LS_Scifi_ModernCity/Textures/T_IceCreamCart_ORM.ubulk" 5930
"D:/UE_project/Blaster/Content/Assets/LS_Scifi_ModernCity/Textures/T_IceCreamCart_ORM.uasset" 5931
"D:/UE_project/Blaster/Content/Assets/LS_Scifi_ModernCity/Textures/T_IceCreamCart_ORM.uexp" 5932
"D:/UE_project/Blaster/Content/Assets/LS_Scifi_ModernCity/Textures/T_IceCreamCart_N.ubulk" 5933
"D:/UE_project/Blaster/Content/Assets/LS_Scifi_ModernCity/Textures/T_IceCreamCart_N.uasset" 5934
"D:/UE_project/Blaster/Content/Assets/LS_Scifi_ModernCity/Textures/T_IceCreamCart_N.uexp" 5935
"D:/UE_project/Blaster/Content/Assets/LS_Scifi_ModernCity/Materials/MI_IceCreamCart.uasset" 5936
"D:/UE_project/Blaster/Content/Assets/LS_Scifi_ModernCity/Materials/MI_IceCreamCart.uexp" 5937
"D:/UE_project/Blaster/Content/Assets/LS_Scifi_ModernCity/Meshes/Props/SM_IceCreamCart.ubulk" 5938
"D:/UE_project/Blaster/Content/Assets/LS_Scifi_ModernCity/Meshes/Props/SM_IceCreamCart.uasset" 5939
"D:/UE_project/Blaster/Content/Assets/LS_Scifi_ModernCity/Meshes/Props/SM_IceCreamCart.uexp" 5940
"D:/UE_project/Blaster/Content/Assets/LS_Scifi_ModernCity/Meshes/Props/SM_IceCreamCart_Umbrella.ubulk" 5941
"D:/UE_project/Blaster/Content/Assets/LS_Scifi_ModernCity/Meshes/Props/SM_IceCreamCart_Umbrella.uasset" 5942
"D:/UE_project/Blaster/Content/Assets/LS_Scifi_ModernCity/Meshes/Props/SM_IceCreamCart_Umbrella.uexp" 5943
"D:/UE_project/Blaster/Content/Assets/LS_Scifi_ModernCity/Blueprints/BP_IceCreamCart.uasset" 5944
"D:/UE_project/Blaster/Content/Assets/LS_Scifi_ModernCity/Blueprints/BP_IceCreamCart.uexp" 5945
"D:/UE_project/Blaster/Content/Assets/LS_Scifi_ModernCity/Materials/MI_ClipTechs.uasset" 5946
"D:/UE_project/Blaster/Content/Assets/LS_Scifi_ModernCity/Materials/MI_ClipTechs.uexp" 5947
"D:/UE_project/Blaster/Content/Assets/LS_Scifi_ModernCity/Materials/MI_CyberCafe.uasset" 5948
"D:/UE_project/Blaster/Content/Assets/LS_Scifi_ModernCity/Materials/MI_CyberCafe.uexp" 5949
"D:/UE_project/Blaster/Content/Assets/LS_Scifi_ModernCity/Meshes/Props/SM_CyberCafe.ubulk" 5950
"D:/UE_project/Blaster/Content/Assets/LS_Scifi_ModernCity/Meshes/Props/SM_CyberCafe.uasset" 5951
"D:/UE_project/Blaster/Content/Assets/LS_Scifi_ModernCity/Meshes/Props/SM_CyberCafe.uexp" 5952
"D:/UE_project/Blaster/Content/Assets/LS_Scifi_ModernCity/Textures/Decals_B.ubulk" 5953
"D:/UE_project/Blaster/Content/Assets/LS_Scifi_ModernCity/Textures/Decals_B.uasset" 5954
"D:/UE_project/Blaster/Content/Assets/LS_Scifi_ModernCity/Textures/Decals_B.uexp" 5955
"D:/UE_project/Blaster/Content/Assets/LS_Scifi_ModernCity/Textures/Decals_N.ubulk" 5956
"D:/UE_project/Blaster/Content/Assets/LS_Scifi_ModernCity/Textures/Decals_N.uasset" 5957
"D:/UE_project/Blaster/Content/Assets/LS_Scifi_ModernCity/Textures/Decals_N.uexp" 5958
"D:/UE_project/Blaster/Content/Assets/LS_Scifi_ModernCity/Materials/MI_Decal_Intersection.uasset" 5959
"D:/UE_project/Blaster/Content/Assets/LS_Scifi_ModernCity/Materials/MI_Decal_Intersection.uexp" 5960
"D:/UE_project/Blaster/Content/Assets/LS_Scifi_ModernCity/Textures/T_TreeBark_B.ubulk" 5961
"D:/UE_project/Blaster/Content/Assets/LS_Scifi_ModernCity/Textures/T_TreeBark_B.uasset" 5962
"D:/UE_project/Blaster/Content/Assets/LS_Scifi_ModernCity/Textures/T_TreeBark_B.uexp" 5963
"D:/UE_project/Blaster/Content/Assets/LS_Scifi_ModernCity/Textures/T_Grunge_02_O.ubulk" 5964
"D:/UE_project/Blaster/Content/Assets/LS_Scifi_ModernCity/Textures/T_Grunge_02_O.uasset" 5965
"D:/UE_project/Blaster/Content/Assets/LS_Scifi_ModernCity/Textures/T_Grunge_02_O.uexp" 5966
"D:/UE_project/Blaster/Content/Assets/LS_Scifi_ModernCity/Textures/T_TreeBark_M.ubulk" 5967
"D:/UE_project/Blaster/Content/Assets/LS_Scifi_ModernCity/Textures/T_TreeBark_M.uasset" 5968
"D:/UE_project/Blaster/Content/Assets/LS_Scifi_ModernCity/Textures/T_TreeBark_M.uexp" 5969
"D:/UE_project/Blaster/Content/Assets/LS_Scifi_ModernCity/Textures/T_TreeBark_N.ubulk" 5970
"D:/UE_project/Blaster/Content/Assets/LS_Scifi_ModernCity/Textures/T_TreeBark_N.uasset" 5971
"D:/UE_project/Blaster/Content/Assets/LS_Scifi_ModernCity/Textures/T_TreeBark_N.uexp" 5972
"D:/UE_project/Blaster/Content/Assets/LS_Scifi_ModernCity/Textures/T_TreeBark_R.ubulk" 5973
"D:/UE_project/Blaster/Content/Assets/LS_Scifi_ModernCity/Textures/T_TreeBark_R.uasset" 5974
"D:/UE_project/Blaster/Content/Assets/LS_Scifi_ModernCity/Textures/T_TreeBark_R.uexp" 5975
"D:/UE_project/Blaster/Content/Assets/LS_Scifi_ModernCity/Textures/T_TreeBark_AO.ubulk" 5976
"D:/UE_project/Blaster/Content/Assets/LS_Scifi_ModernCity/Textures/T_TreeBark_AO.uasset" 5977
"D:/UE_project/Blaster/Content/Assets/LS_Scifi_ModernCity/Textures/T_TreeBark_AO.uexp" 5978
"D:/UE_project/Blaster/Content/Assets/LS_Scifi_ModernCity/Materials/MI_TreeTrunk.uasset" 5979
"D:/UE_project/Blaster/Content/Assets/LS_Scifi_ModernCity/Materials/MI_TreeTrunk.uexp" 5980
"D:/UE_project/Blaster/Content/Assets/LS_Scifi_ModernCity/Meshes/Foliage/SM_Tree.ubulk" 5981
"D:/UE_project/Blaster/Content/Assets/LS_Scifi_ModernCity/Meshes/Foliage/SM_Tree.uasset" 5982
"D:/UE_project/Blaster/Content/Assets/LS_Scifi_ModernCity/Meshes/Foliage/SM_Tree.uexp" 5983
"D:/UE_project/Blaster/Content/Assets/LS_Scifi_ModernCity/Textures/T_TreeLeafs_O.ubulk" 5984
"D:/UE_project/Blaster/Content/Assets/LS_Scifi_ModernCity/Textures/T_TreeLeafs_O.uasset" 5985
"D:/UE_project/Blaster/Content/Assets/LS_Scifi_ModernCity/Textures/T_TreeLeafs_O.uexp" 5986
"D:/UE_project/Blaster/Content/Assets/LS_Scifi_ModernCity/Materials/Master_Materials/MM_Tree.uasset" 5987
"D:/UE_project/Blaster/Content/Assets/LS_Scifi_ModernCity/Materials/Master_Materials/MM_Tree.uexp" 5988
"D:/UE_project/Blaster/Content/Assets/LS_Scifi_ModernCity/Materials/MI_Bush.uasset" 5989
"D:/UE_project/Blaster/Content/Assets/LS_Scifi_ModernCity/Materials/MI_Bush.uexp" 5990
"D:/UE_project/Blaster/Content/Assets/LS_Scifi_ModernCity/Materials/MI_Tree.uasset" 5991
"D:/UE_project/Blaster/Content/Assets/LS_Scifi_ModernCity/Materials/MI_Tree.uexp" 5992
"D:/UE_project/Blaster/Content/Assets/LS_Scifi_ModernCity/Meshes/Foliage/SM_Canopy.ubulk" 5993
"D:/UE_project/Blaster/Content/Assets/LS_Scifi_ModernCity/Meshes/Foliage/SM_Canopy.uasset" 5994
"D:/UE_project/Blaster/Content/Assets/LS_Scifi_ModernCity/Meshes/Foliage/SM_Canopy.uexp" 5995
"D:/UE_project/Blaster/Content/Assets/LS_Scifi_ModernCity/Blueprints/BP_Tree.uasset" 5996
"D:/UE_project/Blaster/Content/Assets/LS_Scifi_ModernCity/Blueprints/BP_Tree.uexp" 5997
"D:/UE_project/Blaster/Content/Assets/LS_Scifi_ModernCity/Textures/T_Pipes_ORM.ubulk" 5998
"D:/UE_project/Blaster/Content/Assets/LS_Scifi_ModernCity/Textures/T_Pipes_ORM.uasset" 5999
"D:/UE_project/Blaster/Content/Assets/LS_Scifi_ModernCity/Textures/T_Pipes_ORM.uexp" 6000
"D:/UE_project/Blaster/Content/Assets/LS_Scifi_ModernCity/Textures/T_Pipes_B.ubulk" 6001
"D:/UE_project/Blaster/Content/Assets/LS_Scifi_ModernCity/Textures/T_Pipes_B.uasset" 6002
"D:/UE_project/Blaster/Content/Assets/LS_Scifi_ModernCity/Textures/T_Pipes_B.uexp" 6003
"D:/UE_project/Blaster/Content/Assets/LS_Scifi_ModernCity/Textures/T_Pipes_N.ubulk" 6004
"D:/UE_project/Blaster/Content/Assets/LS_Scifi_ModernCity/Textures/T_Pipes_N.uasset" 6005
"D:/UE_project/Blaster/Content/Assets/LS_Scifi_ModernCity/Textures/T_Pipes_N.uexp" 6006
"D:/UE_project/Blaster/Content/Assets/LS_Scifi_ModernCity/Materials/MI_Pipes_a.uasset" 6007
"D:/UE_project/Blaster/Content/Assets/LS_Scifi_ModernCity/Materials/MI_Pipes_a.uexp" 6008
"D:/UE_project/Blaster/Content/Assets/LS_Scifi_ModernCity/Meshes/Props/Pipes/Pipe_3m.ubulk" 6009
"D:/UE_project/Blaster/Content/Assets/LS_Scifi_ModernCity/Meshes/Props/Pipes/Pipe_3m.uasset" 6010
"D:/UE_project/Blaster/Content/Assets/LS_Scifi_ModernCity/Meshes/Props/Pipes/Pipe_3m.uexp" 6011
"D:/UE_project/Blaster/Content/Assets/LS_Scifi_ModernCity/Blueprints/BP_B1_e.uasset" 6012
"D:/UE_project/Blaster/Content/Assets/LS_Scifi_ModernCity/Blueprints/BP_B1_e.uexp" 6013
"D:/UE_project/Blaster/Content/Assets/LS_Scifi_ModernCity/Textures/T_WaterTower_Grid_O.ubulk" 6014
"D:/UE_project/Blaster/Content/Assets/LS_Scifi_ModernCity/Textures/T_WaterTower_Grid_O.uasset" 6015
"D:/UE_project/Blaster/Content/Assets/LS_Scifi_ModernCity/Textures/T_WaterTower_Grid_O.uexp" 6016
"D:/UE_project/Blaster/Content/Assets/LS_Scifi_ModernCity/Materials/Master_Materials/MM_Hologram_Grid.uasset" 6017
"D:/UE_project/Blaster/Content/Assets/LS_Scifi_ModernCity/Materials/Master_Materials/MM_Hologram_Grid.uexp" 6018
"D:/UE_project/Blaster/Content/Assets/LS_Scifi_ModernCity/Materials/MI_Hologram_WaterTower_Grid.uasset" 6019
"D:/UE_project/Blaster/Content/Assets/LS_Scifi_ModernCity/Materials/MI_Hologram_WaterTower_Grid.uexp" 6020
"D:/UE_project/Blaster/Content/Assets/LS_Scifi_ModernCity/Meshes/Props/SM_WaterTower_Grid.ubulk" 6021
"D:/UE_project/Blaster/Content/Assets/LS_Scifi_ModernCity/Meshes/Props/SM_WaterTower_Grid.uasset" 6022
"D:/UE_project/Blaster/Content/Assets/LS_Scifi_ModernCity/Meshes/Props/SM_WaterTower_Grid.uexp" 6023
"D:/UE_project/Blaster/Content/Assets/LS_Scifi_ModernCity/Textures/T_WaterTower_B.ubulk" 6024
"D:/UE_project/Blaster/Content/Assets/LS_Scifi_ModernCity/Textures/T_WaterTower_B.uasset" 6025
"D:/UE_project/Blaster/Content/Assets/LS_Scifi_ModernCity/Textures/T_WaterTower_B.uexp" 6026
"D:/UE_project/Blaster/Content/Assets/LS_Scifi_ModernCity/Textures/T_WaterTower_N.ubulk" 6027
"D:/UE_project/Blaster/Content/Assets/LS_Scifi_ModernCity/Textures/T_WaterTower_N.uasset" 6028
"D:/UE_project/Blaster/Content/Assets/LS_Scifi_ModernCity/Textures/T_WaterTower_N.uexp" 6029
"D:/UE_project/Blaster/Content/Assets/LS_Scifi_ModernCity/Textures/T_WaterTower_ORM.ubulk" 6030
"D:/UE_project/Blaster/Content/Assets/LS_Scifi_ModernCity/Textures/T_WaterTower_ORM.uasset" 6031
"D:/UE_project/Blaster/Content/Assets/LS_Scifi_ModernCity/Textures/T_WaterTower_ORM.uexp" 6032
"D:/UE_project/Blaster/Content/Assets/LS_Scifi_ModernCity/Materials/MI_Water_Tower.uasset" 6033
"D:/UE_project/Blaster/Content/Assets/LS_Scifi_ModernCity/Materials/MI_Water_Tower.uexp" 6034
"D:/UE_project/Blaster/Content/Assets/LS_Scifi_ModernCity/Meshes/Props/SM_WaterTower.ubulk" 6035
"D:/UE_project/Blaster/Content/Assets/LS_Scifi_ModernCity/Meshes/Props/SM_WaterTower.uasset" 6036
"D:/UE_project/Blaster/Content/Assets/LS_Scifi_ModernCity/Meshes/Props/SM_WaterTower.uexp" 6037
"D:/UE_project/Blaster/Content/Assets/LS_Scifi_ModernCity/Blueprints/BP_WaterTower.uasset" 6038
"D:/UE_project/Blaster/Content/Assets/LS_Scifi_ModernCity/Blueprints/BP_WaterTower.uexp" 6039
"D:/UE_project/Blaster/Content/Assets/LS_Scifi_ModernCity/Meshes/Props/Pipes/Pipe_2m_Curvey.ubulk" 6040
"D:/UE_project/Blaster/Content/Assets/LS_Scifi_ModernCity/Meshes/Props/Pipes/Pipe_2m_Curvey.uasset" 6041
"D:/UE_project/Blaster/Content/Assets/LS_Scifi_ModernCity/Meshes/Props/Pipes/Pipe_2m_Curvey.uexp" 6042
"D:/UE_project/Blaster/Content/Assets/LS_Scifi_ModernCity/Meshes/Props/SM_Awning.ubulk" 6043
"D:/UE_project/Blaster/Content/Assets/LS_Scifi_ModernCity/Meshes/Props/SM_Awning.uasset" 6044
"D:/UE_project/Blaster/Content/Assets/LS_Scifi_ModernCity/Meshes/Props/SM_Awning.uexp" 6045
"../../../Engine/Content/EngineSky/C_Sky_Horizon_Color.uasset" 6046
"../../../Engine/Content/EngineSky/C_Sky_Horizon_Color.uexp" 6047
"../../../Engine/Content/EngineSky/T_Sky_Stars.ubulk" 6048
"../../../Engine/Content/EngineSky/T_Sky_Stars.uasset" 6049
"../../../Engine/Content/EngineSky/T_Sky_Stars.uexp" 6050
"../../../Engine/Content/EngineSky/T_Sky_Clouds_M.ubulk" 6051
"../../../Engine/Content/EngineSky/T_Sky_Clouds_M.uasset" 6052
"../../../Engine/Content/EngineSky/T_Sky_Clouds_M.uexp" 6053
"../../../Engine/Content/EngineSky/T_Sky_Blue.ubulk" 6054
"../../../Engine/Content/EngineSky/T_Sky_Blue.uasset" 6055
"../../../Engine/Content/EngineSky/T_Sky_Blue.uexp" 6056
"../../../Engine/Content/EngineSky/M_Sky_Panning_Clouds2.uasset" 6057
"../../../Engine/Content/EngineSky/M_Sky_Panning_Clouds2.uexp" 6058
"../../../Engine/Content/EngineSky/SM_SkySphere.ubulk" 6059
"../../../Engine/Content/EngineSky/SM_SkySphere.uasset" 6060
"../../../Engine/Content/EngineSky/SM_SkySphere.uexp" 6061
"../../../Engine/Content/EngineSky/C_Sky_Cloud_Color.uasset" 6062
"../../../Engine/Content/EngineSky/C_Sky_Cloud_Color.uexp" 6063
"../../../Engine/Content/EngineSky/C_Sky_Zenith_Color.uasset" 6064
"../../../Engine/Content/EngineSky/C_Sky_Zenith_Color.uexp" 6065
"../../../Engine/Content/EngineSky/BP_Sky_Sphere.uasset" 6066
"../../../Engine/Content/EngineSky/BP_Sky_Sphere.uexp" 6067
"D:/UE_project/Blaster/Content/Assets/LS_Scifi_ModernCity/Textures/T_MailBox_B.ubulk" 6068
"D:/UE_project/Blaster/Content/Assets/LS_Scifi_ModernCity/Textures/T_MailBox_B.uasset" 6069
"D:/UE_project/Blaster/Content/Assets/LS_Scifi_ModernCity/Textures/T_MailBox_B.uexp" 6070
"D:/UE_project/Blaster/Content/Assets/LS_Scifi_ModernCity/Textures/T_MailBox_N.ubulk" 6071
"D:/UE_project/Blaster/Content/Assets/LS_Scifi_ModernCity/Textures/T_MailBox_N.uasset" 6072
"D:/UE_project/Blaster/Content/Assets/LS_Scifi_ModernCity/Textures/T_MailBox_N.uexp" 6073
"D:/UE_project/Blaster/Content/Assets/LS_Scifi_ModernCity/Textures/T_MailBox_ORM.ubulk" 6074
"D:/UE_project/Blaster/Content/Assets/LS_Scifi_ModernCity/Textures/T_MailBox_ORM.uasset" 6075
"D:/UE_project/Blaster/Content/Assets/LS_Scifi_ModernCity/Textures/T_MailBox_ORM.uexp" 6076
"D:/UE_project/Blaster/Content/Assets/LS_Scifi_ModernCity/Materials/MI_Mailbox.uasset" 6077
"D:/UE_project/Blaster/Content/Assets/LS_Scifi_ModernCity/Materials/MI_Mailbox.uexp" 6078
"D:/UE_project/Blaster/Content/Assets/LS_Scifi_ModernCity/Meshes/Props/SM_Mailbox.ubulk" 6079
"D:/UE_project/Blaster/Content/Assets/LS_Scifi_ModernCity/Meshes/Props/SM_Mailbox.uasset" 6080
"D:/UE_project/Blaster/Content/Assets/LS_Scifi_ModernCity/Meshes/Props/SM_Mailbox.uexp" 6081
"D:/UE_project/Blaster/Content/Assets/LS_Scifi_ModernCity/Materials/MI_Glass.uasset" 6082
"D:/UE_project/Blaster/Content/Assets/LS_Scifi_ModernCity/Materials/MI_Glass.uexp" 6083
"D:/UE_project/Blaster/Content/Assets/LS_Scifi_ModernCity/Textures/T_Sidewalk_AO.ubulk" 6084
"D:/UE_project/Blaster/Content/Assets/LS_Scifi_ModernCity/Textures/T_Sidewalk_AO.uasset" 6085
"D:/UE_project/Blaster/Content/Assets/LS_Scifi_ModernCity/Textures/T_Sidewalk_AO.uexp" 6086
"D:/UE_project/Blaster/Content/Assets/LS_Scifi_ModernCity/Textures/T_Sidewalk_01_R.ubulk" 6087
"D:/UE_project/Blaster/Content/Assets/LS_Scifi_ModernCity/Textures/T_Sidewalk_01_R.uasset" 6088
"D:/UE_project/Blaster/Content/Assets/LS_Scifi_ModernCity/Textures/T_Sidewalk_01_R.uexp" 6089
"D:/UE_project/Blaster/Content/Assets/LS_Scifi_ModernCity/Textures/T_Sidewalk_B.ubulk" 6090
"D:/UE_project/Blaster/Content/Assets/LS_Scifi_ModernCity/Textures/T_Sidewalk_B.uasset" 6091
"D:/UE_project/Blaster/Content/Assets/LS_Scifi_ModernCity/Textures/T_Sidewalk_B.uexp" 6092
"D:/UE_project/Blaster/Content/Assets/LS_Scifi_ModernCity/Textures/T_Sidewalk_01_N.ubulk" 6093
"D:/UE_project/Blaster/Content/Assets/LS_Scifi_ModernCity/Textures/T_Sidewalk_01_N.uasset" 6094
"D:/UE_project/Blaster/Content/Assets/LS_Scifi_ModernCity/Textures/T_Sidewalk_01_N.uexp" 6095
"D:/UE_project/Blaster/Content/Assets/LS_Scifi_ModernCity/Textures/T_Sidewalk_M.ubulk" 6096
"D:/UE_project/Blaster/Content/Assets/LS_Scifi_ModernCity/Textures/T_Sidewalk_M.uasset" 6097
"D:/UE_project/Blaster/Content/Assets/LS_Scifi_ModernCity/Textures/T_Sidewalk_M.uexp" 6098
"D:/UE_project/Blaster/Content/Assets/LS_Scifi_ModernCity/Materials/MI_Sidewalks.uasset" 6099
"D:/UE_project/Blaster/Content/Assets/LS_Scifi_ModernCity/Materials/MI_Sidewalks.uexp" 6100
"D:/UE_project/Blaster/Content/Assets/LS_Scifi_ModernCity/Meshes/Streets/SM_Street_TSection_Main.ubulk" 6101
"D:/UE_project/Blaster/Content/Assets/LS_Scifi_ModernCity/Meshes/Streets/SM_Street_TSection_Main.uasset" 6102
"D:/UE_project/Blaster/Content/Assets/LS_Scifi_ModernCity/Meshes/Streets/SM_Street_TSection_Main.uexp" 6103
"D:/UE_project/Blaster/Content/Assets/LS_Scifi_ModernCity/Meshes/Props/Pipes/Pipe_Curve_Street.ubulk" 6104
"D:/UE_project/Blaster/Content/Assets/LS_Scifi_ModernCity/Meshes/Props/Pipes/Pipe_Curve_Street.uasset" 6105
"D:/UE_project/Blaster/Content/Assets/LS_Scifi_ModernCity/Meshes/Props/Pipes/Pipe_Curve_Street.uexp" 6106
"D:/UE_project/Blaster/Content/Assets/LS_Scifi_ModernCity/Meshes/Props/Pipes/Pipe_4m.ubulk" 6107
"D:/UE_project/Blaster/Content/Assets/LS_Scifi_ModernCity/Meshes/Props/Pipes/Pipe_4m.uasset" 6108
"D:/UE_project/Blaster/Content/Assets/LS_Scifi_ModernCity/Meshes/Props/Pipes/Pipe_4m.uexp" 6109
"D:/UE_project/Blaster/Content/Assets/LS_Scifi_ModernCity/Blueprints/BP_Street_TSection_Main.uasset" 6110
"D:/UE_project/Blaster/Content/Assets/LS_Scifi_ModernCity/Blueprints/BP_Street_TSection_Main.uexp" 6111
"D:/UE_project/Blaster/Content/Assets/LS_Scifi_ModernCity/Meshes/Props/SM_Sewer.ubulk" 6112
"D:/UE_project/Blaster/Content/Assets/LS_Scifi_ModernCity/Meshes/Props/SM_Sewer.uasset" 6113
"D:/UE_project/Blaster/Content/Assets/LS_Scifi_ModernCity/Meshes/Props/SM_Sewer.uexp" 6114
"D:/UE_project/Blaster/Content/Assets/LS_Scifi_ModernCity/Meshes/Streets/SM_Street_Side.ubulk" 6115
"D:/UE_project/Blaster/Content/Assets/LS_Scifi_ModernCity/Meshes/Streets/SM_Street_Side.uasset" 6116
"D:/UE_project/Blaster/Content/Assets/LS_Scifi_ModernCity/Meshes/Streets/SM_Street_Side.uexp" 6117
"D:/UE_project/Blaster/Content/Assets/LS_Scifi_ModernCity/Textures/T_Grass_M.ubulk" 6118
"D:/UE_project/Blaster/Content/Assets/LS_Scifi_ModernCity/Textures/T_Grass_M.uasset" 6119
"D:/UE_project/Blaster/Content/Assets/LS_Scifi_ModernCity/Textures/T_Grass_M.uexp" 6120
"D:/UE_project/Blaster/Content/Assets/LS_Scifi_ModernCity/Textures/T_Grass_N.ubulk" 6121
"D:/UE_project/Blaster/Content/Assets/LS_Scifi_ModernCity/Textures/T_Grass_N.uasset" 6122
"D:/UE_project/Blaster/Content/Assets/LS_Scifi_ModernCity/Textures/T_Grass_N.uexp" 6123
"D:/UE_project/Blaster/Content/Assets/LS_Scifi_ModernCity/Textures/T_Grass_AO.ubulk" 6124
"D:/UE_project/Blaster/Content/Assets/LS_Scifi_ModernCity/Textures/T_Grass_AO.uasset" 6125
"D:/UE_project/Blaster/Content/Assets/LS_Scifi_ModernCity/Textures/T_Grass_AO.uexp" 6126
"D:/UE_project/Blaster/Content/Assets/LS_Scifi_ModernCity/Textures/T_Grass_B.ubulk" 6127
"D:/UE_project/Blaster/Content/Assets/LS_Scifi_ModernCity/Textures/T_Grass_B.uasset" 6128
"D:/UE_project/Blaster/Content/Assets/LS_Scifi_ModernCity/Textures/T_Grass_B.uexp" 6129
"D:/UE_project/Blaster/Content/Assets/LS_Scifi_ModernCity/Textures/T_Grass_R.ubulk" 6130
"D:/UE_project/Blaster/Content/Assets/LS_Scifi_ModernCity/Textures/T_Grass_R.uasset" 6131
"D:/UE_project/Blaster/Content/Assets/LS_Scifi_ModernCity/Textures/T_Grass_R.uexp" 6132
"D:/UE_project/Blaster/Content/Assets/LS_Scifi_ModernCity/Materials/MI_TileGrass.uasset" 6133
"D:/UE_project/Blaster/Content/Assets/LS_Scifi_ModernCity/Materials/MI_TileGrass.uexp" 6134
"D:/UE_project/Blaster/Content/Assets/LS_Scifi_ModernCity/Meshes/Props/SM_TreePot.ubulk" 6135
"D:/UE_project/Blaster/Content/Assets/LS_Scifi_ModernCity/Meshes/Props/SM_TreePot.uasset" 6136
"D:/UE_project/Blaster/Content/Assets/LS_Scifi_ModernCity/Meshes/Props/SM_TreePot.uexp" 6137
"D:/UE_project/Blaster/Content/Assets/LS_Scifi_ModernCity/Blueprints/BP_TreePot.uasset" 6138
"D:/UE_project/Blaster/Content/Assets/LS_Scifi_ModernCity/Blueprints/BP_TreePot.uexp" 6139
"D:/UE_project/Blaster/Content/Assets/LS_Scifi_ModernCity/Meshes/Props/SM_ClipTechs.ubulk" 6140
"D:/UE_project/Blaster/Content/Assets/LS_Scifi_ModernCity/Meshes/Props/SM_ClipTechs.uasset" 6141
"D:/UE_project/Blaster/Content/Assets/LS_Scifi_ModernCity/Meshes/Props/SM_ClipTechs.uexp" 6142
"D:/UE_project/Blaster/Content/Assets/LS_Scifi_ModernCity/Materials/MI_NeoEats.uasset" 6143
"D:/UE_project/Blaster/Content/Assets/LS_Scifi_ModernCity/Materials/MI_NeoEats.uexp" 6144
"D:/UE_project/Blaster/Content/Assets/LS_Scifi_ModernCity/Materials/MI_RoboCrust.uasset" 6145
"D:/UE_project/Blaster/Content/Assets/LS_Scifi_ModernCity/Materials/MI_RoboCrust.uexp" 6146
"D:/UE_project/Blaster/Content/Assets/LS_Scifi_ModernCity/Meshes/Props/SM_RoboCrust.ubulk" 6147
"D:/UE_project/Blaster/Content/Assets/LS_Scifi_ModernCity/Meshes/Props/SM_RoboCrust.uasset" 6148
"D:/UE_project/Blaster/Content/Assets/LS_Scifi_ModernCity/Meshes/Props/SM_RoboCrust.uexp" 6149
"D:/UE_project/Blaster/Content/Assets/LS_Scifi_ModernCity/Meshes/Props/SM_FloorBed.ubulk" 6150
"D:/UE_project/Blaster/Content/Assets/LS_Scifi_ModernCity/Meshes/Props/SM_FloorBed.uasset" 6151
"D:/UE_project/Blaster/Content/Assets/LS_Scifi_ModernCity/Meshes/Props/SM_FloorBed.uexp" 6152
"D:/UE_project/Blaster/Content/Assets/LS_Scifi_ModernCity/Meshes/Foliage/SM_Bush.ubulk" 6153
"D:/UE_project/Blaster/Content/Assets/LS_Scifi_ModernCity/Meshes/Foliage/SM_Bush.uasset" 6154
"D:/UE_project/Blaster/Content/Assets/LS_Scifi_ModernCity/Meshes/Foliage/SM_Bush.uexp" 6155
"D:/UE_project/Blaster/Content/Assets/LS_Scifi_ModernCity/Blueprints/BP_BushBed.uasset" 6156
"D:/UE_project/Blaster/Content/Assets/LS_Scifi_ModernCity/Blueprints/BP_BushBed.uexp" 6157
"D:/UE_project/Blaster/Content/Assets/LS_Scifi_ModernCity/Textures/T_Ads_N.ubulk" 6158
"D:/UE_project/Blaster/Content/Assets/LS_Scifi_ModernCity/Textures/T_Ads_N.uasset" 6159
"D:/UE_project/Blaster/Content/Assets/LS_Scifi_ModernCity/Textures/T_Ads_N.uexp" 6160
"D:/UE_project/Blaster/Content/Assets/LS_Scifi_ModernCity/Materials/MI_BillBoard.uasset" 6161
"D:/UE_project/Blaster/Content/Assets/LS_Scifi_ModernCity/Materials/MI_BillBoard.uexp" 6162
"D:/UE_project/Blaster/Content/Assets/LS_Scifi_ModernCity/Meshes/Props/SM_Billboard.ubulk" 6163
"D:/UE_project/Blaster/Content/Assets/LS_Scifi_ModernCity/Meshes/Props/SM_Billboard.uasset" 6164
"D:/UE_project/Blaster/Content/Assets/LS_Scifi_ModernCity/Meshes/Props/SM_Billboard.uexp" 6165
"D:/UE_project/Blaster/Content/Assets/LS_Scifi_ModernCity/Blueprints/BP_B3_c.uasset" 6166
"D:/UE_project/Blaster/Content/Assets/LS_Scifi_ModernCity/Blueprints/BP_B3_c.uexp" 6167
"D:/UE_project/Blaster/Content/Assets/LS_Scifi_ModernCity/Textures/T_FireHydrant_ORM.ubulk" 6168
"D:/UE_project/Blaster/Content/Assets/LS_Scifi_ModernCity/Textures/T_FireHydrant_ORM.uasset" 6169
"D:/UE_project/Blaster/Content/Assets/LS_Scifi_ModernCity/Textures/T_FireHydrant_ORM.uexp" 6170
"D:/UE_project/Blaster/Content/Assets/LS_Scifi_ModernCity/Textures/T_FireHydrant_N.ubulk" 6171
"D:/UE_project/Blaster/Content/Assets/LS_Scifi_ModernCity/Textures/T_FireHydrant_N.uasset" 6172
"D:/UE_project/Blaster/Content/Assets/LS_Scifi_ModernCity/Textures/T_FireHydrant_N.uexp" 6173
"D:/UE_project/Blaster/Content/Assets/LS_Scifi_ModernCity/Textures/T_FireHydrant_B_01.ubulk" 6174
"D:/UE_project/Blaster/Content/Assets/LS_Scifi_ModernCity/Textures/T_FireHydrant_B_01.uasset" 6175
"D:/UE_project/Blaster/Content/Assets/LS_Scifi_ModernCity/Textures/T_FireHydrant_B_01.uexp" 6176
"D:/UE_project/Blaster/Content/Assets/LS_Scifi_ModernCity/Materials/MI_FireHydrant_a.uasset" 6177
"D:/UE_project/Blaster/Content/Assets/LS_Scifi_ModernCity/Materials/MI_FireHydrant_a.uexp" 6178
"D:/UE_project/Blaster/Content/Assets/LS_Scifi_ModernCity/Meshes/Props/SM_FireHydrant.ubulk" 6179
"D:/UE_project/Blaster/Content/Assets/LS_Scifi_ModernCity/Meshes/Props/SM_FireHydrant.uasset" 6180
"D:/UE_project/Blaster/Content/Assets/LS_Scifi_ModernCity/Meshes/Props/SM_FireHydrant.uexp" 6181
"D:/UE_project/Blaster/Content/Assets/LS_Scifi_ModernCity/Blueprints/SM_Sidewalk_8mx8m.ubulk" 6182
"D:/UE_project/Blaster/Content/Assets/LS_Scifi_ModernCity/Blueprints/SM_Sidewalk_8mx8m.uasset" 6183
"D:/UE_project/Blaster/Content/Assets/LS_Scifi_ModernCity/Blueprints/SM_Sidewalk_8mx8m.uexp" 6184
"D:/UE_project/Blaster/Content/Assets/LS_Scifi_ModernCity/Blueprints/BP_B1_a.uasset" 6185
"D:/UE_project/Blaster/Content/Assets/LS_Scifi_ModernCity/Blueprints/BP_B1_a.uexp" 6186
"D:/UE_project/Blaster/Content/Assets/LS_Scifi_ModernCity/Blueprints/BP_B3_e.uasset" 6187
"D:/UE_project/Blaster/Content/Assets/LS_Scifi_ModernCity/Blueprints/BP_B3_e.uexp" 6188
"D:/UE_project/Blaster/Content/Assets/LS_Scifi_ModernCity/Textures/T_DividingStripes_N.ubulk" 6189
"D:/UE_project/Blaster/Content/Assets/LS_Scifi_ModernCity/Textures/T_DividingStripes_N.uasset" 6190
"D:/UE_project/Blaster/Content/Assets/LS_Scifi_ModernCity/Textures/T_DividingStripes_N.uexp" 6191
"D:/UE_project/Blaster/Content/Assets/LS_Scifi_ModernCity/Textures/T_DividingStripes_B.ubulk" 6192
"D:/UE_project/Blaster/Content/Assets/LS_Scifi_ModernCity/Textures/T_DividingStripes_B.uasset" 6193
"D:/UE_project/Blaster/Content/Assets/LS_Scifi_ModernCity/Textures/T_DividingStripes_B.uexp" 6194
"D:/UE_project/Blaster/Content/Assets/LS_Scifi_ModernCity/Materials/MI_Decal_WhiteDividing_Stripes.uasset" 6195
"D:/UE_project/Blaster/Content/Assets/LS_Scifi_ModernCity/Materials/MI_Decal_WhiteDividing_Stripes.uexp" 6196
"D:/UE_project/Blaster/Content/Assets/LS_Scifi_ModernCity/Blueprints/BP_SS01.uasset" 6197
"D:/UE_project/Blaster/Content/Assets/LS_Scifi_ModernCity/Blueprints/BP_SS01.uexp" 6198
"D:/UE_project/Blaster/Content/Assets/LS_Scifi_ModernCity/Demo/T_Smoke_SubUV.ubulk" 6199
"D:/UE_project/Blaster/Content/Assets/LS_Scifi_ModernCity/Demo/T_Smoke_SubUV.uasset" 6200
"D:/UE_project/Blaster/Content/Assets/LS_Scifi_ModernCity/Demo/T_Smoke_SubUV.uexp" 6201
"D:/UE_project/Blaster/Content/Assets/LS_Scifi_ModernCity/Demo/T_Smoke_Tiled_D.ubulk" 6202
"D:/UE_project/Blaster/Content/Assets/LS_Scifi_ModernCity/Demo/T_Smoke_Tiled_D.uasset" 6203
"D:/UE_project/Blaster/Content/Assets/LS_Scifi_ModernCity/Demo/T_Smoke_Tiled_D.uexp" 6204
"D:/UE_project/Blaster/Content/Assets/LS_Scifi_ModernCity/Demo/MM_smoke_subUV.uasset" 6205
"D:/UE_project/Blaster/Content/Assets/LS_Scifi_ModernCity/Demo/MM_smoke_subUV.uexp" 6206
"D:/UE_project/Blaster/Content/Assets/LS_Scifi_ModernCity/Demo/NS_Steam.uasset" 6207
"D:/UE_project/Blaster/Content/Assets/LS_Scifi_ModernCity/Demo/NS_Steam.uexp" 6208
"D:/UE_project/Blaster/Content/Assets/LS_Scifi_ModernCity/Textures/T_ManholeCover_ORM.ubulk" 6209
"D:/UE_project/Blaster/Content/Assets/LS_Scifi_ModernCity/Textures/T_ManholeCover_ORM.uasset" 6210
"D:/UE_project/Blaster/Content/Assets/LS_Scifi_ModernCity/Textures/T_ManholeCover_ORM.uexp" 6211
"D:/UE_project/Blaster/Content/Assets/LS_Scifi_ModernCity/Textures/T_ManholeCover_B.ubulk" 6212
"D:/UE_project/Blaster/Content/Assets/LS_Scifi_ModernCity/Textures/T_ManholeCover_B.uasset" 6213
"D:/UE_project/Blaster/Content/Assets/LS_Scifi_ModernCity/Textures/T_ManholeCover_B.uexp" 6214
"D:/UE_project/Blaster/Content/Assets/LS_Scifi_ModernCity/Textures/T_ManholeCover_N.ubulk" 6215
"D:/UE_project/Blaster/Content/Assets/LS_Scifi_ModernCity/Textures/T_ManholeCover_N.uasset" 6216
"D:/UE_project/Blaster/Content/Assets/LS_Scifi_ModernCity/Textures/T_ManholeCover_N.uexp" 6217
"D:/UE_project/Blaster/Content/Assets/LS_Scifi_ModernCity/Materials/MI_Manhole.uasset" 6218
"D:/UE_project/Blaster/Content/Assets/LS_Scifi_ModernCity/Materials/MI_Manhole.uexp" 6219
"D:/UE_project/Blaster/Content/Assets/LS_Scifi_ModernCity/Meshes/Props/SM_ManHole.ubulk" 6220
"D:/UE_project/Blaster/Content/Assets/LS_Scifi_ModernCity/Meshes/Props/SM_ManHole.uasset" 6221
"D:/UE_project/Blaster/Content/Assets/LS_Scifi_ModernCity/Meshes/Props/SM_ManHole.uexp" 6222
"D:/UE_project/Blaster/Content/Assets/LS_Scifi_ModernCity/Blueprints/BP_Manhole_Steam.uasset" 6223
"D:/UE_project/Blaster/Content/Assets/LS_Scifi_ModernCity/Blueprints/BP_Manhole_Steam.uexp" 6224
"D:/UE_project/Blaster/Content/Assets/LS_Scifi_ModernCity/Materials/MI_Hologram_Spiral_Grid.uasset" 6225
"D:/UE_project/Blaster/Content/Assets/LS_Scifi_ModernCity/Materials/MI_Hologram_Spiral_Grid.uexp" 6226
"D:/UE_project/Blaster/Content/Assets/LS_Scifi_ModernCity/Materials/Master_Materials/MM_Hologram_Grid_Sides.uasset" 6227
"D:/UE_project/Blaster/Content/Assets/LS_Scifi_ModernCity/Materials/Master_Materials/MM_Hologram_Grid_Sides.uexp" 6228
"D:/UE_project/Blaster/Content/Assets/LS_Scifi_ModernCity/Materials/MI_Hologram_Grid_Sides.uasset" 6229
"D:/UE_project/Blaster/Content/Assets/LS_Scifi_ModernCity/Materials/MI_Hologram_Grid_Sides.uexp" 6230
"D:/UE_project/Blaster/Content/Assets/LS_Scifi_ModernCity/Meshes/Props/SM_Spiral.ubulk" 6231
"D:/UE_project/Blaster/Content/Assets/LS_Scifi_ModernCity/Meshes/Props/SM_Spiral.uasset" 6232
"D:/UE_project/Blaster/Content/Assets/LS_Scifi_ModernCity/Meshes/Props/SM_Spiral.uexp" 6233
"D:/UE_project/Blaster/Content/Assets/LS_Scifi_ModernCity/Meshes/Props/SM_Billboard_Stand.ubulk" 6234
"D:/UE_project/Blaster/Content/Assets/LS_Scifi_ModernCity/Meshes/Props/SM_Billboard_Stand.uasset" 6235
"D:/UE_project/Blaster/Content/Assets/LS_Scifi_ModernCity/Meshes/Props/SM_Billboard_Stand.uexp" 6236
"D:/UE_project/Blaster/Content/Assets/LS_Scifi_ModernCity/Textures/T_PowerBox_N.ubulk" 6237
"D:/UE_project/Blaster/Content/Assets/LS_Scifi_ModernCity/Textures/T_PowerBox_N.uasset" 6238
"D:/UE_project/Blaster/Content/Assets/LS_Scifi_ModernCity/Textures/T_PowerBox_N.uexp" 6239
"D:/UE_project/Blaster/Content/Assets/LS_Scifi_ModernCity/Textures/T_PowerBox_ORM.ubulk" 6240
"D:/UE_project/Blaster/Content/Assets/LS_Scifi_ModernCity/Textures/T_PowerBox_ORM.uasset" 6241
"D:/UE_project/Blaster/Content/Assets/LS_Scifi_ModernCity/Textures/T_PowerBox_ORM.uexp" 6242
"D:/UE_project/Blaster/Content/Assets/LS_Scifi_ModernCity/Textures/T_PowerBox_E.ubulk" 6243
"D:/UE_project/Blaster/Content/Assets/LS_Scifi_ModernCity/Textures/T_PowerBox_E.uasset" 6244
"D:/UE_project/Blaster/Content/Assets/LS_Scifi_ModernCity/Textures/T_PowerBox_E.uexp" 6245
"D:/UE_project/Blaster/Content/Assets/LS_Scifi_ModernCity/Textures/T_PowerBox_B.ubulk" 6246
"D:/UE_project/Blaster/Content/Assets/LS_Scifi_ModernCity/Textures/T_PowerBox_B.uasset" 6247
"D:/UE_project/Blaster/Content/Assets/LS_Scifi_ModernCity/Textures/T_PowerBox_B.uexp" 6248
"D:/UE_project/Blaster/Content/Assets/LS_Scifi_ModernCity/Materials/MI_PowerBox.uasset" 6249
"D:/UE_project/Blaster/Content/Assets/LS_Scifi_ModernCity/Materials/MI_PowerBox.uexp" 6250
"D:/UE_project/Blaster/Content/Assets/LS_Scifi_ModernCity/Meshes/Props/SM_PowerBox.ubulk" 6251
"D:/UE_project/Blaster/Content/Assets/LS_Scifi_ModernCity/Meshes/Props/SM_PowerBox.uasset" 6252
"D:/UE_project/Blaster/Content/Assets/LS_Scifi_ModernCity/Meshes/Props/SM_PowerBox.uexp" 6253
"D:/UE_project/Blaster/Content/Assets/LS_Scifi_ModernCity/Textures/T_OutdoorSeating_N.ubulk" 6254
"D:/UE_project/Blaster/Content/Assets/LS_Scifi_ModernCity/Textures/T_OutdoorSeating_N.uasset" 6255
"D:/UE_project/Blaster/Content/Assets/LS_Scifi_ModernCity/Textures/T_OutdoorSeating_N.uexp" 6256
"D:/UE_project/Blaster/Content/Assets/LS_Scifi_ModernCity/Textures/T_OutdoorSeating_ORM.ubulk" 6257
"D:/UE_project/Blaster/Content/Assets/LS_Scifi_ModernCity/Textures/T_OutdoorSeating_ORM.uasset" 6258
"D:/UE_project/Blaster/Content/Assets/LS_Scifi_ModernCity/Textures/T_OutdoorSeating_ORM.uexp" 6259
"D:/UE_project/Blaster/Content/Assets/LS_Scifi_ModernCity/Textures/T_OutdoorSeating_B.ubulk" 6260
"D:/UE_project/Blaster/Content/Assets/LS_Scifi_ModernCity/Textures/T_OutdoorSeating_B.uasset" 6261
"D:/UE_project/Blaster/Content/Assets/LS_Scifi_ModernCity/Textures/T_OutdoorSeating_B.uexp" 6262
"D:/UE_project/Blaster/Content/Assets/LS_Scifi_ModernCity/Materials/MI_OutdoorSeating.uasset" 6263
"D:/UE_project/Blaster/Content/Assets/LS_Scifi_ModernCity/Materials/MI_OutdoorSeating.uexp" 6264
"D:/UE_project/Blaster/Content/Assets/LS_Scifi_ModernCity/Meshes/Props/SM_CafeOpenSign.ubulk" 6265
"D:/UE_project/Blaster/Content/Assets/LS_Scifi_ModernCity/Meshes/Props/SM_CafeOpenSign.uasset" 6266
"D:/UE_project/Blaster/Content/Assets/LS_Scifi_ModernCity/Meshes/Props/SM_CafeOpenSign.uexp" 6267
"D:/UE_project/Blaster/Content/Assets/LS_Scifi_ModernCity/Meshes/Buildings/Skyscraper_2/SM_SS02_Accent_Cornice.ubulk" 6268
"D:/UE_project/Blaster/Content/Assets/LS_Scifi_ModernCity/Meshes/Buildings/Skyscraper_2/SM_SS02_Accent_Cornice.uasset" 6269
"D:/UE_project/Blaster/Content/Assets/LS_Scifi_ModernCity/Meshes/Buildings/Skyscraper_2/SM_SS02_Accent_Cornice.uexp" 6270
"D:/UE_project/Blaster/Content/Assets/LS_Scifi_ModernCity/Meshes/Buildings/Skyscraper_2/SM_SS02_Accent_Corner.ubulk" 6271
"D:/UE_project/Blaster/Content/Assets/LS_Scifi_ModernCity/Meshes/Buildings/Skyscraper_2/SM_SS02_Accent_Corner.uasset" 6272
"D:/UE_project/Blaster/Content/Assets/LS_Scifi_ModernCity/Meshes/Buildings/Skyscraper_2/SM_SS02_Accent_Corner.uexp" 6273
"D:/UE_project/Blaster/Content/Assets/LS_Scifi_ModernCity/Meshes/Buildings/Skyscraper_2/SM_SS02_Cornice.ubulk" 6274
"D:/UE_project/Blaster/Content/Assets/LS_Scifi_ModernCity/Meshes/Buildings/Skyscraper_2/SM_SS02_Cornice.uasset" 6275
"D:/UE_project/Blaster/Content/Assets/LS_Scifi_ModernCity/Meshes/Buildings/Skyscraper_2/SM_SS02_Cornice.uexp" 6276
"D:/UE_project/Blaster/Content/Assets/LS_Scifi_ModernCity/Meshes/Buildings/Skyscraper_2/SM_SS02_Pillar.ubulk" 6277
"D:/UE_project/Blaster/Content/Assets/LS_Scifi_ModernCity/Meshes/Buildings/Skyscraper_2/SM_SS02_Pillar.uasset" 6278
"D:/UE_project/Blaster/Content/Assets/LS_Scifi_ModernCity/Meshes/Buildings/Skyscraper_2/SM_SS02_Pillar.uexp" 6279
"D:/UE_project/Blaster/Content/Assets/LS_Scifi_ModernCity/Meshes/Buildings/Skyscraper_2/SM_SS02_Corner.ubulk" 6280
"D:/UE_project/Blaster/Content/Assets/LS_Scifi_ModernCity/Meshes/Buildings/Skyscraper_2/SM_SS02_Corner.uasset" 6281
"D:/UE_project/Blaster/Content/Assets/LS_Scifi_ModernCity/Meshes/Buildings/Skyscraper_2/SM_SS02_Corner.uexp" 6282
"D:/UE_project/Blaster/Content/Assets/LS_Scifi_ModernCity/Meshes/Buildings/Skyscraper_2/SM_SS02_Accent_Pillar.ubulk" 6283
"D:/UE_project/Blaster/Content/Assets/LS_Scifi_ModernCity/Meshes/Buildings/Skyscraper_2/SM_SS02_Accent_Pillar.uasset" 6284
"D:/UE_project/Blaster/Content/Assets/LS_Scifi_ModernCity/Meshes/Buildings/Skyscraper_2/SM_SS02_Accent_Pillar.uexp" 6285
"D:/UE_project/Blaster/Content/Assets/LS_Scifi_ModernCity/Meshes/Buildings/Skyscraper_2/SM_SS02_Cornice_Corner.ubulk" 6286
"D:/UE_project/Blaster/Content/Assets/LS_Scifi_ModernCity/Meshes/Buildings/Skyscraper_2/SM_SS02_Cornice_Corner.uasset" 6287
"D:/UE_project/Blaster/Content/Assets/LS_Scifi_ModernCity/Meshes/Buildings/Skyscraper_2/SM_SS02_Cornice_Corner.uexp" 6288
"D:/UE_project/Blaster/Content/Assets/LS_Scifi_ModernCity/Meshes/Buildings/Skyscraper_2/SM_SS02_Window_3.ubulk" 6289
"D:/UE_project/Blaster/Content/Assets/LS_Scifi_ModernCity/Meshes/Buildings/Skyscraper_2/SM_SS02_Window_3.uasset" 6290
"D:/UE_project/Blaster/Content/Assets/LS_Scifi_ModernCity/Meshes/Buildings/Skyscraper_2/SM_SS02_Window_3.uexp" 6291
"D:/UE_project/Blaster/Content/Assets/LS_Scifi_ModernCity/Meshes/Buildings/Skyscraper_2/SM_SS02_Accent.ubulk" 6292
"D:/UE_project/Blaster/Content/Assets/LS_Scifi_ModernCity/Meshes/Buildings/Skyscraper_2/SM_SS02_Accent.uasset" 6293
"D:/UE_project/Blaster/Content/Assets/LS_Scifi_ModernCity/Meshes/Buildings/Skyscraper_2/SM_SS02_Accent.uexp" 6294
"D:/UE_project/Blaster/Content/Assets/LS_Scifi_ModernCity/Meshes/Buildings/Skyscraper_2/BP_SS2_Part01_b.uasset" 6295
"D:/UE_project/Blaster/Content/Assets/LS_Scifi_ModernCity/Meshes/Buildings/Skyscraper_2/BP_SS2_Part01_b.uexp" 6296
"D:/UE_project/Blaster/Content/Assets/LS_Scifi_ModernCity/Textures/T_SingleLine_O.ubulk" 6297
"D:/UE_project/Blaster/Content/Assets/LS_Scifi_ModernCity/Textures/T_SingleLine_O.uasset" 6298
"D:/UE_project/Blaster/Content/Assets/LS_Scifi_ModernCity/Textures/T_SingleLine_O.uexp" 6299
"D:/UE_project/Blaster/Content/Assets/LS_Scifi_ModernCity/Materials/Master_Materials/MM_Hologram_SingleStrip.uasset" 6300
"D:/UE_project/Blaster/Content/Assets/LS_Scifi_ModernCity/Materials/Master_Materials/MM_Hologram_SingleStrip.uexp" 6301
"D:/UE_project/Blaster/Content/Assets/LS_Scifi_ModernCity/Materials/MI_Hologram_SingleStrip_01.uasset" 6302
"D:/UE_project/Blaster/Content/Assets/LS_Scifi_ModernCity/Materials/MI_Hologram_SingleStrip_01.uexp" 6303
"D:/UE_project/Blaster/Content/Assets/LS_Scifi_ModernCity/Blueprints/BP_HoloGramStripe_01.uasset" 6304
"D:/UE_project/Blaster/Content/Assets/LS_Scifi_ModernCity/Blueprints/BP_HoloGramStripe_01.uexp" 6305
"D:/UE_project/Blaster/Content/Assets/LS_Scifi_ModernCity/Meshes/Streets/SM_Street_Corner.ubulk" 6306
"D:/UE_project/Blaster/Content/Assets/LS_Scifi_ModernCity/Meshes/Streets/SM_Street_Corner.uasset" 6307
"D:/UE_project/Blaster/Content/Assets/LS_Scifi_ModernCity/Meshes/Streets/SM_Street_Corner.uexp" 6308
"D:/UE_project/Blaster/Content/Assets/LS_Scifi_ModernCity/Blueprints/BP_Street_Corner.uasset" 6309
"D:/UE_project/Blaster/Content/Assets/LS_Scifi_ModernCity/Blueprints/BP_Street_Corner.uexp" 6310
"D:/UE_project/Blaster/Content/Assets/LS_Scifi_ModernCity/Meshes/Props/SM_Bridge.ubulk" 6311
"D:/UE_project/Blaster/Content/Assets/LS_Scifi_ModernCity/Meshes/Props/SM_Bridge.uasset" 6312
"D:/UE_project/Blaster/Content/Assets/LS_Scifi_ModernCity/Meshes/Props/SM_Bridge.uexp" 6313
"D:/UE_project/Blaster/Content/Assets/LS_Scifi_ModernCity/Blueprints/BP_Bridges.uasset" 6314
"D:/UE_project/Blaster/Content/Assets/LS_Scifi_ModernCity/Blueprints/BP_Bridges.uexp" 6315
"D:/UE_project/Blaster/Content/Assets/LS_Scifi_ModernCity/Materials/MI_Skyscraper_Glass.uasset" 6316
"D:/UE_project/Blaster/Content/Assets/LS_Scifi_ModernCity/Materials/MI_Skyscraper_Glass.uexp" 6317
"D:/UE_project/Blaster/Content/Assets/LS_Scifi_ModernCity/Meshes/Buildings/Skyscraper_3/BP_SS3_Part_1.uasset" 6318
"D:/UE_project/Blaster/Content/Assets/LS_Scifi_ModernCity/Meshes/Buildings/Skyscraper_3/BP_SS3_Part_1.uexp" 6319
"D:/UE_project/Blaster/Content/Assets/LS_Scifi_ModernCity/Blueprints/BP_SS3.uasset" 6320
"D:/UE_project/Blaster/Content/Assets/LS_Scifi_ModernCity/Blueprints/BP_SS3.uexp" 6321
"D:/UE_project/Blaster/Content/Assets/LS_Scifi_ModernCity/Meshes/Buildings/Skyscraper_2/BP_SS2_Part01_a.uasset" 6322
"D:/UE_project/Blaster/Content/Assets/LS_Scifi_ModernCity/Meshes/Buildings/Skyscraper_2/BP_SS2_Part01_a.uexp" 6323
"D:/UE_project/Blaster/Content/Assets/LS_Scifi_ModernCity/Blueprints/BP_HoloGramStripe_02.uasset" 6324
"D:/UE_project/Blaster/Content/Assets/LS_Scifi_ModernCity/Blueprints/BP_HoloGramStripe_02.uexp" 6325
"D:/UE_project/Blaster/Content/Assets/LS_Scifi_ModernCity/Textures/T_Flowers_B.ubulk" 6326
"D:/UE_project/Blaster/Content/Assets/LS_Scifi_ModernCity/Textures/T_Flowers_B.uasset" 6327
"D:/UE_project/Blaster/Content/Assets/LS_Scifi_ModernCity/Textures/T_Flowers_B.uexp" 6328
"D:/UE_project/Blaster/Content/Assets/LS_Scifi_ModernCity/Textures/T_Flowers_O.ubulk" 6329
"D:/UE_project/Blaster/Content/Assets/LS_Scifi_ModernCity/Textures/T_Flowers_O.uasset" 6330
"D:/UE_project/Blaster/Content/Assets/LS_Scifi_ModernCity/Textures/T_Flowers_O.uexp" 6331
"D:/UE_project/Blaster/Content/Assets/LS_Scifi_ModernCity/Materials/Master_Materials/MM_Flower.uasset" 6332
"D:/UE_project/Blaster/Content/Assets/LS_Scifi_ModernCity/Materials/Master_Materials/MM_Flower.uexp" 6333
"D:/UE_project/Blaster/Content/Assets/LS_Scifi_ModernCity/Materials/MI_Flowers.uasset" 6334
"D:/UE_project/Blaster/Content/Assets/LS_Scifi_ModernCity/Materials/MI_Flowers.uexp" 6335
"D:/UE_project/Blaster/Content/Assets/LS_Scifi_ModernCity/Meshes/Foliage/SM_Flower_Red.ubulk" 6336
"D:/UE_project/Blaster/Content/Assets/LS_Scifi_ModernCity/Meshes/Foliage/SM_Flower_Red.uasset" 6337
"D:/UE_project/Blaster/Content/Assets/LS_Scifi_ModernCity/Meshes/Foliage/SM_Flower_Red.uexp" 6338
"D:/UE_project/Blaster/Content/Assets/LS_Scifi_ModernCity/Meshes/Foliage/SM_Flower_Blue.ubulk" 6339
"D:/UE_project/Blaster/Content/Assets/LS_Scifi_ModernCity/Meshes/Foliage/SM_Flower_Blue.uasset" 6340
"D:/UE_project/Blaster/Content/Assets/LS_Scifi_ModernCity/Meshes/Foliage/SM_Flower_Blue.uexp" 6341
"D:/UE_project/Blaster/Content/Assets/LS_Scifi_ModernCity/Meshes/Foliage/SM_Flower_White.ubulk" 6342
"D:/UE_project/Blaster/Content/Assets/LS_Scifi_ModernCity/Meshes/Foliage/SM_Flower_White.uasset" 6343
"D:/UE_project/Blaster/Content/Assets/LS_Scifi_ModernCity/Meshes/Foliage/SM_Flower_White.uexp" 6344
"D:/UE_project/Blaster/Content/Assets/LS_Scifi_ModernCity/Meshes/Foliage/SM_Flower_Purple.ubulk" 6345
"D:/UE_project/Blaster/Content/Assets/LS_Scifi_ModernCity/Meshes/Foliage/SM_Flower_Purple.uasset" 6346
"D:/UE_project/Blaster/Content/Assets/LS_Scifi_ModernCity/Meshes/Foliage/SM_Flower_Purple.uexp" 6347
"D:/UE_project/Blaster/Content/Assets/LS_Scifi_ModernCity/Textures/T_Grass_O.ubulk" 6348
"D:/UE_project/Blaster/Content/Assets/LS_Scifi_ModernCity/Textures/T_Grass_O.uasset" 6349
"D:/UE_project/Blaster/Content/Assets/LS_Scifi_ModernCity/Textures/T_Grass_O.uexp" 6350
"D:/UE_project/Blaster/Content/Assets/LS_Scifi_ModernCity/Materials/Master_Materials/MM_Grass.uasset" 6351
"D:/UE_project/Blaster/Content/Assets/LS_Scifi_ModernCity/Materials/Master_Materials/MM_Grass.uexp" 6352
"D:/UE_project/Blaster/Content/Assets/LS_Scifi_ModernCity/Materials/MI_Grass.uasset" 6353
"D:/UE_project/Blaster/Content/Assets/LS_Scifi_ModernCity/Materials/MI_Grass.uexp" 6354
"D:/UE_project/Blaster/Content/Assets/LS_Scifi_ModernCity/Meshes/Foliage/SM_Grass_01.ubulk" 6355
"D:/UE_project/Blaster/Content/Assets/LS_Scifi_ModernCity/Meshes/Foliage/SM_Grass_01.uasset" 6356
"D:/UE_project/Blaster/Content/Assets/LS_Scifi_ModernCity/Meshes/Foliage/SM_Grass_01.uexp" 6357
"D:/UE_project/Blaster/Content/Assets/LS_Scifi_ModernCity/Meshes/Foliage/SM_Grass_02.ubulk" 6358
"D:/UE_project/Blaster/Content/Assets/LS_Scifi_ModernCity/Meshes/Foliage/SM_Grass_02.uasset" 6359
"D:/UE_project/Blaster/Content/Assets/LS_Scifi_ModernCity/Meshes/Foliage/SM_Grass_02.uexp" 6360
"D:/UE_project/Blaster/Content/Assets/LS_Scifi_ModernCity/Meshes/Streets/SM_Street_MainMedian.ubulk" 6361
"D:/UE_project/Blaster/Content/Assets/LS_Scifi_ModernCity/Meshes/Streets/SM_Street_MainMedian.uasset" 6362
"D:/UE_project/Blaster/Content/Assets/LS_Scifi_ModernCity/Meshes/Streets/SM_Street_MainMedian.uexp" 6363
"D:/UE_project/Blaster/Content/Assets/LS_Scifi_ModernCity/Blueprints/SM_Street_Median_Garden.uasset" 6364
"D:/UE_project/Blaster/Content/Assets/LS_Scifi_ModernCity/Blueprints/SM_Street_Median_Garden.uexp" 6365
"D:/UE_project/Blaster/Content/Assets/LS_Scifi_ModernCity/Blueprints/SM_Street_Median.uasset" 6366
"D:/UE_project/Blaster/Content/Assets/LS_Scifi_ModernCity/Blueprints/SM_Street_Median.uexp" 6367
"D:/UE_project/Blaster/Content/Assets/LS_Scifi_ModernCity/Meshes/Buildings/Building_4/SM_B4_Accent_Pillar.ubulk" 6368
"D:/UE_project/Blaster/Content/Assets/LS_Scifi_ModernCity/Meshes/Buildings/Building_4/SM_B4_Accent_Pillar.uasset" 6369
"D:/UE_project/Blaster/Content/Assets/LS_Scifi_ModernCity/Meshes/Buildings/Building_4/SM_B4_Accent_Pillar.uexp" 6370
"D:/UE_project/Blaster/Content/Assets/LS_Scifi_ModernCity/Textures/T_B4_Corner_ORM.ubulk" 6371
"D:/UE_project/Blaster/Content/Assets/LS_Scifi_ModernCity/Textures/T_B4_Corner_ORM.uasset" 6372
"D:/UE_project/Blaster/Content/Assets/LS_Scifi_ModernCity/Textures/T_B4_Corner_ORM.uexp" 6373
"D:/UE_project/Blaster/Content/Assets/LS_Scifi_ModernCity/Textures/T_B4_Corner_B.ubulk" 6374
"D:/UE_project/Blaster/Content/Assets/LS_Scifi_ModernCity/Textures/T_B4_Corner_B.uasset" 6375
"D:/UE_project/Blaster/Content/Assets/LS_Scifi_ModernCity/Textures/T_B4_Corner_B.uexp" 6376
"D:/UE_project/Blaster/Content/Assets/LS_Scifi_ModernCity/Textures/T_B4_Corner_N.ubulk" 6377
"D:/UE_project/Blaster/Content/Assets/LS_Scifi_ModernCity/Textures/T_B4_Corner_N.uasset" 6378
"D:/UE_project/Blaster/Content/Assets/LS_Scifi_ModernCity/Textures/T_B4_Corner_N.uexp" 6379
"D:/UE_project/Blaster/Content/Assets/LS_Scifi_ModernCity/Materials/MI_B4_Accents_a.uasset" 6380
"D:/UE_project/Blaster/Content/Assets/LS_Scifi_ModernCity/Materials/MI_B4_Accents_a.uexp" 6381
"D:/UE_project/Blaster/Content/Assets/LS_Scifi_ModernCity/Meshes/Buildings/Building_4/SM_B4_StoreFront_01.ubulk" 6382
"D:/UE_project/Blaster/Content/Assets/LS_Scifi_ModernCity/Meshes/Buildings/Building_4/SM_B4_StoreFront_01.uasset" 6383
"D:/UE_project/Blaster/Content/Assets/LS_Scifi_ModernCity/Meshes/Buildings/Building_4/SM_B4_StoreFront_01.uexp" 6384
"D:/UE_project/Blaster/Content/Assets/LS_Scifi_ModernCity/Meshes/Buildings/Building_4/SM_B4_Corner_Base.ubulk" 6385
"D:/UE_project/Blaster/Content/Assets/LS_Scifi_ModernCity/Meshes/Buildings/Building_4/SM_B4_Corner_Base.uasset" 6386
"D:/UE_project/Blaster/Content/Assets/LS_Scifi_ModernCity/Meshes/Buildings/Building_4/SM_B4_Corner_Base.uexp" 6387
"D:/UE_project/Blaster/Content/Assets/LS_Scifi_ModernCity/Meshes/Buildings/Building_4/SM_B4_StoreFront_Door.ubulk" 6388
"D:/UE_project/Blaster/Content/Assets/LS_Scifi_ModernCity/Meshes/Buildings/Building_4/SM_B4_StoreFront_Door.uasset" 6389
"D:/UE_project/Blaster/Content/Assets/LS_Scifi_ModernCity/Meshes/Buildings/Building_4/SM_B4_StoreFront_Door.uexp" 6390
"D:/UE_project/Blaster/Content/Assets/LS_Scifi_ModernCity/Meshes/Buildings/Building_4/SM_B4_Wall_Base.ubulk" 6391
"D:/UE_project/Blaster/Content/Assets/LS_Scifi_ModernCity/Meshes/Buildings/Building_4/SM_B4_Wall_Base.uasset" 6392
"D:/UE_project/Blaster/Content/Assets/LS_Scifi_ModernCity/Meshes/Buildings/Building_4/SM_B4_Wall_Base.uexp" 6393
"D:/UE_project/Blaster/Content/Assets/LS_Scifi_ModernCity/Blueprints/BP_B3_a.uasset" 6394
"D:/UE_project/Blaster/Content/Assets/LS_Scifi_ModernCity/Blueprints/BP_B3_a.uexp" 6395
"D:/UE_project/Blaster/Content/Assets/LS_Scifi_ModernCity/Blueprints/BP_B1_b.uasset" 6396
"D:/UE_project/Blaster/Content/Assets/LS_Scifi_ModernCity/Blueprints/BP_B1_b.uexp" 6397
"D:/UE_project/Blaster/Content/Assets/LS_Scifi_ModernCity/Meshes/Streets/SM_Street_TSection_MainSide.ubulk" 6398
"D:/UE_project/Blaster/Content/Assets/LS_Scifi_ModernCity/Meshes/Streets/SM_Street_TSection_MainSide.uasset" 6399
"D:/UE_project/Blaster/Content/Assets/LS_Scifi_ModernCity/Meshes/Streets/SM_Street_TSection_MainSide.uexp" 6400
"D:/UE_project/Blaster/Content/Assets/LS_Scifi_ModernCity/Blueprints/SM_Street_TSection_MainSide.uasset" 6401
"D:/UE_project/Blaster/Content/Assets/LS_Scifi_ModernCity/Blueprints/SM_Street_TSection_MainSide.uexp" 6402
"D:/UE_project/Blaster/Content/Assets/LS_Scifi_ModernCity/Blueprints/BP_SS02_b.uasset" 6403
"D:/UE_project/Blaster/Content/Assets/LS_Scifi_ModernCity/Blueprints/BP_SS02_b.uexp" 6404
"D:/UE_project/Blaster/Content/Assets/LS_Scifi_ModernCity/Meshes/Props/Pipes/Pipe_2m.ubulk" 6405
"D:/UE_project/Blaster/Content/Assets/LS_Scifi_ModernCity/Meshes/Props/Pipes/Pipe_2m.uasset" 6406
"D:/UE_project/Blaster/Content/Assets/LS_Scifi_ModernCity/Meshes/Props/Pipes/Pipe_2m.uexp" 6407
"D:/UE_project/Blaster/Content/Assets/LS_Scifi_ModernCity/Meshes/Props/Pipes/Pipe_1m.ubulk" 6408
"D:/UE_project/Blaster/Content/Assets/LS_Scifi_ModernCity/Meshes/Props/Pipes/Pipe_1m.uasset" 6409
"D:/UE_project/Blaster/Content/Assets/LS_Scifi_ModernCity/Meshes/Props/Pipes/Pipe_1m.uexp" 6410
"D:/UE_project/Blaster/Content/Assets/LS_Scifi_ModernCity/Meshes/Props/Pipes/Pipe_Valve.ubulk" 6411
"D:/UE_project/Blaster/Content/Assets/LS_Scifi_ModernCity/Meshes/Props/Pipes/Pipe_Valve.uasset" 6412
"D:/UE_project/Blaster/Content/Assets/LS_Scifi_ModernCity/Meshes/Props/Pipes/Pipe_Valve.uexp" 6413
"D:/UE_project/Blaster/Content/Assets/LS_Scifi_ModernCity/Meshes/Props/SM_NeoEats.ubulk" 6414
"D:/UE_project/Blaster/Content/Assets/LS_Scifi_ModernCity/Meshes/Props/SM_NeoEats.uasset" 6415
"D:/UE_project/Blaster/Content/Assets/LS_Scifi_ModernCity/Meshes/Props/SM_NeoEats.uexp" 6416
"D:/UE_project/Blaster/Content/Assets/LS_Scifi_ModernCity/Meshes/Props/SM_Chair.ubulk" 6417
"D:/UE_project/Blaster/Content/Assets/LS_Scifi_ModernCity/Meshes/Props/SM_Chair.uasset" 6418
"D:/UE_project/Blaster/Content/Assets/LS_Scifi_ModernCity/Meshes/Props/SM_Chair.uexp" 6419
"D:/UE_project/Blaster/Content/Assets/LS_Scifi_ModernCity/Textures/T_YellowDouble_B.ubulk" 6420
"D:/UE_project/Blaster/Content/Assets/LS_Scifi_ModernCity/Textures/T_YellowDouble_B.uasset" 6421
"D:/UE_project/Blaster/Content/Assets/LS_Scifi_ModernCity/Textures/T_YellowDouble_B.uexp" 6422
"D:/UE_project/Blaster/Content/Assets/LS_Scifi_ModernCity/Textures/T_YellowDouble_N.ubulk" 6423
"D:/UE_project/Blaster/Content/Assets/LS_Scifi_ModernCity/Textures/T_YellowDouble_N.uasset" 6424
"D:/UE_project/Blaster/Content/Assets/LS_Scifi_ModernCity/Textures/T_YellowDouble_N.uexp" 6425
"D:/UE_project/Blaster/Content/Assets/LS_Scifi_ModernCity/Materials/MI_Decal_YellowDouble_Stripes.uasset" 6426
"D:/UE_project/Blaster/Content/Assets/LS_Scifi_ModernCity/Materials/MI_Decal_YellowDouble_Stripes.uexp" 6427
"D:/UE_project/Blaster/Content/Assets/LS_Scifi_ModernCity/Meshes/Props/Pipes/Pipe_End.ubulk" 6428
"D:/UE_project/Blaster/Content/Assets/LS_Scifi_ModernCity/Meshes/Props/Pipes/Pipe_End.uasset" 6429
"D:/UE_project/Blaster/Content/Assets/LS_Scifi_ModernCity/Meshes/Props/Pipes/Pipe_End.uexp" 6430
"D:/UE_project/Blaster/Content/Assets/LS_Scifi_ModernCity/Meshes/Props/SM_Antenna.ubulk" 6431
"D:/UE_project/Blaster/Content/Assets/LS_Scifi_ModernCity/Meshes/Props/SM_Antenna.uasset" 6432
"D:/UE_project/Blaster/Content/Assets/LS_Scifi_ModernCity/Meshes/Props/SM_Antenna.uexp" 6433
"D:/UE_project/Blaster/Content/Assets/LS_Scifi_ModernCity/Textures/T_StreetLights_E.ubulk" 6434
"D:/UE_project/Blaster/Content/Assets/LS_Scifi_ModernCity/Textures/T_StreetLights_E.uasset" 6435
"D:/UE_project/Blaster/Content/Assets/LS_Scifi_ModernCity/Textures/T_StreetLights_E.uexp" 6436
"D:/UE_project/Blaster/Content/Assets/LS_Scifi_ModernCity/Textures/T_StreetLights_ORM.ubulk" 6437
"D:/UE_project/Blaster/Content/Assets/LS_Scifi_ModernCity/Textures/T_StreetLights_ORM.uasset" 6438
"D:/UE_project/Blaster/Content/Assets/LS_Scifi_ModernCity/Textures/T_StreetLights_ORM.uexp" 6439
"D:/UE_project/Blaster/Content/Assets/LS_Scifi_ModernCity/Textures/T_StreetLights_B.ubulk" 6440
"D:/UE_project/Blaster/Content/Assets/LS_Scifi_ModernCity/Textures/T_StreetLights_B.uasset" 6441
"D:/UE_project/Blaster/Content/Assets/LS_Scifi_ModernCity/Textures/T_StreetLights_B.uexp" 6442
"D:/UE_project/Blaster/Content/Assets/LS_Scifi_ModernCity/Textures/T_StreetLights_N.ubulk" 6443
"D:/UE_project/Blaster/Content/Assets/LS_Scifi_ModernCity/Textures/T_StreetLights_N.uasset" 6444
"D:/UE_project/Blaster/Content/Assets/LS_Scifi_ModernCity/Textures/T_StreetLights_N.uexp" 6445
"D:/UE_project/Blaster/Content/Assets/LS_Scifi_ModernCity/Materials/MI_StreetLights.uasset" 6446
"D:/UE_project/Blaster/Content/Assets/LS_Scifi_ModernCity/Materials/MI_StreetLights.uexp" 6447
"D:/UE_project/Blaster/Content/Assets/LS_Scifi_ModernCity/Meshes/Props/SM_StreetLight_Traffic.ubulk" 6448
"D:/UE_project/Blaster/Content/Assets/LS_Scifi_ModernCity/Meshes/Props/SM_StreetLight_Traffic.uasset" 6449
"D:/UE_project/Blaster/Content/Assets/LS_Scifi_ModernCity/Meshes/Props/SM_StreetLight_Traffic.uexp" 6450
"D:/UE_project/Blaster/Content/Assets/LS_Scifi_ModernCity/Meshes/Props/SM_StreetLight_Pole.ubulk" 6451
"D:/UE_project/Blaster/Content/Assets/LS_Scifi_ModernCity/Meshes/Props/SM_StreetLight_Pole.uasset" 6452
"D:/UE_project/Blaster/Content/Assets/LS_Scifi_ModernCity/Meshes/Props/SM_StreetLight_Pole.uexp" 6453
"D:/UE_project/Blaster/Content/Assets/LS_Scifi_ModernCity/Blueprints/BP_TrafficLight.uasset" 6454
"D:/UE_project/Blaster/Content/Assets/LS_Scifi_ModernCity/Blueprints/BP_TrafficLight.uexp" 6455
"D:/UE_project/Blaster/Content/Assets/LS_Scifi_ModernCity/Blueprints/BP_B2_b.uasset" 6456
"D:/UE_project/Blaster/Content/Assets/LS_Scifi_ModernCity/Blueprints/BP_B2_b.uexp" 6457
"D:/UE_project/Blaster/Content/Assets/LS_Scifi_ModernCity/Meshes/Props/SM_Bridge_Support.ubulk" 6458
"D:/UE_project/Blaster/Content/Assets/LS_Scifi_ModernCity/Meshes/Props/SM_Bridge_Support.uasset" 6459
"D:/UE_project/Blaster/Content/Assets/LS_Scifi_ModernCity/Meshes/Props/SM_Bridge_Support.uexp" 6460
"D:/UE_project/Blaster/Content/Assets/LS_Scifi_ModernCity/Blueprints/BP_B3_d.uasset" 6461
"D:/UE_project/Blaster/Content/Assets/LS_Scifi_ModernCity/Blueprints/BP_B3_d.uexp" 6462
"D:/UE_project/Blaster/Content/Assets/LS_Scifi_ModernCity/Meshes/Props/SM_Table.ubulk" 6463
"D:/UE_project/Blaster/Content/Assets/LS_Scifi_ModernCity/Meshes/Props/SM_Table.uasset" 6464
"D:/UE_project/Blaster/Content/Assets/LS_Scifi_ModernCity/Meshes/Props/SM_Table.uexp" 6465
"D:/UE_project/Blaster/Content/Assets/LS_Scifi_ModernCity/Textures/T_Graffiti_03_B.ubulk" 6466
"D:/UE_project/Blaster/Content/Assets/LS_Scifi_ModernCity/Textures/T_Graffiti_03_B.uasset" 6467
"D:/UE_project/Blaster/Content/Assets/LS_Scifi_ModernCity/Textures/T_Graffiti_03_B.uexp" 6468
"D:/UE_project/Blaster/Content/Assets/LS_Scifi_ModernCity/Materials/MI_Graffiti_03.uasset" 6469
"D:/UE_project/Blaster/Content/Assets/LS_Scifi_ModernCity/Materials/MI_Graffiti_03.uexp" 6470
"D:/UE_project/Blaster/Content/Assets/LS_Scifi_ModernCity/Meshes/Props/SM_StreetLight_Sidewalk.ubulk" 6471
"D:/UE_project/Blaster/Content/Assets/LS_Scifi_ModernCity/Meshes/Props/SM_StreetLight_Sidewalk.uasset" 6472
"D:/UE_project/Blaster/Content/Assets/LS_Scifi_ModernCity/Meshes/Props/SM_StreetLight_Sidewalk.uexp" 6473
"D:/UE_project/Blaster/Content/Assets/LS_Scifi_ModernCity/Blueprints/BP_StreetLight.uasset" 6474
"D:/UE_project/Blaster/Content/Assets/LS_Scifi_ModernCity/Blueprints/BP_StreetLight.uexp" 6475
"D:/UE_project/Blaster/Content/Maps/Lobby_BuiltData.uasset" 6476
"D:/UE_project/Blaster/Content/Maps/Lobby_BuiltData.uexp" 6477
"D:/UE_project/Blaster/Content/Assets/LS_Scifi_ModernCity/Materials/Master_Materials/MM_StylizedWind.uasset" 6478
"D:/UE_project/Blaster/Content/Assets/LS_Scifi_ModernCity/Materials/Master_Materials/MM_StylizedWind.uexp" 6479
"D:/UE_project/Blaster/Content/Assets/LS_Scifi_ModernCity/Particles/PS_WindWisps.uasset" 6480
"D:/UE_project/Blaster/Content/Assets/LS_Scifi_ModernCity/Particles/PS_WindWisps.uexp" 6481
"D:/UE_project/Blaster/Content/Assets/LS_Scifi_ModernCity/Meshes/Props/SM_TrafficPole.ubulk" 6482
"D:/UE_project/Blaster/Content/Assets/LS_Scifi_ModernCity/Meshes/Props/SM_TrafficPole.uasset" 6483
"D:/UE_project/Blaster/Content/Assets/LS_Scifi_ModernCity/Meshes/Props/SM_TrafficPole.uexp" 6484
"D:/UE_project/Blaster/Content/Assets/LS_Scifi_ModernCity/Materials/MI_SatelliteDish.uasset" 6485
"D:/UE_project/Blaster/Content/Assets/LS_Scifi_ModernCity/Materials/MI_SatelliteDish.uexp" 6486
"D:/UE_project/Blaster/Content/Assets/LS_Scifi_ModernCity/Meshes/Props/SM_SatelliteDish.ubulk" 6487
"D:/UE_project/Blaster/Content/Assets/LS_Scifi_ModernCity/Meshes/Props/SM_SatelliteDish.uasset" 6488
"D:/UE_project/Blaster/Content/Assets/LS_Scifi_ModernCity/Meshes/Props/SM_SatelliteDish.uexp" 6489
"D:/UE_project/Blaster/Content/Assets/LS_Scifi_ModernCity/Meshes/Streets/SM_Street_Main.ubulk" 6490
"D:/UE_project/Blaster/Content/Assets/LS_Scifi_ModernCity/Meshes/Streets/SM_Street_Main.uasset" 6491
"D:/UE_project/Blaster/Content/Assets/LS_Scifi_ModernCity/Meshes/Streets/SM_Street_Main.uexp" 6492
"D:/UE_project/Blaster/Content/Assets/LS_Scifi_ModernCity/Blueprints/SM_Street_Main.uasset" 6493
"D:/UE_project/Blaster/Content/Assets/LS_Scifi_ModernCity/Blueprints/SM_Street_Main.uexp" 6494
"D:/UE_project/Blaster/Content/Assets/LS_Scifi_ModernCity/Textures/T_RepeatingLines_O.ubulk" 6495
"D:/UE_project/Blaster/Content/Assets/LS_Scifi_ModernCity/Textures/T_RepeatingLines_O.uasset" 6496
"D:/UE_project/Blaster/Content/Assets/LS_Scifi_ModernCity/Textures/T_RepeatingLines_O.uexp" 6497
"D:/UE_project/Blaster/Content/Assets/LS_Scifi_ModernCity/Materials/Master_Materials/MM_Hologram_Lines.uasset" 6498
"D:/UE_project/Blaster/Content/Assets/LS_Scifi_ModernCity/Materials/Master_Materials/MM_Hologram_Lines.uexp" 6499
"D:/UE_project/Blaster/Content/Assets/LS_Scifi_ModernCity/Materials/MI_Hologram_Lines.uasset" 6500
"D:/UE_project/Blaster/Content/Assets/LS_Scifi_ModernCity/Materials/MI_Hologram_Lines.uexp" 6501
"D:/UE_project/Blaster/Content/Assets/LS_Scifi_ModernCity/Meshes/Streets/SM_Street_TSection_Side.ubulk" 6502
"D:/UE_project/Blaster/Content/Assets/LS_Scifi_ModernCity/Meshes/Streets/SM_Street_TSection_Side.uasset" 6503
"D:/UE_project/Blaster/Content/Assets/LS_Scifi_ModernCity/Meshes/Streets/SM_Street_TSection_Side.uexp" 6504
"D:/UE_project/Blaster/Content/Assets/LS_Scifi_ModernCity/Materials/MI_RoadBlockade.uasset" 6505
"D:/UE_project/Blaster/Content/Assets/LS_Scifi_ModernCity/Materials/MI_RoadBlockade.uexp" 6506
"D:/UE_project/Blaster/Content/Assets/LS_Scifi_ModernCity/Blueprints/BP_StreetBlockade.uasset" 6507
"D:/UE_project/Blaster/Content/Assets/LS_Scifi_ModernCity/Blueprints/BP_StreetBlockade.uexp" 6508
"D:/UE_project/Blaster/Content/Assets/LS_Scifi_ModernCity/Meshes/Buildings/Building_4/SM_B4_Accent_Pillar_Cap.ubulk" 6509
"D:/UE_project/Blaster/Content/Assets/LS_Scifi_ModernCity/Meshes/Buildings/Building_4/SM_B4_Accent_Pillar_Cap.uasset" 6510
"D:/UE_project/Blaster/Content/Assets/LS_Scifi_ModernCity/Meshes/Buildings/Building_4/SM_B4_Accent_Pillar_Cap.uexp" 6511
"D:/UE_project/Blaster/Content/Assets/LS_Scifi_ModernCity/Meshes/Buildings/Building_4/SM_B4_Accent_Double_Window_Trim.ubulk" 6512
"D:/UE_project/Blaster/Content/Assets/LS_Scifi_ModernCity/Meshes/Buildings/Building_4/SM_B4_Accent_Double_Window_Trim.uasset" 6513
"D:/UE_project/Blaster/Content/Assets/LS_Scifi_ModernCity/Meshes/Buildings/Building_4/SM_B4_Accent_Double_Window_Trim.uexp" 6514
"D:/UE_project/Blaster/Content/Assets/LS_Scifi_ModernCity/Meshes/Buildings/Building_4/SM_B4_Accent_Trim.ubulk" 6515
"D:/UE_project/Blaster/Content/Assets/LS_Scifi_ModernCity/Meshes/Buildings/Building_4/SM_B4_Accent_Trim.uasset" 6516
"D:/UE_project/Blaster/Content/Assets/LS_Scifi_ModernCity/Meshes/Buildings/Building_4/SM_B4_Accent_Trim.uexp" 6517
"D:/UE_project/Blaster/Content/Assets/LS_Scifi_ModernCity/Meshes/Buildings/Building_4/SM_B4_Window_Double.ubulk" 6518
"D:/UE_project/Blaster/Content/Assets/LS_Scifi_ModernCity/Meshes/Buildings/Building_4/SM_B4_Window_Double.uasset" 6519
"D:/UE_project/Blaster/Content/Assets/LS_Scifi_ModernCity/Meshes/Buildings/Building_4/SM_B4_Window_Double.uexp" 6520
"D:/UE_project/Blaster/Content/Assets/LS_Scifi_ModernCity/Meshes/Buildings/Building_4/SM_B4_Window_Single.ubulk" 6521
"D:/UE_project/Blaster/Content/Assets/LS_Scifi_ModernCity/Meshes/Buildings/Building_4/SM_B4_Window_Single.uasset" 6522
"D:/UE_project/Blaster/Content/Assets/LS_Scifi_ModernCity/Meshes/Buildings/Building_4/SM_B4_Window_Single.uexp" 6523
"D:/UE_project/Blaster/Content/Assets/LS_Scifi_ModernCity/Meshes/Buildings/Building_4/SM_B4_Accent_Column_Full.ubulk" 6524
"D:/UE_project/Blaster/Content/Assets/LS_Scifi_ModernCity/Meshes/Buildings/Building_4/SM_B4_Accent_Column_Full.uasset" 6525
"D:/UE_project/Blaster/Content/Assets/LS_Scifi_ModernCity/Meshes/Buildings/Building_4/SM_B4_Accent_Column_Full.uexp" 6526
"D:/UE_project/Blaster/Content/Assets/LS_Scifi_ModernCity/Meshes/Buildings/Building_4/SM_B4_Door_Base.ubulk" 6527
"D:/UE_project/Blaster/Content/Assets/LS_Scifi_ModernCity/Meshes/Buildings/Building_4/SM_B4_Door_Base.uasset" 6528
"D:/UE_project/Blaster/Content/Assets/LS_Scifi_ModernCity/Meshes/Buildings/Building_4/SM_B4_Door_Base.uexp" 6529
"D:/UE_project/Blaster/Content/Assets/LS_Scifi_ModernCity/Meshes/Buildings/Building_4/SM_B4_Accent_Column_Trim.ubulk" 6530
"D:/UE_project/Blaster/Content/Assets/LS_Scifi_ModernCity/Meshes/Buildings/Building_4/SM_B4_Accent_Column_Trim.uasset" 6531
"D:/UE_project/Blaster/Content/Assets/LS_Scifi_ModernCity/Meshes/Buildings/Building_4/SM_B4_Accent_Column_Trim.uexp" 6532
"D:/UE_project/Blaster/Content/Assets/LS_Scifi_ModernCity/Meshes/Buildings/Building_4/SM_B4_Accent_Trim_Cap.ubulk" 6533
"D:/UE_project/Blaster/Content/Assets/LS_Scifi_ModernCity/Meshes/Buildings/Building_4/SM_B4_Accent_Trim_Cap.uasset" 6534
"D:/UE_project/Blaster/Content/Assets/LS_Scifi_ModernCity/Meshes/Buildings/Building_4/SM_B4_Accent_Trim_Cap.uexp" 6535
"D:/UE_project/Blaster/Content/Assets/LS_Scifi_ModernCity/Meshes/Buildings/Building_4/SM_B4_Accent_Column_Cap.ubulk" 6536
"D:/UE_project/Blaster/Content/Assets/LS_Scifi_ModernCity/Meshes/Buildings/Building_4/SM_B4_Accent_Column_Cap.uasset" 6537
"D:/UE_project/Blaster/Content/Assets/LS_Scifi_ModernCity/Meshes/Buildings/Building_4/SM_B4_Accent_Column_Cap.uexp" 6538
"D:/UE_project/Blaster/Content/Assets/LS_Scifi_ModernCity/Meshes/Buildings/Building_4/SM_B4_Accent_Corner.ubulk" 6539
"D:/UE_project/Blaster/Content/Assets/LS_Scifi_ModernCity/Meshes/Buildings/Building_4/SM_B4_Accent_Corner.uasset" 6540
"D:/UE_project/Blaster/Content/Assets/LS_Scifi_ModernCity/Meshes/Buildings/Building_4/SM_B4_Accent_Corner.uexp" 6541
"D:/UE_project/Blaster/Content/Assets/LS_Scifi_ModernCity/Meshes/Buildings/Building_4/SM_B4_Accent_Double_Window_Cap.ubulk" 6542
"D:/UE_project/Blaster/Content/Assets/LS_Scifi_ModernCity/Meshes/Buildings/Building_4/SM_B4_Accent_Double_Window_Cap.uasset" 6543
"D:/UE_project/Blaster/Content/Assets/LS_Scifi_ModernCity/Meshes/Buildings/Building_4/SM_B4_Accent_Double_Window_Cap.uexp" 6544
"D:/UE_project/Blaster/Content/Assets/LS_Scifi_ModernCity/Meshes/Buildings/Building_4/SM_B4_Accent_Pillar_Trim.ubulk" 6545
"D:/UE_project/Blaster/Content/Assets/LS_Scifi_ModernCity/Meshes/Buildings/Building_4/SM_B4_Accent_Pillar_Trim.uasset" 6546
"D:/UE_project/Blaster/Content/Assets/LS_Scifi_ModernCity/Meshes/Buildings/Building_4/SM_B4_Accent_Pillar_Trim.uexp" 6547
"D:/UE_project/Blaster/Content/Assets/LS_Scifi_ModernCity/Meshes/Buildings/Building_4/SM_B4_Accent_Column.ubulk" 6548
"D:/UE_project/Blaster/Content/Assets/LS_Scifi_ModernCity/Meshes/Buildings/Building_4/SM_B4_Accent_Column.uasset" 6549
"D:/UE_project/Blaster/Content/Assets/LS_Scifi_ModernCity/Meshes/Buildings/Building_4/SM_B4_Accent_Column.uexp" 6550
"D:/UE_project/Blaster/Content/Assets/LS_Scifi_ModernCity/Meshes/Buildings/Building_4/SM_B4_Corner.ubulk" 6551
"D:/UE_project/Blaster/Content/Assets/LS_Scifi_ModernCity/Meshes/Buildings/Building_4/SM_B4_Corner.uasset" 6552
"D:/UE_project/Blaster/Content/Assets/LS_Scifi_ModernCity/Meshes/Buildings/Building_4/SM_B4_Corner.uexp" 6553
"D:/UE_project/Blaster/Content/Assets/LS_Scifi_ModernCity/Meshes/Buildings/Building_4/SM_B4_Wall_02.ubulk" 6554
"D:/UE_project/Blaster/Content/Assets/LS_Scifi_ModernCity/Meshes/Buildings/Building_4/SM_B4_Wall_02.uasset" 6555
"D:/UE_project/Blaster/Content/Assets/LS_Scifi_ModernCity/Meshes/Buildings/Building_4/SM_B4_Wall_02.uexp" 6556
"D:/UE_project/Blaster/Content/Assets/LS_Scifi_ModernCity/Meshes/Buildings/Building_4/SM_B4_Accent_Corner_Cap.ubulk" 6557
"D:/UE_project/Blaster/Content/Assets/LS_Scifi_ModernCity/Meshes/Buildings/Building_4/SM_B4_Accent_Corner_Cap.uasset" 6558
"D:/UE_project/Blaster/Content/Assets/LS_Scifi_ModernCity/Meshes/Buildings/Building_4/SM_B4_Accent_Corner_Cap.uexp" 6559
"D:/UE_project/Blaster/Content/Assets/LS_Scifi_ModernCity/Blueprints/BP_B4_a.uasset" 6560
"D:/UE_project/Blaster/Content/Assets/LS_Scifi_ModernCity/Blueprints/BP_B4_a.uexp" 6561
"D:/UE_project/Blaster/Content/Assets/LS_Scifi_ModernCity/Textures/T_EarthMap_B.ubulk" 6562
"D:/UE_project/Blaster/Content/Assets/LS_Scifi_ModernCity/Textures/T_EarthMap_B.uasset" 6563
"D:/UE_project/Blaster/Content/Assets/LS_Scifi_ModernCity/Textures/T_EarthMap_B.uexp" 6564
"D:/UE_project/Blaster/Content/Assets/LS_Scifi_ModernCity/Textures/T_EarthMap_N.ubulk" 6565
"D:/UE_project/Blaster/Content/Assets/LS_Scifi_ModernCity/Textures/T_EarthMap_N.uasset" 6566
"D:/UE_project/Blaster/Content/Assets/LS_Scifi_ModernCity/Textures/T_EarthMap_N.uexp" 6567
"D:/UE_project/Blaster/Content/Assets/LS_Scifi_ModernCity/Textures/T_Grunge_08_O.ubulk" 6568
"D:/UE_project/Blaster/Content/Assets/LS_Scifi_ModernCity/Textures/T_Grunge_08_O.uasset" 6569
"D:/UE_project/Blaster/Content/Assets/LS_Scifi_ModernCity/Textures/T_Grunge_08_O.uexp" 6570
"D:/UE_project/Blaster/Content/Assets/LS_Scifi_ModernCity/Materials/Master_Materials/MM_Hologram_Earth.uasset" 6571
"D:/UE_project/Blaster/Content/Assets/LS_Scifi_ModernCity/Materials/Master_Materials/MM_Hologram_Earth.uexp" 6572
"D:/UE_project/Blaster/Content/Assets/LS_Scifi_ModernCity/Materials/MI_Hologram_Earth.uasset" 6573
"D:/UE_project/Blaster/Content/Assets/LS_Scifi_ModernCity/Materials/MI_Hologram_Earth.uexp" 6574
"D:/UE_project/Blaster/Content/Assets/LS_Scifi_ModernCity/Blueprints/BP_B3_f.uasset" 6575
"D:/UE_project/Blaster/Content/Assets/LS_Scifi_ModernCity/Blueprints/BP_B3_f.uexp" 6576
"D:/UE_project/Blaster/Content/Assets/LS_Scifi_ModernCity/Textures/T_StreetSign_B.ubulk" 6577
"D:/UE_project/Blaster/Content/Assets/LS_Scifi_ModernCity/Textures/T_StreetSign_B.uasset" 6578
"D:/UE_project/Blaster/Content/Assets/LS_Scifi_ModernCity/Textures/T_StreetSign_B.uexp" 6579
"D:/UE_project/Blaster/Content/Assets/LS_Scifi_ModernCity/Textures/T_StreetSign_N.ubulk" 6580
"D:/UE_project/Blaster/Content/Assets/LS_Scifi_ModernCity/Textures/T_StreetSign_N.uasset" 6581
"D:/UE_project/Blaster/Content/Assets/LS_Scifi_ModernCity/Textures/T_StreetSign_N.uexp" 6582
"D:/UE_project/Blaster/Content/Assets/LS_Scifi_ModernCity/Textures/T_StreetSign_ORM.ubulk" 6583
"D:/UE_project/Blaster/Content/Assets/LS_Scifi_ModernCity/Textures/T_StreetSign_ORM.uasset" 6584
"D:/UE_project/Blaster/Content/Assets/LS_Scifi_ModernCity/Textures/T_StreetSign_ORM.uexp" 6585
"D:/UE_project/Blaster/Content/Assets/LS_Scifi_ModernCity/Materials/MI_StreetSign.uasset" 6586
"D:/UE_project/Blaster/Content/Assets/LS_Scifi_ModernCity/Materials/MI_StreetSign.uexp" 6587
"D:/UE_project/Blaster/Content/Assets/LS_Scifi_ModernCity/Meshes/Props/SM_StreetSign.ubulk" 6588
"D:/UE_project/Blaster/Content/Assets/LS_Scifi_ModernCity/Meshes/Props/SM_StreetSign.uasset" 6589
"D:/UE_project/Blaster/Content/Assets/LS_Scifi_ModernCity/Meshes/Props/SM_StreetSign.uexp" 6590
"D:/UE_project/Blaster/Content/Assets/LS_Scifi_ModernCity/Blueprints/BP_SS02_a.uasset" 6591
"D:/UE_project/Blaster/Content/Assets/LS_Scifi_ModernCity/Blueprints/BP_SS02_a.uexp" 6592
"D:/UE_project/Blaster/Content/Maps/Lobby.uexp" 6593
"D:/UE_project/Blaster/Content/Maps/Lobby.umap" 6594
"D:/UE_project/Blaster/Content/Assets/SylizedCity/Textures/WallTile1/T_WallTIle1_BC.ubulk" 6595
"D:/UE_project/Blaster/Content/Assets/SylizedCity/Textures/WallTile1/T_WallTIle1_BC.uasset" 6596
"D:/UE_project/Blaster/Content/Assets/SylizedCity/Textures/WallTile1/T_WallTIle1_BC.uexp" 6597
"D:/UE_project/Blaster/Content/Assets/SylizedCity/Textures/WallTile1/T_WallTile1_ORM.ubulk" 6598
"D:/UE_project/Blaster/Content/Assets/SylizedCity/Textures/WallTile1/T_WallTile1_ORM.uasset" 6599
"D:/UE_project/Blaster/Content/Assets/SylizedCity/Textures/WallTile1/T_WallTile1_ORM.uexp" 6600
"D:/UE_project/Blaster/Content/Assets/SylizedCity/Textures/WallTile1/T_WallTIle1_H.ubulk" 6601
"D:/UE_project/Blaster/Content/Assets/SylizedCity/Textures/WallTile1/T_WallTIle1_H.uasset" 6602
"D:/UE_project/Blaster/Content/Assets/SylizedCity/Textures/WallTile1/T_WallTIle1_H.uexp" 6603
"D:/UE_project/Blaster/Content/Assets/SylizedCity/Textures/WallTile1/T_WallTile1_N.ubulk" 6604
"D:/UE_project/Blaster/Content/Assets/SylizedCity/Textures/WallTile1/T_WallTile1_N.uasset" 6605
"D:/UE_project/Blaster/Content/Assets/SylizedCity/Textures/WallTile1/T_WallTile1_N.uexp" 6606
"D:/UE_project/Blaster/Content/Assets/SylizedCity/Textures/ConcreteWall1/T_ConcreteWall1_N.ubulk" 6607
"D:/UE_project/Blaster/Content/Assets/SylizedCity/Textures/ConcreteWall1/T_ConcreteWall1_N.uasset" 6608
"D:/UE_project/Blaster/Content/Assets/SylizedCity/Textures/ConcreteWall1/T_ConcreteWall1_N.uexp" 6609
"D:/UE_project/Blaster/Content/Assets/SylizedCity/Textures/ConcreteWall1/T_ConcreteWall1_ORM.ubulk" 6610
"D:/UE_project/Blaster/Content/Assets/SylizedCity/Textures/ConcreteWall1/T_ConcreteWall1_ORM.uasset" 6611
"D:/UE_project/Blaster/Content/Assets/SylizedCity/Textures/ConcreteWall1/T_ConcreteWall1_ORM.uexp" 6612
"D:/UE_project/Blaster/Content/Assets/SylizedCity/Textures/ConcreteWall1/T_ConcreteWall1_BC.ubulk" 6613
"D:/UE_project/Blaster/Content/Assets/SylizedCity/Textures/ConcreteWall1/T_ConcreteWall1_BC.uasset" 6614
"D:/UE_project/Blaster/Content/Assets/SylizedCity/Textures/ConcreteWall1/T_ConcreteWall1_BC.uexp" 6615
"D:/UE_project/Blaster/Content/Assets/SylizedCity/Materials/M_WallTile1.uasset" 6616
"D:/UE_project/Blaster/Content/Assets/SylizedCity/Materials/M_WallTile1.uexp" 6617
"D:/UE_project/Blaster/Content/Assets/SylizedCity/Textures/Asphalt/T_Asphalt_ORM.ubulk" 6618
"D:/UE_project/Blaster/Content/Assets/SylizedCity/Textures/Asphalt/T_Asphalt_ORM.uasset" 6619
"D:/UE_project/Blaster/Content/Assets/SylizedCity/Textures/Asphalt/T_Asphalt_ORM.uexp" 6620
"D:/UE_project/Blaster/Content/Assets/SylizedCity/Textures/Asphalt/T_Asphalt_BC.ubulk" 6621
"D:/UE_project/Blaster/Content/Assets/SylizedCity/Textures/Asphalt/T_Asphalt_BC.uasset" 6622
"D:/UE_project/Blaster/Content/Assets/SylizedCity/Textures/Asphalt/T_Asphalt_BC.uexp" 6623
"D:/UE_project/Blaster/Content/Assets/SylizedCity/Textures/Asphalt/T_Asphalt_N.ubulk" 6624
"D:/UE_project/Blaster/Content/Assets/SylizedCity/Textures/Asphalt/T_Asphalt_N.uasset" 6625
"D:/UE_project/Blaster/Content/Assets/SylizedCity/Textures/Asphalt/T_Asphalt_N.uexp" 6626
"D:/UE_project/Blaster/Content/Assets/SylizedCity/Textures/WallTile1/T_WallAlt_BC.ubulk" 6627
"D:/UE_project/Blaster/Content/Assets/SylizedCity/Textures/WallTile1/T_WallAlt_BC.uasset" 6628
"D:/UE_project/Blaster/Content/Assets/SylizedCity/Textures/WallTile1/T_WallAlt_BC.uexp" 6629
"D:/UE_project/Blaster/Content/Assets/SylizedCity/Textures/T_Wall_PLaster__mask_D.ubulk" 6630
"D:/UE_project/Blaster/Content/Assets/SylizedCity/Textures/T_Wall_PLaster__mask_D.uasset" 6631
"D:/UE_project/Blaster/Content/Assets/SylizedCity/Textures/T_Wall_PLaster__mask_D.uexp" 6632
"D:/UE_project/Blaster/Content/Assets/SylizedCity/Materials/MI_Asphalt.uasset" 6633
"D:/UE_project/Blaster/Content/Assets/SylizedCity/Materials/MI_Asphalt.uexp" 6634
"D:/UE_project/Blaster/Content/Assets/SylizedCity/Materials/MI_Wall1.uasset" 6635
"D:/UE_project/Blaster/Content/Assets/SylizedCity/Materials/MI_Wall1.uexp" 6636
"D:/UE_project/Blaster/Content/Assets/SylizedCity/Materials/MI_Wall2.uasset" 6637
"D:/UE_project/Blaster/Content/Assets/SylizedCity/Materials/MI_Wall2.uexp" 6638
"D:/UE_project/Blaster/Content/Assets/SylizedCity/Materials/MI_Wall3.uasset" 6639
"D:/UE_project/Blaster/Content/Assets/SylizedCity/Materials/MI_Wall3.uexp" 6640
"D:/UE_project/Blaster/Content/Assets/SylizedCity/Materials/MI_Wall4.uasset" 6641
"D:/UE_project/Blaster/Content/Assets/SylizedCity/Materials/MI_Wall4.uexp" 6642
"D:/UE_project/Blaster/Content/Assets/SylizedCity/Materials/MI_Wall5.uasset" 6643
"D:/UE_project/Blaster/Content/Assets/SylizedCity/Materials/MI_Wall5.uexp" 6644
"D:/UE_project/Blaster/Content/Assets/SylizedCity/Materials/MI_Wall6.uasset" 6645
"D:/UE_project/Blaster/Content/Assets/SylizedCity/Materials/MI_Wall6.uexp" 6646
"D:/UE_project/Blaster/Content/Assets/SylizedCity/Models/SM_BlockStairs.ubulk" 6647
"D:/UE_project/Blaster/Content/Assets/SylizedCity/Models/SM_BlockStairs.uasset" 6648
"D:/UE_project/Blaster/Content/Assets/SylizedCity/Models/SM_BlockStairs.uexp" 6649
"D:/UE_project/Blaster/Content/Assets/SylizedCity/Textures/T_Window_BC.ubulk" 6650
"D:/UE_project/Blaster/Content/Assets/SylizedCity/Textures/T_Window_BC.uasset" 6651
"D:/UE_project/Blaster/Content/Assets/SylizedCity/Textures/T_Window_BC.uexp" 6652
"D:/UE_project/Blaster/Content/Assets/SylizedCity/Textures/T_Window_ORM.ubulk" 6653
"D:/UE_project/Blaster/Content/Assets/SylizedCity/Textures/T_Window_ORM.uasset" 6654
"D:/UE_project/Blaster/Content/Assets/SylizedCity/Textures/T_Window_ORM.uexp" 6655
"D:/UE_project/Blaster/Content/Assets/SylizedCity/Textures/T_WindowMask_BC.ubulk" 6656
"D:/UE_project/Blaster/Content/Assets/SylizedCity/Textures/T_WindowMask_BC.uasset" 6657
"D:/UE_project/Blaster/Content/Assets/SylizedCity/Textures/T_WindowMask_BC.uexp" 6658
"D:/UE_project/Blaster/Content/Assets/SylizedCity/Textures/T_Window_N.ubulk" 6659
"D:/UE_project/Blaster/Content/Assets/SylizedCity/Textures/T_Window_N.uasset" 6660
"D:/UE_project/Blaster/Content/Assets/SylizedCity/Textures/T_Window_N.uexp" 6661
"D:/UE_project/Blaster/Content/Assets/SylizedCity/Textures/T_Interior1_D.uasset" 6662
"D:/UE_project/Blaster/Content/Assets/SylizedCity/Textures/T_Interior1_D.uexp" 6663
"D:/UE_project/Blaster/Content/Assets/SylizedCity/Materials/M_Windows.uasset" 6664
"D:/UE_project/Blaster/Content/Assets/SylizedCity/Materials/M_Windows.uexp" 6665
"D:/UE_project/Blaster/Content/Assets/SylizedCity/Models/SM_BlockD.ubulk" 6666
"D:/UE_project/Blaster/Content/Assets/SylizedCity/Models/SM_BlockD.uasset" 6667
"D:/UE_project/Blaster/Content/Assets/SylizedCity/Models/SM_BlockD.uexp" 6668
"D:/UE_project/Blaster/Content/Assets/SylizedCity/Materials/M_BGB1.uasset" 6669
"D:/UE_project/Blaster/Content/Assets/SylizedCity/Materials/M_BGB1.uexp" 6670
"D:/UE_project/Blaster/Content/Assets/SylizedCity/Models/SM_Plane.ubulk" 6671
"D:/UE_project/Blaster/Content/Assets/SylizedCity/Models/SM_Plane.uasset" 6672
"D:/UE_project/Blaster/Content/Assets/SylizedCity/Models/SM_Plane.uexp" 6673
"D:/UE_project/Blaster/Content/Assets/SylizedCity/Textures/T_Trash_N.ubulk" 6674
"D:/UE_project/Blaster/Content/Assets/SylizedCity/Textures/T_Trash_N.uasset" 6675
"D:/UE_project/Blaster/Content/Assets/SylizedCity/Textures/T_Trash_N.uexp" 6676
"D:/UE_project/Blaster/Content/Assets/SylizedCity/Textures/T_Trash_ORM.ubulk" 6677
"D:/UE_project/Blaster/Content/Assets/SylizedCity/Textures/T_Trash_ORM.uasset" 6678
"D:/UE_project/Blaster/Content/Assets/SylizedCity/Textures/T_Trash_ORM.uexp" 6679
"D:/UE_project/Blaster/Content/Assets/SylizedCity/Textures/Vehicles/T_Tram_BC.ubulk" 6680
"D:/UE_project/Blaster/Content/Assets/SylizedCity/Textures/Vehicles/T_Tram_BC.uasset" 6681
"D:/UE_project/Blaster/Content/Assets/SylizedCity/Textures/Vehicles/T_Tram_BC.uexp" 6682
"D:/UE_project/Blaster/Content/Assets/SylizedCity/Textures/Vehicles/T_Tram_N.ubulk" 6683
"D:/UE_project/Blaster/Content/Assets/SylizedCity/Textures/Vehicles/T_Tram_N.uasset" 6684
"D:/UE_project/Blaster/Content/Assets/SylizedCity/Textures/Vehicles/T_Tram_N.uexp" 6685
"D:/UE_project/Blaster/Content/Assets/SylizedCity/Textures/Vehicles/T_Car_BC.ubulk" 6686
"D:/UE_project/Blaster/Content/Assets/SylizedCity/Textures/Vehicles/T_Car_BC.uasset" 6687
"D:/UE_project/Blaster/Content/Assets/SylizedCity/Textures/Vehicles/T_Car_BC.uexp" 6688
"D:/UE_project/Blaster/Content/Assets/SylizedCity/Textures/Vehicles/T_Car_ORM.ubulk" 6689
"D:/UE_project/Blaster/Content/Assets/SylizedCity/Textures/Vehicles/T_Car_ORM.uasset" 6690
"D:/UE_project/Blaster/Content/Assets/SylizedCity/Textures/Vehicles/T_Car_ORM.uexp" 6691
"D:/UE_project/Blaster/Content/Assets/SylizedCity/Textures/Vehicles/T_Car_N.ubulk" 6692
"D:/UE_project/Blaster/Content/Assets/SylizedCity/Textures/Vehicles/T_Car_N.uasset" 6693
"D:/UE_project/Blaster/Content/Assets/SylizedCity/Textures/Vehicles/T_Car_N.uexp" 6694
"D:/UE_project/Blaster/Content/Assets/SylizedCity/Materials/M_Car.uasset" 6695
"D:/UE_project/Blaster/Content/Assets/SylizedCity/Materials/M_Car.uexp" 6696
"D:/UE_project/Blaster/Content/Assets/SylizedCity/Textures/Vehicles/T_Tram_ORM.ubulk" 6697
"D:/UE_project/Blaster/Content/Assets/SylizedCity/Textures/Vehicles/T_Tram_ORM.uasset" 6698
"D:/UE_project/Blaster/Content/Assets/SylizedCity/Textures/Vehicles/T_Tram_ORM.uexp" 6699
"D:/UE_project/Blaster/Content/Assets/SylizedCity/Materials/MI_Tram.uasset" 6700
"D:/UE_project/Blaster/Content/Assets/SylizedCity/Materials/MI_Tram.uexp" 6701
"D:/UE_project/Blaster/Content/Assets/SylizedCity/Textures/T_Trash_BC.ubulk" 6702
"D:/UE_project/Blaster/Content/Assets/SylizedCity/Textures/T_Trash_BC.uasset" 6703
"D:/UE_project/Blaster/Content/Assets/SylizedCity/Textures/T_Trash_BC.uexp" 6704
"D:/UE_project/Blaster/Content/Assets/SylizedCity/Materials/MI_Trash.uasset" 6705
"D:/UE_project/Blaster/Content/Assets/SylizedCity/Materials/MI_Trash.uexp" 6706
"D:/UE_project/Blaster/Content/Assets/SylizedCity/Textures/T_StreetSigns_ORM.ubulk" 6707
"D:/UE_project/Blaster/Content/Assets/SylizedCity/Textures/T_StreetSigns_ORM.uasset" 6708
"D:/UE_project/Blaster/Content/Assets/SylizedCity/Textures/T_StreetSigns_ORM.uexp" 6709
"D:/UE_project/Blaster/Content/Assets/SylizedCity/Textures/T_StreetSigns_D.ubulk" 6710
"D:/UE_project/Blaster/Content/Assets/SylizedCity/Textures/T_StreetSigns_D.uasset" 6711
"D:/UE_project/Blaster/Content/Assets/SylizedCity/Textures/T_StreetSigns_D.uexp" 6712
"D:/UE_project/Blaster/Content/Assets/SylizedCity/Textures/T_StreetSigns_N.ubulk" 6713
"D:/UE_project/Blaster/Content/Assets/SylizedCity/Textures/T_StreetSigns_N.uasset" 6714
"D:/UE_project/Blaster/Content/Assets/SylizedCity/Textures/T_StreetSigns_N.uexp" 6715
"D:/UE_project/Blaster/Content/Assets/SylizedCity/Materials/MI_StreetSigns.uasset" 6716
"D:/UE_project/Blaster/Content/Assets/SylizedCity/Materials/MI_StreetSigns.uexp" 6717
"D:/UE_project/Blaster/Content/Assets/SylizedCity/Models/SM_Sign3.ubulk" 6718
"D:/UE_project/Blaster/Content/Assets/SylizedCity/Models/SM_Sign3.uasset" 6719
"D:/UE_project/Blaster/Content/Assets/SylizedCity/Models/SM_Sign3.uexp" 6720
"D:/UE_project/Blaster/Content/Assets/SylizedCity/Textures/T_Vents_D.ubulk" 6721
"D:/UE_project/Blaster/Content/Assets/SylizedCity/Textures/T_Vents_D.uasset" 6722
"D:/UE_project/Blaster/Content/Assets/SylizedCity/Textures/T_Vents_D.uexp" 6723
"D:/UE_project/Blaster/Content/Assets/SylizedCity/Textures/T_Vents_N.ubulk" 6724
"D:/UE_project/Blaster/Content/Assets/SylizedCity/Textures/T_Vents_N.uasset" 6725
"D:/UE_project/Blaster/Content/Assets/SylizedCity/Textures/T_Vents_N.uexp" 6726
"D:/UE_project/Blaster/Content/Assets/SylizedCity/Textures/T_Vents_ORM.ubulk" 6727
"D:/UE_project/Blaster/Content/Assets/SylizedCity/Textures/T_Vents_ORM.uasset" 6728
"D:/UE_project/Blaster/Content/Assets/SylizedCity/Textures/T_Vents_ORM.uexp" 6729
"D:/UE_project/Blaster/Content/Assets/SylizedCity/Materials/MI_Vents.uasset" 6730
"D:/UE_project/Blaster/Content/Assets/SylizedCity/Materials/MI_Vents.uexp" 6731
"D:/UE_project/Blaster/Content/Assets/SylizedCity/Models/SM_Vents_low_Cube_004.ubulk" 6732
"D:/UE_project/Blaster/Content/Assets/SylizedCity/Models/SM_Vents_low_Cube_004.uasset" 6733
"D:/UE_project/Blaster/Content/Assets/SylizedCity/Models/SM_Vents_low_Cube_004.uexp" 6734
"D:/UE_project/Blaster/Content/Assets/SylizedCity/Materials/MI_ConcreteWall.uasset" 6735
"D:/UE_project/Blaster/Content/Assets/SylizedCity/Materials/MI_ConcreteWall.uexp" 6736
"D:/UE_project/Blaster/Content/Assets/SylizedCity/Materials/MI_ConcreteWall2.uasset" 6737
"D:/UE_project/Blaster/Content/Assets/SylizedCity/Materials/MI_ConcreteWall2.uexp" 6738
"D:/UE_project/Blaster/Content/Assets/SylizedCity/Materials/MI_ConcreteWall3.uasset" 6739
"D:/UE_project/Blaster/Content/Assets/SylizedCity/Materials/MI_ConcreteWall3.uexp" 6740
"D:/UE_project/Blaster/Content/Assets/SylizedCity/Textures/T_Metal_N.ubulk" 6741
"D:/UE_project/Blaster/Content/Assets/SylizedCity/Textures/T_Metal_N.uasset" 6742
"D:/UE_project/Blaster/Content/Assets/SylizedCity/Textures/T_Metal_N.uexp" 6743
"D:/UE_project/Blaster/Content/Assets/SylizedCity/Textures/T_Metal_ORM.ubulk" 6744
"D:/UE_project/Blaster/Content/Assets/SylizedCity/Textures/T_Metal_ORM.uasset" 6745
"D:/UE_project/Blaster/Content/Assets/SylizedCity/Textures/T_Metal_ORM.uexp" 6746
"D:/UE_project/Blaster/Content/Assets/SylizedCity/Textures/T_Metal_D.ubulk" 6747
"D:/UE_project/Blaster/Content/Assets/SylizedCity/Textures/T_Metal_D.uasset" 6748
"D:/UE_project/Blaster/Content/Assets/SylizedCity/Textures/T_Metal_D.uexp" 6749
"D:/UE_project/Blaster/Content/Assets/SylizedCity/Materials/MI_Metal.uasset" 6750
"D:/UE_project/Blaster/Content/Assets/SylizedCity/Materials/MI_Metal.uexp" 6751
"D:/UE_project/Blaster/Content/Assets/SylizedCity/Models/SM_BlockB3.ubulk" 6752
"D:/UE_project/Blaster/Content/Assets/SylizedCity/Models/SM_BlockB3.uasset" 6753
"D:/UE_project/Blaster/Content/Assets/SylizedCity/Models/SM_BlockB3.uexp" 6754
"D:/UE_project/Blaster/Content/Assets/SylizedCity/Textures/T_MetalWall_ORM.ubulk" 6755
"D:/UE_project/Blaster/Content/Assets/SylizedCity/Textures/T_MetalWall_ORM.uasset" 6756
"D:/UE_project/Blaster/Content/Assets/SylizedCity/Textures/T_MetalWall_ORM.uexp" 6757
"D:/UE_project/Blaster/Content/Assets/SylizedCity/Textures/T_MetalWall_N.ubulk" 6758
"D:/UE_project/Blaster/Content/Assets/SylizedCity/Textures/T_MetalWall_N.uasset" 6759
"D:/UE_project/Blaster/Content/Assets/SylizedCity/Textures/T_MetalWall_N.uexp" 6760
"D:/UE_project/Blaster/Content/Assets/SylizedCity/Textures/T_MetalWall_D.ubulk" 6761
"D:/UE_project/Blaster/Content/Assets/SylizedCity/Textures/T_MetalWall_D.uasset" 6762
"D:/UE_project/Blaster/Content/Assets/SylizedCity/Textures/T_MetalWall_D.uexp" 6763
"D:/UE_project/Blaster/Content/Assets/SylizedCity/Materials/M_MetalWall.uasset" 6764
"D:/UE_project/Blaster/Content/Assets/SylizedCity/Materials/M_MetalWall.uexp" 6765
"D:/UE_project/Blaster/Content/Assets/SylizedCity/Materials/M_MetalWall2.uasset" 6766
"D:/UE_project/Blaster/Content/Assets/SylizedCity/Materials/M_MetalWall2.uexp" 6767
"D:/UE_project/Blaster/Content/Assets/SylizedCity/Models/Props/SM_FlowerPot.ubulk" 6768
"D:/UE_project/Blaster/Content/Assets/SylizedCity/Models/Props/SM_FlowerPot.uasset" 6769
"D:/UE_project/Blaster/Content/Assets/SylizedCity/Models/Props/SM_FlowerPot.uexp" 6770
"D:/UE_project/Blaster/Content/Assets/SylizedCity/Textures/Pavement1/T_Pavement_ORM.ubulk" 6771
"D:/UE_project/Blaster/Content/Assets/SylizedCity/Textures/Pavement1/T_Pavement_ORM.uasset" 6772
"D:/UE_project/Blaster/Content/Assets/SylizedCity/Textures/Pavement1/T_Pavement_ORM.uexp" 6773
"D:/UE_project/Blaster/Content/Assets/SylizedCity/Textures/Pavement1/T_Pavement_N.ubulk" 6774
"D:/UE_project/Blaster/Content/Assets/SylizedCity/Textures/Pavement1/T_Pavement_N.uasset" 6775
"D:/UE_project/Blaster/Content/Assets/SylizedCity/Textures/Pavement1/T_Pavement_N.uexp" 6776
"D:/UE_project/Blaster/Content/Assets/SylizedCity/Textures/Pavement1/T_Pavement1_BC.ubulk" 6777
"D:/UE_project/Blaster/Content/Assets/SylizedCity/Textures/Pavement1/T_Pavement1_BC.uasset" 6778
"D:/UE_project/Blaster/Content/Assets/SylizedCity/Textures/Pavement1/T_Pavement1_BC.uexp" 6779
"D:/UE_project/Blaster/Content/Assets/SylizedCity/Materials/MI_Pavement.uasset" 6780
"D:/UE_project/Blaster/Content/Assets/SylizedCity/Materials/MI_Pavement.uexp" 6781
"D:/UE_project/Blaster/Content/Assets/SylizedCity/Models/WalkwaySet/SM_Walkway.ubulk" 6782
"D:/UE_project/Blaster/Content/Assets/SylizedCity/Models/WalkwaySet/SM_Walkway.uasset" 6783
"D:/UE_project/Blaster/Content/Assets/SylizedCity/Models/WalkwaySet/SM_Walkway.uexp" 6784
"D:/UE_project/Blaster/Content/Assets/SylizedCity/Models/Props/SM_Pipe2.ubulk" 6785
"D:/UE_project/Blaster/Content/Assets/SylizedCity/Models/Props/SM_Pipe2.uasset" 6786
"D:/UE_project/Blaster/Content/Assets/SylizedCity/Models/Props/SM_Pipe2.uexp" 6787
"D:/UE_project/Blaster/Content/Assets/SylizedCity/Models/Props/SM_Pipe4.ubulk" 6788
"D:/UE_project/Blaster/Content/Assets/SylizedCity/Models/Props/SM_Pipe4.uasset" 6789
"D:/UE_project/Blaster/Content/Assets/SylizedCity/Models/Props/SM_Pipe4.uexp" 6790
"D:/UE_project/Blaster/Content/Assets/SylizedCity/Textures/T_Interior5_D.uasset" 6791
"D:/UE_project/Blaster/Content/Assets/SylizedCity/Textures/T_Interior5_D.uexp" 6792
"D:/UE_project/Blaster/Content/Assets/SylizedCity/Textures/T_Interior2_D.uasset" 6793
"D:/UE_project/Blaster/Content/Assets/SylizedCity/Textures/T_Interior2_D.uexp" 6794
"D:/UE_project/Blaster/Content/Assets/SylizedCity/Materials/MI_Windows_Inst.uasset" 6795
"D:/UE_project/Blaster/Content/Assets/SylizedCity/Materials/MI_Windows_Inst.uexp" 6796
"D:/UE_project/Blaster/Content/Assets/SylizedCity/Textures/T_Interior4_D.uasset" 6797
"D:/UE_project/Blaster/Content/Assets/SylizedCity/Textures/T_Interior4_D.uexp" 6798
"D:/UE_project/Blaster/Content/Assets/SylizedCity/Materials/MI_Windows_Inst_Inst.uasset" 6799
"D:/UE_project/Blaster/Content/Assets/SylizedCity/Materials/MI_Windows_Inst_Inst.uexp" 6800
"D:/UE_project/Blaster/Content/Assets/SylizedCity/Materials/MI_Windows_Inst_Inst_Inst.uasset" 6801
"D:/UE_project/Blaster/Content/Assets/SylizedCity/Materials/MI_Windows_Inst_Inst_Inst.uexp" 6802
"D:/UE_project/Blaster/Content/Assets/SylizedCity/Materials/MI_ConcreteWall3_Inst.uasset" 6803
"D:/UE_project/Blaster/Content/Assets/SylizedCity/Materials/MI_ConcreteWall3_Inst.uexp" 6804
"D:/UE_project/Blaster/Content/Assets/SylizedCity/Models/SM_Lift.ubulk" 6805
"D:/UE_project/Blaster/Content/Assets/SylizedCity/Models/SM_Lift.uasset" 6806
"D:/UE_project/Blaster/Content/Assets/SylizedCity/Models/SM_Lift.uexp" 6807
"D:/UE_project/Blaster/Content/Assets/SylizedCity/Models/RoofSet/SM_RoofA3.ubulk" 6808
"D:/UE_project/Blaster/Content/Assets/SylizedCity/Models/RoofSet/SM_RoofA3.uasset" 6809
"D:/UE_project/Blaster/Content/Assets/SylizedCity/Models/RoofSet/SM_RoofA3.uexp" 6810
"D:/UE_project/Blaster/Content/Assets/SylizedCity/Textures/T_Karaoke_D.ubulk" 6811
"D:/UE_project/Blaster/Content/Assets/SylizedCity/Textures/T_Karaoke_D.uasset" 6812
"D:/UE_project/Blaster/Content/Assets/SylizedCity/Textures/T_Karaoke_D.uexp" 6813
"D:/UE_project/Blaster/Content/Assets/SylizedCity/Textures/T_Karaoke_ORM.ubulk" 6814
"D:/UE_project/Blaster/Content/Assets/SylizedCity/Textures/T_Karaoke_ORM.uasset" 6815
"D:/UE_project/Blaster/Content/Assets/SylizedCity/Textures/T_Karaoke_ORM.uexp" 6816
"D:/UE_project/Blaster/Content/Assets/SylizedCity/Textures/T_Karaoke_N.ubulk" 6817
"D:/UE_project/Blaster/Content/Assets/SylizedCity/Textures/T_Karaoke_N.uasset" 6818
"D:/UE_project/Blaster/Content/Assets/SylizedCity/Textures/T_Karaoke_N.uexp" 6819
"D:/UE_project/Blaster/Content/Assets/SylizedCity/Textures/T_Karaoke_E.ubulk" 6820
"D:/UE_project/Blaster/Content/Assets/SylizedCity/Textures/T_Karaoke_E.uasset" 6821
"D:/UE_project/Blaster/Content/Assets/SylizedCity/Textures/T_Karaoke_E.uexp" 6822
"D:/UE_project/Blaster/Content/Assets/SylizedCity/Textures/T_Sushi_ORM.ubulk" 6823
"D:/UE_project/Blaster/Content/Assets/SylizedCity/Textures/T_Sushi_ORM.uasset" 6824
"D:/UE_project/Blaster/Content/Assets/SylizedCity/Textures/T_Sushi_ORM.uexp" 6825
"D:/UE_project/Blaster/Content/Assets/SylizedCity/Textures/T_Sushi_N.ubulk" 6826
"D:/UE_project/Blaster/Content/Assets/SylizedCity/Textures/T_Sushi_N.uasset" 6827
"D:/UE_project/Blaster/Content/Assets/SylizedCity/Textures/T_Sushi_N.uexp" 6828
"D:/UE_project/Blaster/Content/Assets/SylizedCity/Textures/T_Sushi_E.ubulk" 6829
"D:/UE_project/Blaster/Content/Assets/SylizedCity/Textures/T_Sushi_E.uasset" 6830
"D:/UE_project/Blaster/Content/Assets/SylizedCity/Textures/T_Sushi_E.uexp" 6831
"D:/UE_project/Blaster/Content/Assets/SylizedCity/Textures/T_Sushi_D.ubulk" 6832
"D:/UE_project/Blaster/Content/Assets/SylizedCity/Textures/T_Sushi_D.uasset" 6833
"D:/UE_project/Blaster/Content/Assets/SylizedCity/Textures/T_Sushi_D.uexp" 6834
"D:/UE_project/Blaster/Content/Assets/SylizedCity/Textures/Lanterns/T_Lantern1_ORM.ubulk" 6835
"D:/UE_project/Blaster/Content/Assets/SylizedCity/Textures/Lanterns/T_Lantern1_ORM.uasset" 6836
"D:/UE_project/Blaster/Content/Assets/SylizedCity/Textures/Lanterns/T_Lantern1_ORM.uexp" 6837
"D:/UE_project/Blaster/Content/Assets/SylizedCity/Textures/Lanterns/T_Lantern1_E.ubulk" 6838
"D:/UE_project/Blaster/Content/Assets/SylizedCity/Textures/Lanterns/T_Lantern1_E.uasset" 6839
"D:/UE_project/Blaster/Content/Assets/SylizedCity/Textures/Lanterns/T_Lantern1_E.uexp" 6840
"D:/UE_project/Blaster/Content/Assets/SylizedCity/Textures/Lanterns/T_Lantern1_BC.ubulk" 6841
"D:/UE_project/Blaster/Content/Assets/SylizedCity/Textures/Lanterns/T_Lantern1_BC.uasset" 6842
"D:/UE_project/Blaster/Content/Assets/SylizedCity/Textures/Lanterns/T_Lantern1_BC.uexp" 6843
"D:/UE_project/Blaster/Content/Assets/SylizedCity/Textures/Lanterns/T_Lantern1_N.ubulk" 6844
"D:/UE_project/Blaster/Content/Assets/SylizedCity/Textures/Lanterns/T_Lantern1_N.uasset" 6845
"D:/UE_project/Blaster/Content/Assets/SylizedCity/Textures/Lanterns/T_Lantern1_N.uexp" 6846
"D:/UE_project/Blaster/Content/Assets/SylizedCity/Materials/M_Lantern.uasset" 6847
"D:/UE_project/Blaster/Content/Assets/SylizedCity/Materials/M_Lantern.uexp" 6848
"D:/UE_project/Blaster/Content/Assets/SylizedCity/Materials/MI_SushiLogo.uasset" 6849
"D:/UE_project/Blaster/Content/Assets/SylizedCity/Materials/MI_SushiLogo.uexp" 6850
"D:/UE_project/Blaster/Content/Assets/SylizedCity/Materials/MI_Karaokelogo.uasset" 6851
"D:/UE_project/Blaster/Content/Assets/SylizedCity/Materials/MI_Karaokelogo.uexp" 6852
"D:/UE_project/Blaster/Content/Assets/SylizedCity/Models/SM_signKaraoke.ubulk" 6853
"D:/UE_project/Blaster/Content/Assets/SylizedCity/Models/SM_signKaraoke.uasset" 6854
"D:/UE_project/Blaster/Content/Assets/SylizedCity/Models/SM_signKaraoke.uexp" 6855
"D:/UE_project/Blaster/Content/Assets/SylizedCity/Textures/Pavement1/T_Pavement1_ORM.ubulk" 6856
"D:/UE_project/Blaster/Content/Assets/SylizedCity/Textures/Pavement1/T_Pavement1_ORM.uasset" 6857
"D:/UE_project/Blaster/Content/Assets/SylizedCity/Textures/Pavement1/T_Pavement1_ORM.uexp" 6858
"D:/UE_project/Blaster/Content/Assets/SylizedCity/Textures/Pavement1/T_Pavement1_N.ubulk" 6859
"D:/UE_project/Blaster/Content/Assets/SylizedCity/Textures/Pavement1/T_Pavement1_N.uasset" 6860
"D:/UE_project/Blaster/Content/Assets/SylizedCity/Textures/Pavement1/T_Pavement1_N.uexp" 6861
"D:/UE_project/Blaster/Content/Assets/SylizedCity/Materials/MI_WallTile2.uasset" 6862
"D:/UE_project/Blaster/Content/Assets/SylizedCity/Materials/MI_WallTile2.uexp" 6863
"D:/UE_project/Blaster/Content/Assets/SylizedCity/Materials/MI_WallTile3.uasset" 6864
"D:/UE_project/Blaster/Content/Assets/SylizedCity/Materials/MI_WallTile3.uexp" 6865
"D:/UE_project/Blaster/Content/Assets/SylizedCity/Materials/MI_WallTile4.uasset" 6866
"D:/UE_project/Blaster/Content/Assets/SylizedCity/Materials/MI_WallTile4.uexp" 6867
"D:/UE_project/Blaster/Content/Assets/SylizedCity/Materials/MI_WallTile5.uasset" 6868
"D:/UE_project/Blaster/Content/Assets/SylizedCity/Materials/MI_WallTile5.uexp" 6869
"D:/UE_project/Blaster/Content/Assets/SylizedCity/Textures/poster2.ubulk" 6870
"D:/UE_project/Blaster/Content/Assets/SylizedCity/Textures/poster2.uasset" 6871
"D:/UE_project/Blaster/Content/Assets/SylizedCity/Textures/poster2.uexp" 6872
"D:/UE_project/Blaster/Content/Assets/SylizedCity/Materials/M_Signs.uasset" 6873
"D:/UE_project/Blaster/Content/Assets/SylizedCity/Materials/M_Signs.uexp" 6874
"D:/UE_project/Blaster/Content/Assets/SylizedCity/Models/Props/SM_Sign3.ubulk" 6875
"D:/UE_project/Blaster/Content/Assets/SylizedCity/Models/Props/SM_Sign3.uasset" 6876
"D:/UE_project/Blaster/Content/Assets/SylizedCity/Models/Props/SM_Sign3.uexp" 6877
"D:/UE_project/Blaster/Content/Assets/SylizedCity/Textures/poster4.ubulk" 6878
"D:/UE_project/Blaster/Content/Assets/SylizedCity/Textures/poster4.uasset" 6879
"D:/UE_project/Blaster/Content/Assets/SylizedCity/Textures/poster4.uexp" 6880
"D:/UE_project/Blaster/Content/Assets/SylizedCity/Textures/poster1.ubulk" 6881
"D:/UE_project/Blaster/Content/Assets/SylizedCity/Textures/poster1.uasset" 6882
"D:/UE_project/Blaster/Content/Assets/SylizedCity/Textures/poster1.uexp" 6883
"D:/UE_project/Blaster/Content/Assets/SylizedCity/Materials/M_Signs2.uasset" 6884
"D:/UE_project/Blaster/Content/Assets/SylizedCity/Materials/M_Signs2.uexp" 6885
"D:/UE_project/Blaster/Content/Assets/SylizedCity/Materials/MI_Signs2.uasset" 6886
"D:/UE_project/Blaster/Content/Assets/SylizedCity/Materials/MI_Signs2.uexp" 6887
"D:/UE_project/Blaster/Content/Assets/SylizedCity/Textures/Pavement1/T_Pavement_Color_BC.ubulk" 6888
"D:/UE_project/Blaster/Content/Assets/SylizedCity/Textures/Pavement1/T_Pavement_Color_BC.uasset" 6889
"D:/UE_project/Blaster/Content/Assets/SylizedCity/Textures/Pavement1/T_Pavement_Color_BC.uexp" 6890
"D:/UE_project/Blaster/Content/Assets/SylizedCity/Textures/Pavement1/T_Pavement_Color_ORM.ubulk" 6891
"D:/UE_project/Blaster/Content/Assets/SylizedCity/Textures/Pavement1/T_Pavement_Color_ORM.uasset" 6892
"D:/UE_project/Blaster/Content/Assets/SylizedCity/Textures/Pavement1/T_Pavement_Color_ORM.uexp" 6893
"D:/UE_project/Blaster/Content/Assets/SylizedCity/Textures/Pavement1/T_Pavement_Color_N.ubulk" 6894
"D:/UE_project/Blaster/Content/Assets/SylizedCity/Textures/Pavement1/T_Pavement_Color_N.uasset" 6895
"D:/UE_project/Blaster/Content/Assets/SylizedCity/Textures/Pavement1/T_Pavement_Color_N.uexp" 6896
"D:/UE_project/Blaster/Content/Assets/SylizedCity/Materials/MI_PavementColor1.uasset" 6897
"D:/UE_project/Blaster/Content/Assets/SylizedCity/Materials/MI_PavementColor1.uexp" 6898
"D:/UE_project/Blaster/Content/Assets/SylizedCity/Materials/MI_PavementColor2.uasset" 6899
"D:/UE_project/Blaster/Content/Assets/SylizedCity/Materials/MI_PavementColor2.uexp" 6900
"D:/UE_project/Blaster/Content/Assets/SylizedCity/Materials/MI_PavementColor3.uasset" 6901
"D:/UE_project/Blaster/Content/Assets/SylizedCity/Materials/MI_PavementColor3.uexp" 6902
"D:/UE_project/Blaster/Content/Assets/SylizedCity/Textures/T_StreetMarkings.ubulk" 6903
"D:/UE_project/Blaster/Content/Assets/SylizedCity/Textures/T_StreetMarkings.uasset" 6904
"D:/UE_project/Blaster/Content/Assets/SylizedCity/Textures/T_StreetMarkings.uexp" 6905
"D:/UE_project/Blaster/Content/Assets/SylizedCity/Materials/M_StreetMarkings.uasset" 6906
"D:/UE_project/Blaster/Content/Assets/SylizedCity/Materials/M_StreetMarkings.uexp" 6907
"D:/UE_project/Blaster/Content/Assets/SylizedCity/Models/Decals/SM_StreetMarkings_Crossing.ubulk" 6908
"D:/UE_project/Blaster/Content/Assets/SylizedCity/Models/Decals/SM_StreetMarkings_Crossing.uasset" 6909
"D:/UE_project/Blaster/Content/Assets/SylizedCity/Models/Decals/SM_StreetMarkings_Crossing.uexp" 6910
"D:/UE_project/Blaster/Content/Assets/SylizedCity/Models/SM_Fence.ubulk" 6911
"D:/UE_project/Blaster/Content/Assets/SylizedCity/Models/SM_Fence.uasset" 6912
"D:/UE_project/Blaster/Content/Assets/SylizedCity/Models/SM_Fence.uexp" 6913
"D:/UE_project/Blaster/Content/Assets/SylizedCity/Textures/T_Decoration2_N.ubulk" 6914
"D:/UE_project/Blaster/Content/Assets/SylizedCity/Textures/T_Decoration2_N.uasset" 6915
"D:/UE_project/Blaster/Content/Assets/SylizedCity/Textures/T_Decoration2_N.uexp" 6916
"D:/UE_project/Blaster/Content/Assets/SylizedCity/Textures/T_Decoration2_MT.ubulk" 6917
"D:/UE_project/Blaster/Content/Assets/SylizedCity/Textures/T_Decoration2_MT.uasset" 6918
"D:/UE_project/Blaster/Content/Assets/SylizedCity/Textures/T_Decoration2_MT.uexp" 6919
"D:/UE_project/Blaster/Content/Assets/SylizedCity/Textures/T_Decoration2_A.ubulk" 6920
"D:/UE_project/Blaster/Content/Assets/SylizedCity/Textures/T_Decoration2_A.uasset" 6921
"D:/UE_project/Blaster/Content/Assets/SylizedCity/Textures/T_Decoration2_A.uexp" 6922
"D:/UE_project/Blaster/Content/Assets/SylizedCity/Materials/M_Decoration.uasset" 6923
"D:/UE_project/Blaster/Content/Assets/SylizedCity/Materials/M_Decoration.uexp" 6924
"D:/UE_project/Blaster/Content/Assets/SylizedCity/Models/StreetSet/SM_Sidewalk2.ubulk" 6925
"D:/UE_project/Blaster/Content/Assets/SylizedCity/Models/StreetSet/SM_Sidewalk2.uasset" 6926
"D:/UE_project/Blaster/Content/Assets/SylizedCity/Models/StreetSet/SM_Sidewalk2.uexp" 6927
"D:/UE_project/Blaster/Content/Assets/SylizedCity/Textures/T_Tree_N.ubulk" 6928
"D:/UE_project/Blaster/Content/Assets/SylizedCity/Textures/T_Tree_N.uasset" 6929
"D:/UE_project/Blaster/Content/Assets/SylizedCity/Textures/T_Tree_N.uexp" 6930
"D:/UE_project/Blaster/Content/Assets/SylizedCity/Textures/T_Tree_ORM.ubulk" 6931
"D:/UE_project/Blaster/Content/Assets/SylizedCity/Textures/T_Tree_ORM.uasset" 6932
"D:/UE_project/Blaster/Content/Assets/SylizedCity/Textures/T_Tree_ORM.uexp" 6933
"D:/UE_project/Blaster/Content/Assets/SylizedCity/Textures/T_Tree2_BC.ubulk" 6934
"D:/UE_project/Blaster/Content/Assets/SylizedCity/Textures/T_Tree2_BC.uasset" 6935
"D:/UE_project/Blaster/Content/Assets/SylizedCity/Textures/T_Tree2_BC.uexp" 6936
"D:/UE_project/Blaster/Content/Assets/SylizedCity/Materials/M_TreeLeafs.uasset" 6937
"D:/UE_project/Blaster/Content/Assets/SylizedCity/Materials/M_TreeLeafs.uexp" 6938
"D:/UE_project/Blaster/Content/Assets/SylizedCity/Materials/M_TreeTrunk.uasset" 6939
"D:/UE_project/Blaster/Content/Assets/SylizedCity/Materials/M_TreeTrunk.uexp" 6940
"D:/UE_project/Blaster/Content/Assets/SylizedCity/Models/Props/SM_Tree3.uasset" 6941
"D:/UE_project/Blaster/Content/Assets/SylizedCity/Models/Props/SM_Tree3.uexp" 6942
"D:/UE_project/Blaster/Content/Assets/SylizedCity/Textures/grafitti5.ubulk" 6943
"D:/UE_project/Blaster/Content/Assets/SylizedCity/Textures/grafitti5.uasset" 6944
"D:/UE_project/Blaster/Content/Assets/SylizedCity/Textures/grafitti5.uexp" 6945
"D:/UE_project/Blaster/Content/Assets/SylizedCity/Materials/MI_grafitti5.uasset" 6946
"D:/UE_project/Blaster/Content/Assets/SylizedCity/Materials/MI_grafitti5.uexp" 6947
"D:/UE_project/Blaster/Content/Assets/SylizedCity/Materials/MI_grafitti6.uasset" 6948
"D:/UE_project/Blaster/Content/Assets/SylizedCity/Materials/MI_grafitti6.uexp" 6949
"D:/UE_project/Blaster/Content/Assets/SylizedCity/Models/RoofSet/SM_RoofB3.ubulk" 6950
"D:/UE_project/Blaster/Content/Assets/SylizedCity/Models/RoofSet/SM_RoofB3.uasset" 6951
"D:/UE_project/Blaster/Content/Assets/SylizedCity/Models/RoofSet/SM_RoofB3.uexp" 6952
"D:/UE_project/Blaster/Content/Assets/SylizedCity/Models/SM_Block3.ubulk" 6953
"D:/UE_project/Blaster/Content/Assets/SylizedCity/Models/SM_Block3.uasset" 6954
"D:/UE_project/Blaster/Content/Assets/SylizedCity/Models/SM_Block3.uexp" 6955
"D:/UE_project/Blaster/Content/Assets/SylizedCity/Materials/MI_MetallWall3.uasset" 6956
"D:/UE_project/Blaster/Content/Assets/SylizedCity/Materials/MI_MetallWall3.uexp" 6957
"D:/UE_project/Blaster/Content/Assets/SylizedCity/Textures/T_Flowerbed_BC.ubulk" 6958
"D:/UE_project/Blaster/Content/Assets/SylizedCity/Textures/T_Flowerbed_BC.uasset" 6959
"D:/UE_project/Blaster/Content/Assets/SylizedCity/Textures/T_Flowerbed_BC.uexp" 6960
"D:/UE_project/Blaster/Content/Assets/SylizedCity/Textures/T_Flowerbed_ORM.ubulk" 6961
"D:/UE_project/Blaster/Content/Assets/SylizedCity/Textures/T_Flowerbed_ORM.uasset" 6962
"D:/UE_project/Blaster/Content/Assets/SylizedCity/Textures/T_Flowerbed_ORM.uexp" 6963
"D:/UE_project/Blaster/Content/Assets/SylizedCity/Textures/T_AC_N.ubulk" 6964
"D:/UE_project/Blaster/Content/Assets/SylizedCity/Textures/T_AC_N.uasset" 6965
"D:/UE_project/Blaster/Content/Assets/SylizedCity/Textures/T_AC_N.uexp" 6966
"D:/UE_project/Blaster/Content/Assets/SylizedCity/Textures/T_AC_E.ubulk" 6967
"D:/UE_project/Blaster/Content/Assets/SylizedCity/Textures/T_AC_E.uasset" 6968
"D:/UE_project/Blaster/Content/Assets/SylizedCity/Textures/T_AC_E.uexp" 6969
"D:/UE_project/Blaster/Content/Assets/SylizedCity/Textures/T_AC_BC.ubulk" 6970
"D:/UE_project/Blaster/Content/Assets/SylizedCity/Textures/T_AC_BC.uasset" 6971
"D:/UE_project/Blaster/Content/Assets/SylizedCity/Textures/T_AC_BC.uexp" 6972
"D:/UE_project/Blaster/Content/Assets/SylizedCity/Textures/T_AC_ORM.ubulk" 6973
"D:/UE_project/Blaster/Content/Assets/SylizedCity/Textures/T_AC_ORM.uasset" 6974
"D:/UE_project/Blaster/Content/Assets/SylizedCity/Textures/T_AC_ORM.uexp" 6975
"D:/UE_project/Blaster/Content/Assets/SylizedCity/Materials/M_AC.uasset" 6976
"D:/UE_project/Blaster/Content/Assets/SylizedCity/Materials/M_AC.uexp" 6977
"D:/UE_project/Blaster/Content/Assets/SylizedCity/Textures/T_Flowerbed_E.ubulk" 6978
"D:/UE_project/Blaster/Content/Assets/SylizedCity/Textures/T_Flowerbed_E.uasset" 6979
"D:/UE_project/Blaster/Content/Assets/SylizedCity/Textures/T_Flowerbed_E.uexp" 6980
"D:/UE_project/Blaster/Content/Assets/SylizedCity/Textures/T_Flowerbed_N.ubulk" 6981
"D:/UE_project/Blaster/Content/Assets/SylizedCity/Textures/T_Flowerbed_N.uasset" 6982
"D:/UE_project/Blaster/Content/Assets/SylizedCity/Textures/T_Flowerbed_N.uexp" 6983
"D:/UE_project/Blaster/Content/Assets/SylizedCity/Materials/MI_Flowerbed.uasset" 6984
"D:/UE_project/Blaster/Content/Assets/SylizedCity/Materials/MI_Flowerbed.uexp" 6985
"D:/UE_project/Blaster/Content/Assets/SylizedCity/Models/Props/SM_FlowerBed.ubulk" 6986
"D:/UE_project/Blaster/Content/Assets/SylizedCity/Models/Props/SM_FlowerBed.uasset" 6987
"D:/UE_project/Blaster/Content/Assets/SylizedCity/Models/Props/SM_FlowerBed.uexp" 6988
"D:/UE_project/Blaster/Content/Assets/SylizedCity/Textures/T_Lamp2_BC.ubulk" 6989
"D:/UE_project/Blaster/Content/Assets/SylizedCity/Textures/T_Lamp2_BC.uasset" 6990
"D:/UE_project/Blaster/Content/Assets/SylizedCity/Textures/T_Lamp2_BC.uexp" 6991
"D:/UE_project/Blaster/Content/Assets/SylizedCity/Textures/T_Lamp2_N.ubulk" 6992
"D:/UE_project/Blaster/Content/Assets/SylizedCity/Textures/T_Lamp2_N.uasset" 6993
"D:/UE_project/Blaster/Content/Assets/SylizedCity/Textures/T_Lamp2_N.uexp" 6994
"D:/UE_project/Blaster/Content/Assets/SylizedCity/Textures/T_Lamp2_E.ubulk" 6995
"D:/UE_project/Blaster/Content/Assets/SylizedCity/Textures/T_Lamp2_E.uasset" 6996
"D:/UE_project/Blaster/Content/Assets/SylizedCity/Textures/T_Lamp2_E.uexp" 6997
"D:/UE_project/Blaster/Content/Assets/SylizedCity/Textures/T_Lamp2_ORM.ubulk" 6998
"D:/UE_project/Blaster/Content/Assets/SylizedCity/Textures/T_Lamp2_ORM.uasset" 6999
"D:/UE_project/Blaster/Content/Assets/SylizedCity/Textures/T_Lamp2_ORM.uexp" 7000
"D:/UE_project/Blaster/Content/Assets/SylizedCity/Materials/MI_Lamp2.uasset" 7001
"D:/UE_project/Blaster/Content/Assets/SylizedCity/Materials/MI_Lamp2.uexp" 7002
"D:/UE_project/Blaster/Content/Assets/SylizedCity/Models/Props/SM_Lamp2.ubulk" 7003
"D:/UE_project/Blaster/Content/Assets/SylizedCity/Models/Props/SM_Lamp2.uasset" 7004
"D:/UE_project/Blaster/Content/Assets/SylizedCity/Models/Props/SM_Lamp2.uexp" 7005
"D:/UE_project/Blaster/Content/Assets/SylizedCity/Textures/Vehicles/T_Van_N.ubulk" 7006
"D:/UE_project/Blaster/Content/Assets/SylizedCity/Textures/Vehicles/T_Van_N.uasset" 7007
"D:/UE_project/Blaster/Content/Assets/SylizedCity/Textures/Vehicles/T_Van_N.uexp" 7008
"D:/UE_project/Blaster/Content/Assets/SylizedCity/Textures/Vehicles/T_Van_ORM.ubulk" 7009
"D:/UE_project/Blaster/Content/Assets/SylizedCity/Textures/Vehicles/T_Van_ORM.uasset" 7010
"D:/UE_project/Blaster/Content/Assets/SylizedCity/Textures/Vehicles/T_Van_ORM.uexp" 7011
"D:/UE_project/Blaster/Content/Assets/SylizedCity/Textures/Vehicles/T_Van_BC.ubulk" 7012
"D:/UE_project/Blaster/Content/Assets/SylizedCity/Textures/Vehicles/T_Van_BC.uasset" 7013
"D:/UE_project/Blaster/Content/Assets/SylizedCity/Textures/Vehicles/T_Van_BC.uexp" 7014
"D:/UE_project/Blaster/Content/Assets/SylizedCity/Materials/MI_Van.uasset" 7015
"D:/UE_project/Blaster/Content/Assets/SylizedCity/Materials/MI_Van.uexp" 7016
"D:/UE_project/Blaster/Content/Assets/SylizedCity/Models/Vehicles/SM_Van.ubulk" 7017
"D:/UE_project/Blaster/Content/Assets/SylizedCity/Models/Vehicles/SM_Van.uasset" 7018
"D:/UE_project/Blaster/Content/Assets/SylizedCity/Models/Vehicles/SM_Van.uexp" 7019
"D:/UE_project/Blaster/Content/Assets/SylizedCity/Models/Vehicles/SM_VanTire3.ubulk" 7020
"D:/UE_project/Blaster/Content/Assets/SylizedCity/Models/Vehicles/SM_VanTire3.uasset" 7021
"D:/UE_project/Blaster/Content/Assets/SylizedCity/Models/Vehicles/SM_VanTire3.uexp" 7022
"D:/UE_project/Blaster/Content/Assets/SylizedCity/Models/Vehicles/SM_VanTire1.ubulk" 7023
"D:/UE_project/Blaster/Content/Assets/SylizedCity/Models/Vehicles/SM_VanTire1.uasset" 7024
"D:/UE_project/Blaster/Content/Assets/SylizedCity/Models/Vehicles/SM_VanTire1.uexp" 7025
"D:/UE_project/Blaster/Content/Assets/SylizedCity/Models/Vehicles/SM_VanTire2.ubulk" 7026
"D:/UE_project/Blaster/Content/Assets/SylizedCity/Models/Vehicles/SM_VanTire2.uasset" 7027
"D:/UE_project/Blaster/Content/Assets/SylizedCity/Models/Vehicles/SM_VanTire2.uexp" 7028
"D:/UE_project/Blaster/Content/Assets/SylizedCity/Models/Vehicles/SM_VanTire4.ubulk" 7029
"D:/UE_project/Blaster/Content/Assets/SylizedCity/Models/Vehicles/SM_VanTire4.uasset" 7030
"D:/UE_project/Blaster/Content/Assets/SylizedCity/Models/Vehicles/SM_VanTire4.uexp" 7031
"D:/UE_project/Blaster/Content/Assets/SylizedCity/Blueprints/BP_Van.uasset" 7032
"D:/UE_project/Blaster/Content/Assets/SylizedCity/Blueprints/BP_Van.uexp" 7033
"D:/UE_project/Blaster/Content/Assets/SylizedCity/Textures/Vehicles/T_Van_BC2.ubulk" 7034
"D:/UE_project/Blaster/Content/Assets/SylizedCity/Textures/Vehicles/T_Van_BC2.uasset" 7035
"D:/UE_project/Blaster/Content/Assets/SylizedCity/Textures/Vehicles/T_Van_BC2.uexp" 7036
"D:/UE_project/Blaster/Content/Assets/SylizedCity/Materials/MI_Van_2.uasset" 7037
"D:/UE_project/Blaster/Content/Assets/SylizedCity/Materials/MI_Van_2.uexp" 7038
"D:/UE_project/Blaster/Content/Assets/SylizedCity/Blueprints/BP_Van_2.uasset" 7039
"D:/UE_project/Blaster/Content/Assets/SylizedCity/Blueprints/BP_Van_2.uexp" 7040
"D:/UE_project/Blaster/Content/Assets/SylizedCity/Textures/Vehicles/T_Van_BC3.ubulk" 7041
"D:/UE_project/Blaster/Content/Assets/SylizedCity/Textures/Vehicles/T_Van_BC3.uasset" 7042
"D:/UE_project/Blaster/Content/Assets/SylizedCity/Textures/Vehicles/T_Van_BC3.uexp" 7043
"D:/UE_project/Blaster/Content/Assets/SylizedCity/Materials/MI_Van_3.uasset" 7044
"D:/UE_project/Blaster/Content/Assets/SylizedCity/Materials/MI_Van_3.uexp" 7045
"D:/UE_project/Blaster/Content/Assets/SylizedCity/Blueprints/BP_Van_3.uasset" 7046
"D:/UE_project/Blaster/Content/Assets/SylizedCity/Blueprints/BP_Van_3.uexp" 7047
"D:/UE_project/Blaster/Content/Assets/SylizedCity/Textures/T_Bin_E.ubulk" 7048
"D:/UE_project/Blaster/Content/Assets/SylizedCity/Textures/T_Bin_E.uasset" 7049
"D:/UE_project/Blaster/Content/Assets/SylizedCity/Textures/T_Bin_E.uexp" 7050
"D:/UE_project/Blaster/Content/Assets/SylizedCity/Textures/T_Bin_ORM.ubulk" 7051
"D:/UE_project/Blaster/Content/Assets/SylizedCity/Textures/T_Bin_ORM.uasset" 7052
"D:/UE_project/Blaster/Content/Assets/SylizedCity/Textures/T_Bin_ORM.uexp" 7053
"D:/UE_project/Blaster/Content/Assets/SylizedCity/Textures/T_Bin_N.ubulk" 7054
"D:/UE_project/Blaster/Content/Assets/SylizedCity/Textures/T_Bin_N.uasset" 7055
"D:/UE_project/Blaster/Content/Assets/SylizedCity/Textures/T_Bin_N.uexp" 7056
"D:/UE_project/Blaster/Content/Assets/SylizedCity/Textures/T_Bin_BC.ubulk" 7057
"D:/UE_project/Blaster/Content/Assets/SylizedCity/Textures/T_Bin_BC.uasset" 7058
"D:/UE_project/Blaster/Content/Assets/SylizedCity/Textures/T_Bin_BC.uexp" 7059
"D:/UE_project/Blaster/Content/Assets/SylizedCity/Materials/MI_Bin.uasset" 7060
"D:/UE_project/Blaster/Content/Assets/SylizedCity/Materials/MI_Bin.uexp" 7061
"D:/UE_project/Blaster/Content/Assets/SylizedCity/Models/Props/SM_Bin.ubulk" 7062
"D:/UE_project/Blaster/Content/Assets/SylizedCity/Models/Props/SM_Bin.uasset" 7063
"D:/UE_project/Blaster/Content/Assets/SylizedCity/Models/Props/SM_Bin.uexp" 7064
"D:/UE_project/Blaster/Content/Assets/SylizedCity/Models/RoofSet/SM_RoofB2.ubulk" 7065
"D:/UE_project/Blaster/Content/Assets/SylizedCity/Models/RoofSet/SM_RoofB2.uasset" 7066
"D:/UE_project/Blaster/Content/Assets/SylizedCity/Models/RoofSet/SM_RoofB2.uexp" 7067
"D:/UE_project/Blaster/Content/Assets/SylizedCity/Textures/T_SignTEch_N.ubulk" 7068
"D:/UE_project/Blaster/Content/Assets/SylizedCity/Textures/T_SignTEch_N.uasset" 7069
"D:/UE_project/Blaster/Content/Assets/SylizedCity/Textures/T_SignTEch_N.uexp" 7070
"D:/UE_project/Blaster/Content/Assets/SylizedCity/Textures/T_SignTEch_E.ubulk" 7071
"D:/UE_project/Blaster/Content/Assets/SylizedCity/Textures/T_SignTEch_E.uasset" 7072
"D:/UE_project/Blaster/Content/Assets/SylizedCity/Textures/T_SignTEch_E.uexp" 7073
"D:/UE_project/Blaster/Content/Assets/SylizedCity/Textures/T_SignTEch_BC.ubulk" 7074
"D:/UE_project/Blaster/Content/Assets/SylizedCity/Textures/T_SignTEch_BC.uasset" 7075
"D:/UE_project/Blaster/Content/Assets/SylizedCity/Textures/T_SignTEch_BC.uexp" 7076
"D:/UE_project/Blaster/Content/Assets/SylizedCity/Textures/T_SignTEch_ORM.ubulk" 7077
"D:/UE_project/Blaster/Content/Assets/SylizedCity/Textures/T_SignTEch_ORM.uasset" 7078
"D:/UE_project/Blaster/Content/Assets/SylizedCity/Textures/T_SignTEch_ORM.uexp" 7079
"D:/UE_project/Blaster/Content/Assets/SylizedCity/Materials/MI_TechLogo.uasset" 7080
"D:/UE_project/Blaster/Content/Assets/SylizedCity/Materials/MI_TechLogo.uexp" 7081
"D:/UE_project/Blaster/Content/Assets/SylizedCity/Models/SM_sign_tech.ubulk" 7082
"D:/UE_project/Blaster/Content/Assets/SylizedCity/Models/SM_sign_tech.uasset" 7083
"D:/UE_project/Blaster/Content/Assets/SylizedCity/Models/SM_sign_tech.uexp" 7084
"D:/UE_project/Blaster/Content/Assets/SylizedCity/Models/RoofSet/SM_RoofA2.ubulk" 7085
"D:/UE_project/Blaster/Content/Assets/SylizedCity/Models/RoofSet/SM_RoofA2.uasset" 7086
"D:/UE_project/Blaster/Content/Assets/SylizedCity/Models/RoofSet/SM_RoofA2.uexp" 7087
"D:/UE_project/Blaster/Content/Assets/SylizedCity/Models/Props/SM_Sign1.ubulk" 7088
"D:/UE_project/Blaster/Content/Assets/SylizedCity/Models/Props/SM_Sign1.uasset" 7089
"D:/UE_project/Blaster/Content/Assets/SylizedCity/Models/Props/SM_Sign1.uexp" 7090
"D:/UE_project/Blaster/Content/Assets/SylizedCity/Models/SM_BlockC2A.ubulk" 7091
"D:/UE_project/Blaster/Content/Assets/SylizedCity/Models/SM_BlockC2A.uasset" 7092
"D:/UE_project/Blaster/Content/Assets/SylizedCity/Models/SM_BlockC2A.uexp" 7093
"D:/UE_project/Blaster/Content/Assets/SylizedCity/Materials/MI_Wall4_Inst.uasset" 7094
"D:/UE_project/Blaster/Content/Assets/SylizedCity/Materials/MI_Wall4_Inst.uexp" 7095
"D:/UE_project/Blaster/Content/Assets/SylizedCity/Models/BGBuildings/SM_BGBuilding1.ubulk" 7096
"D:/UE_project/Blaster/Content/Assets/SylizedCity/Models/BGBuildings/SM_BGBuilding1.uasset" 7097
"D:/UE_project/Blaster/Content/Assets/SylizedCity/Models/BGBuildings/SM_BGBuilding1.uexp" 7098
"D:/UE_project/Blaster/Content/Assets/SylizedCity/Models/SM_Sign1.ubulk" 7099
"D:/UE_project/Blaster/Content/Assets/SylizedCity/Models/SM_Sign1.uasset" 7100
"D:/UE_project/Blaster/Content/Assets/SylizedCity/Models/SM_Sign1.uexp" 7101
"D:/UE_project/Blaster/Content/Assets/SylizedCity/Models/SM_BlockB1.ubulk" 7102
"D:/UE_project/Blaster/Content/Assets/SylizedCity/Models/SM_BlockB1.uasset" 7103
"D:/UE_project/Blaster/Content/Assets/SylizedCity/Models/SM_BlockB1.uexp" 7104
"D:/UE_project/Blaster/Content/Assets/SylizedCity/Models/SM_BlockA1.ubulk" 7105
"D:/UE_project/Blaster/Content/Assets/SylizedCity/Models/SM_BlockA1.uasset" 7106
"D:/UE_project/Blaster/Content/Assets/SylizedCity/Models/SM_BlockA1.uexp" 7107
"D:/UE_project/Blaster/Content/Assets/SylizedCity/Models/TramSet/SM_TramRail.ubulk" 7108
"D:/UE_project/Blaster/Content/Assets/SylizedCity/Models/TramSet/SM_TramRail.uasset" 7109
"D:/UE_project/Blaster/Content/Assets/SylizedCity/Models/TramSet/SM_TramRail.uexp" 7110
"D:/UE_project/Blaster/Content/Assets/SylizedCity/Textures/BrickWall/T_BrickWall2_BC.ubulk" 7111
"D:/UE_project/Blaster/Content/Assets/SylizedCity/Textures/BrickWall/T_BrickWall2_BC.uasset" 7112
"D:/UE_project/Blaster/Content/Assets/SylizedCity/Textures/BrickWall/T_BrickWall2_BC.uexp" 7113
"D:/UE_project/Blaster/Content/Assets/SylizedCity/Textures/BrickWall/T_BrickWall2_H.ubulk" 7114
"D:/UE_project/Blaster/Content/Assets/SylizedCity/Textures/BrickWall/T_BrickWall2_H.uasset" 7115
"D:/UE_project/Blaster/Content/Assets/SylizedCity/Textures/BrickWall/T_BrickWall2_H.uexp" 7116
"D:/UE_project/Blaster/Content/Assets/SylizedCity/Textures/BrickWall/T_BrickWall_N.ubulk" 7117
"D:/UE_project/Blaster/Content/Assets/SylizedCity/Textures/BrickWall/T_BrickWall_N.uasset" 7118
"D:/UE_project/Blaster/Content/Assets/SylizedCity/Textures/BrickWall/T_BrickWall_N.uexp" 7119
"D:/UE_project/Blaster/Content/Assets/SylizedCity/Textures/BrickWall/T_BrickWall_ORM.ubulk" 7120
"D:/UE_project/Blaster/Content/Assets/SylizedCity/Textures/BrickWall/T_BrickWall_ORM.uasset" 7121
"D:/UE_project/Blaster/Content/Assets/SylizedCity/Textures/BrickWall/T_BrickWall_ORM.uexp" 7122
"D:/UE_project/Blaster/Content/Assets/SylizedCity/Textures/BrickWall/T_BrickWall_BC.ubulk" 7123
"D:/UE_project/Blaster/Content/Assets/SylizedCity/Textures/BrickWall/T_BrickWall_BC.uasset" 7124
"D:/UE_project/Blaster/Content/Assets/SylizedCity/Textures/BrickWall/T_BrickWall_BC.uexp" 7125
"D:/UE_project/Blaster/Content/Assets/SylizedCity/Materials/MI_BrickWall.uasset" 7126
"D:/UE_project/Blaster/Content/Assets/SylizedCity/Materials/MI_BrickWall.uexp" 7127
"D:/UE_project/Blaster/Content/Assets/SylizedCity/Materials/MI_BrickWall2.uasset" 7128
"D:/UE_project/Blaster/Content/Assets/SylizedCity/Materials/MI_BrickWall2.uexp" 7129
"D:/UE_project/Blaster/Content/Assets/SylizedCity/Materials/MI_BrickWall3.uasset" 7130
"D:/UE_project/Blaster/Content/Assets/SylizedCity/Materials/MI_BrickWall3.uexp" 7131
"D:/UE_project/Blaster/Content/Assets/SylizedCity/Models/SM_Wires.ubulk" 7132
"D:/UE_project/Blaster/Content/Assets/SylizedCity/Models/SM_Wires.uasset" 7133
"D:/UE_project/Blaster/Content/Assets/SylizedCity/Models/SM_Wires.uexp" 7134
"D:/UE_project/Blaster/Content/Assets/SylizedCity/Models/Lanterns/SM_LanternCable.ubulk" 7135
"D:/UE_project/Blaster/Content/Assets/SylizedCity/Models/Lanterns/SM_LanternCable.uasset" 7136
"D:/UE_project/Blaster/Content/Assets/SylizedCity/Models/Lanterns/SM_LanternCable.uexp" 7137
"D:/UE_project/Blaster/Content/Assets/SylizedCity/Models/TramSet/SM_Cable1.ubulk" 7138
"D:/UE_project/Blaster/Content/Assets/SylizedCity/Models/TramSet/SM_Cable1.uasset" 7139
"D:/UE_project/Blaster/Content/Assets/SylizedCity/Models/TramSet/SM_Cable1.uexp" 7140
"D:/UE_project/Blaster/Content/Assets/SylizedCity/Models/Props/SM_Sing4.ubulk" 7141
"D:/UE_project/Blaster/Content/Assets/SylizedCity/Models/Props/SM_Sing4.uasset" 7142
"D:/UE_project/Blaster/Content/Assets/SylizedCity/Models/Props/SM_Sing4.uexp" 7143
"D:/UE_project/Blaster/Content/Assets/SylizedCity/Textures/T_SignNoodles_D.ubulk" 7144
"D:/UE_project/Blaster/Content/Assets/SylizedCity/Textures/T_SignNoodles_D.uasset" 7145
"D:/UE_project/Blaster/Content/Assets/SylizedCity/Textures/T_SignNoodles_D.uexp" 7146
"D:/UE_project/Blaster/Content/Assets/SylizedCity/Textures/T_SignNoodles_N.ubulk" 7147
"D:/UE_project/Blaster/Content/Assets/SylizedCity/Textures/T_SignNoodles_N.uasset" 7148
"D:/UE_project/Blaster/Content/Assets/SylizedCity/Textures/T_SignNoodles_N.uexp" 7149
"D:/UE_project/Blaster/Content/Assets/SylizedCity/Textures/T_SignNoodles_ORM.ubulk" 7150
"D:/UE_project/Blaster/Content/Assets/SylizedCity/Textures/T_SignNoodles_ORM.uasset" 7151
"D:/UE_project/Blaster/Content/Assets/SylizedCity/Textures/T_SignNoodles_ORM.uexp" 7152
"D:/UE_project/Blaster/Content/Assets/SylizedCity/Textures/T_SignNoodles_E.ubulk" 7153
"D:/UE_project/Blaster/Content/Assets/SylizedCity/Textures/T_SignNoodles_E.uasset" 7154
"D:/UE_project/Blaster/Content/Assets/SylizedCity/Textures/T_SignNoodles_E.uexp" 7155
"D:/UE_project/Blaster/Content/Assets/SylizedCity/Materials/MI_NoodlesLogo.uasset" 7156
"D:/UE_project/Blaster/Content/Assets/SylizedCity/Materials/MI_NoodlesLogo.uexp" 7157
"D:/UE_project/Blaster/Content/Assets/SylizedCity/Models/SM_signNoodles.ubulk" 7158
"D:/UE_project/Blaster/Content/Assets/SylizedCity/Models/SM_signNoodles.uasset" 7159
"D:/UE_project/Blaster/Content/Assets/SylizedCity/Models/SM_signNoodles.uexp" 7160
"D:/UE_project/Blaster/Content/Assets/SylizedCity/Models/RoofSet/SM_RoofD.ubulk" 7161
"D:/UE_project/Blaster/Content/Assets/SylizedCity/Models/RoofSet/SM_RoofD.uasset" 7162
"D:/UE_project/Blaster/Content/Assets/SylizedCity/Models/RoofSet/SM_RoofD.uexp" 7163
"D:/UE_project/Blaster/Content/Assets/SylizedCity/Models/TramSet/SM_TramRail2.ubulk" 7164
"D:/UE_project/Blaster/Content/Assets/SylizedCity/Models/TramSet/SM_TramRail2.uasset" 7165
"D:/UE_project/Blaster/Content/Assets/SylizedCity/Models/TramSet/SM_TramRail2.uexp" 7166
"D:/UE_project/Blaster/Content/Assets/SylizedCity/Models/WalkwaySet/SM_Pillar2.ubulk" 7167
"D:/UE_project/Blaster/Content/Assets/SylizedCity/Models/WalkwaySet/SM_Pillar2.uasset" 7168
"D:/UE_project/Blaster/Content/Assets/SylizedCity/Models/WalkwaySet/SM_Pillar2.uexp" 7169
"D:/UE_project/Blaster/Content/Assets/SylizedCity/Models/Decals/SM_StreetMarkings_Stop.ubulk" 7170
"D:/UE_project/Blaster/Content/Assets/SylizedCity/Models/Decals/SM_StreetMarkings_Stop.uasset" 7171
"D:/UE_project/Blaster/Content/Assets/SylizedCity/Models/Decals/SM_StreetMarkings_Stop.uexp" 7172
"D:/UE_project/Blaster/Content/Assets/SylizedCity/Models/SM_Vents_low_Cube_005.ubulk" 7173
"D:/UE_project/Blaster/Content/Assets/SylizedCity/Models/SM_Vents_low_Cube_005.uasset" 7174
"D:/UE_project/Blaster/Content/Assets/SylizedCity/Models/SM_Vents_low_Cube_005.uexp" 7175
"D:/UE_project/Blaster/Content/Assets/SylizedCity/Models/SM_ShopWindow.ubulk" 7176
"D:/UE_project/Blaster/Content/Assets/SylizedCity/Models/SM_ShopWindow.uasset" 7177
"D:/UE_project/Blaster/Content/Assets/SylizedCity/Models/SM_ShopWindow.uexp" 7178
"D:/UE_project/Blaster/Content/Assets/SylizedCity/Models/SM_ShopDoors.ubulk" 7179
"D:/UE_project/Blaster/Content/Assets/SylizedCity/Models/SM_ShopDoors.uasset" 7180
"D:/UE_project/Blaster/Content/Assets/SylizedCity/Models/SM_ShopDoors.uexp" 7181
"D:/UE_project/Blaster/Content/Assets/SylizedCity/Models/SM_StairsXL.ubulk" 7182
"D:/UE_project/Blaster/Content/Assets/SylizedCity/Models/SM_StairsXL.uasset" 7183
"D:/UE_project/Blaster/Content/Assets/SylizedCity/Models/SM_StairsXL.uexp" 7184
"D:/UE_project/Blaster/Content/Assets/SylizedCity/Models/SM_Stairs.ubulk" 7185
"D:/UE_project/Blaster/Content/Assets/SylizedCity/Models/SM_Stairs.uasset" 7186
"D:/UE_project/Blaster/Content/Assets/SylizedCity/Models/SM_Stairs.uexp" 7187
"D:/UE_project/Blaster/Content/Assets/Textures/UI_Buttom/T_UnCheck.uasset" 7188
"D:/UE_project/Blaster/Content/Assets/Textures/UI_Buttom/T_UnCheck.uexp" 7189
"D:/UE_project/Blaster/Content/Assets/Textures/UI_Buttom/T_Check.uasset" 7190
"D:/UE_project/Blaster/Content/Assets/Textures/UI_Buttom/T_Check.uexp" 7191
"D:/UE_project/Blaster/Content/Assets/Textures/UI_Buttom/T_ButtomBorder.uasset" 7192
"D:/UE_project/Blaster/Content/Assets/Textures/UI_Buttom/T_ButtomBorder.uexp" 7193
"D:/UE_project/Blaster/Plugins/MultiplayerSessions/Content/WBP_Menu.uasset" 7194
"D:/UE_project/Blaster/Plugins/MultiplayerSessions/Content/WBP_Menu.uexp" 7195
"D:/UE_project/Blaster/Content/Assets/SylizedCity/Textures/T_Cone_E.ubulk" 7196
"D:/UE_project/Blaster/Content/Assets/SylizedCity/Textures/T_Cone_E.uasset" 7197
"D:/UE_project/Blaster/Content/Assets/SylizedCity/Textures/T_Cone_E.uexp" 7198
"D:/UE_project/Blaster/Content/Assets/SylizedCity/Textures/T_Cone_N.ubulk" 7199
"D:/UE_project/Blaster/Content/Assets/SylizedCity/Textures/T_Cone_N.uasset" 7200
"D:/UE_project/Blaster/Content/Assets/SylizedCity/Textures/T_Cone_N.uexp" 7201
"D:/UE_project/Blaster/Content/Assets/SylizedCity/Textures/T_Cone_ORM.ubulk" 7202
"D:/UE_project/Blaster/Content/Assets/SylizedCity/Textures/T_Cone_ORM.uasset" 7203
"D:/UE_project/Blaster/Content/Assets/SylizedCity/Textures/T_Cone_ORM.uexp" 7204
"D:/UE_project/Blaster/Content/Assets/SylizedCity/Textures/T_Cone_BC.ubulk" 7205
"D:/UE_project/Blaster/Content/Assets/SylizedCity/Textures/T_Cone_BC.uasset" 7206
"D:/UE_project/Blaster/Content/Assets/SylizedCity/Textures/T_Cone_BC.uexp" 7207
"D:/UE_project/Blaster/Content/Assets/SylizedCity/Materials/MI_Cone.uasset" 7208
"D:/UE_project/Blaster/Content/Assets/SylizedCity/Materials/MI_Cone.uexp" 7209
"D:/UE_project/Blaster/Content/Assets/SylizedCity/Models/Props/SM_Cone.ubulk" 7210
"D:/UE_project/Blaster/Content/Assets/SylizedCity/Models/Props/SM_Cone.uasset" 7211
"D:/UE_project/Blaster/Content/Assets/SylizedCity/Models/Props/SM_Cone.uexp" 7212
"D:/UE_project/Blaster/Content/Assets/SylizedCity/Models/Props/SM_Tree1.uasset" 7213
"D:/UE_project/Blaster/Content/Assets/SylizedCity/Models/Props/SM_Tree1.uexp" 7214
"D:/UE_project/Blaster/Content/Assets/SylizedCity/Models/Vehicles/SM_Tram.ubulk" 7215
"D:/UE_project/Blaster/Content/Assets/SylizedCity/Models/Vehicles/SM_Tram.uasset" 7216
"D:/UE_project/Blaster/Content/Assets/SylizedCity/Models/Vehicles/SM_Tram.uexp" 7217
"D:/UE_project/Blaster/Content/Assets/SylizedCity/Models/Props/SM_AC.ubulk" 7218
"D:/UE_project/Blaster/Content/Assets/SylizedCity/Models/Props/SM_AC.uasset" 7219
"D:/UE_project/Blaster/Content/Assets/SylizedCity/Models/Props/SM_AC.uexp" 7220
"D:/UE_project/Blaster/Content/Assets/SylizedCity/Models/SM_GlassWall.ubulk" 7221
"D:/UE_project/Blaster/Content/Assets/SylizedCity/Models/SM_GlassWall.uasset" 7222
"D:/UE_project/Blaster/Content/Assets/SylizedCity/Models/SM_GlassWall.uexp" 7223
"D:/UE_project/Blaster/Content/Assets/SylizedCity/Models/StreetSet/SM_Sidewalk3.ubulk" 7224
"D:/UE_project/Blaster/Content/Assets/SylizedCity/Models/StreetSet/SM_Sidewalk3.uasset" 7225
"D:/UE_project/Blaster/Content/Assets/SylizedCity/Models/StreetSet/SM_Sidewalk3.uexp" 7226
"D:/UE_project/Blaster/Content/Assets/SylizedCity/Textures/chicken.ubulk" 7227
"D:/UE_project/Blaster/Content/Assets/SylizedCity/Textures/chicken.uasset" 7228
"D:/UE_project/Blaster/Content/Assets/SylizedCity/Textures/chicken.uexp" 7229
"D:/UE_project/Blaster/Content/Assets/SylizedCity/Materials/M_signs3.uasset" 7230
"D:/UE_project/Blaster/Content/Assets/SylizedCity/Materials/M_signs3.uexp" 7231
"D:/UE_project/Blaster/Content/Assets/SylizedCity/Models/Props/SM_Sign6.ubulk" 7232
"D:/UE_project/Blaster/Content/Assets/SylizedCity/Models/Props/SM_Sign6.uasset" 7233
"D:/UE_project/Blaster/Content/Assets/SylizedCity/Models/Props/SM_Sign6.uexp" 7234
"D:/UE_project/Blaster/Content/Assets/SylizedCity/Models/RoofSet/SM_RoofA1.ubulk" 7235
"D:/UE_project/Blaster/Content/Assets/SylizedCity/Models/RoofSet/SM_RoofA1.uasset" 7236
"D:/UE_project/Blaster/Content/Assets/SylizedCity/Models/RoofSet/SM_RoofA1.uexp" 7237
"D:/UE_project/Blaster/Content/Assets/SylizedCity/Models/Props/SM_Pipe1.ubulk" 7238
"D:/UE_project/Blaster/Content/Assets/SylizedCity/Models/Props/SM_Pipe1.uasset" 7239
"D:/UE_project/Blaster/Content/Assets/SylizedCity/Models/Props/SM_Pipe1.uexp" 7240
"D:/UE_project/Blaster/Content/Assets/SylizedCity/Models/Lanterns/SM_Lantern2.ubulk" 7241
"D:/UE_project/Blaster/Content/Assets/SylizedCity/Models/Lanterns/SM_Lantern2.uasset" 7242
"D:/UE_project/Blaster/Content/Assets/SylizedCity/Models/Lanterns/SM_Lantern2.uexp" 7243
"D:/UE_project/Blaster/Content/Assets/SylizedCity/Models/SM_Sign2.ubulk" 7244
"D:/UE_project/Blaster/Content/Assets/SylizedCity/Models/SM_Sign2.uasset" 7245
"D:/UE_project/Blaster/Content/Assets/SylizedCity/Models/SM_Sign2.uexp" 7246
"D:/UE_project/Blaster/Content/Assets/SylizedCity/Models/Decals/SM_StreetMarkings_Writing2.ubulk" 7247
"D:/UE_project/Blaster/Content/Assets/SylizedCity/Models/Decals/SM_StreetMarkings_Writing2.uasset" 7248
"D:/UE_project/Blaster/Content/Assets/SylizedCity/Models/Decals/SM_StreetMarkings_Writing2.uexp" 7249
"D:/UE_project/Blaster/Content/Assets/SylizedCity/Models/WalkwaySet/SM_Pillar1.ubulk" 7250
"D:/UE_project/Blaster/Content/Assets/SylizedCity/Models/WalkwaySet/SM_Pillar1.uasset" 7251
"D:/UE_project/Blaster/Content/Assets/SylizedCity/Models/WalkwaySet/SM_Pillar1.uexp" 7252
"D:/UE_project/Blaster/Content/Assets/SylizedCity/Textures/grafitti1.ubulk" 7253
"D:/UE_project/Blaster/Content/Assets/SylizedCity/Textures/grafitti1.uasset" 7254
"D:/UE_project/Blaster/Content/Assets/SylizedCity/Textures/grafitti1.uexp" 7255
"D:/UE_project/Blaster/Content/Assets/SylizedCity/Materials/MI_grafitti1.uasset" 7256
"D:/UE_project/Blaster/Content/Assets/SylizedCity/Materials/MI_grafitti1.uexp" 7257
"D:/UE_project/Blaster/Content/Assets/SylizedCity/Models/SM_BlockC2B.ubulk" 7258
"D:/UE_project/Blaster/Content/Assets/SylizedCity/Models/SM_BlockC2B.uasset" 7259
"D:/UE_project/Blaster/Content/Assets/SylizedCity/Models/SM_BlockC2B.uexp" 7260
"D:/UE_project/Blaster/Content/Assets/SylizedCity/Models/BGBuildings/SM_BGBuilding3.ubulk" 7261
"D:/UE_project/Blaster/Content/Assets/SylizedCity/Models/BGBuildings/SM_BGBuilding3.uasset" 7262
"D:/UE_project/Blaster/Content/Assets/SylizedCity/Models/BGBuildings/SM_BGBuilding3.uexp" 7263
"D:/UE_project/Blaster/Content/Assets/SylizedCity/Models/Props/SM_Trash.ubulk" 7264
"D:/UE_project/Blaster/Content/Assets/SylizedCity/Models/Props/SM_Trash.uasset" 7265
"D:/UE_project/Blaster/Content/Assets/SylizedCity/Models/Props/SM_Trash.uexp" 7266
"D:/UE_project/Blaster/Content/Assets/SylizedCity/Models/Lanterns/SM_Lantern3.ubulk" 7267
"D:/UE_project/Blaster/Content/Assets/SylizedCity/Models/Lanterns/SM_Lantern3.uasset" 7268
"D:/UE_project/Blaster/Content/Assets/SylizedCity/Models/Lanterns/SM_Lantern3.uexp" 7269
"D:/UE_project/Blaster/Content/Assets/SylizedCity/Models/Props/SM_WindowRoof1.ubulk" 7270
"D:/UE_project/Blaster/Content/Assets/SylizedCity/Models/Props/SM_WindowRoof1.uasset" 7271
"D:/UE_project/Blaster/Content/Assets/SylizedCity/Models/Props/SM_WindowRoof1.uexp" 7272
"D:/UE_project/Blaster/Content/Assets/SylizedCity/Models/Decals/SM_StreetMarkings_Line2.ubulk" 7273
"D:/UE_project/Blaster/Content/Assets/SylizedCity/Models/Decals/SM_StreetMarkings_Line2.uasset" 7274
"D:/UE_project/Blaster/Content/Assets/SylizedCity/Models/Decals/SM_StreetMarkings_Line2.uexp" 7275
"D:/UE_project/Blaster/Content/Maps/GameStartupMap_BuiltData.ubulk" 7276
"D:/UE_project/Blaster/Content/Maps/GameStartupMap_BuiltData.uasset" 7277
"D:/UE_project/Blaster/Content/Maps/GameStartupMap_BuiltData.uexp" 7278
"D:/UE_project/Blaster/Content/Assets/SylizedCity/Textures/T_Foliage_A.ubulk" 7279
"D:/UE_project/Blaster/Content/Assets/SylizedCity/Textures/T_Foliage_A.uasset" 7280
"D:/UE_project/Blaster/Content/Assets/SylizedCity/Textures/T_Foliage_A.uexp" 7281
"D:/UE_project/Blaster/Content/Assets/SylizedCity/Textures/T_Foliage_N.ubulk" 7282
"D:/UE_project/Blaster/Content/Assets/SylizedCity/Textures/T_Foliage_N.uasset" 7283
"D:/UE_project/Blaster/Content/Assets/SylizedCity/Textures/T_Foliage_N.uexp" 7284
"D:/UE_project/Blaster/Content/Assets/SylizedCity/Textures/T_Foliage_MT.ubulk" 7285
"D:/UE_project/Blaster/Content/Assets/SylizedCity/Textures/T_Foliage_MT.uasset" 7286
"D:/UE_project/Blaster/Content/Assets/SylizedCity/Textures/T_Foliage_MT.uexp" 7287
"D:/UE_project/Blaster/Content/Assets/SylizedCity/Materials/M_Ivy.uasset" 7288
"D:/UE_project/Blaster/Content/Assets/SylizedCity/Materials/M_Ivy.uexp" 7289
"D:/UE_project/Blaster/Content/Assets/SylizedCity/Models/Props/SM_Ivy3.ubulk" 7290
"D:/UE_project/Blaster/Content/Assets/SylizedCity/Models/Props/SM_Ivy3.uasset" 7291
"D:/UE_project/Blaster/Content/Assets/SylizedCity/Models/Props/SM_Ivy3.uexp" 7292
"D:/UE_project/Blaster/Content/Assets/SylizedCity/Models/Decals/SM_StreetMarkings_Line.ubulk" 7293
"D:/UE_project/Blaster/Content/Assets/SylizedCity/Models/Decals/SM_StreetMarkings_Line.uasset" 7294
"D:/UE_project/Blaster/Content/Assets/SylizedCity/Models/Decals/SM_StreetMarkings_Line.uexp" 7295
"D:/UE_project/Blaster/Content/Assets/SylizedCity/Models/Vehicles/SM_CarTire3.ubulk" 7296
"D:/UE_project/Blaster/Content/Assets/SylizedCity/Models/Vehicles/SM_CarTire3.uasset" 7297
"D:/UE_project/Blaster/Content/Assets/SylizedCity/Models/Vehicles/SM_CarTire3.uexp" 7298
"D:/UE_project/Blaster/Content/Assets/SylizedCity/Textures/Vehicles/T_PoliceLights_BC.ubulk" 7299
"D:/UE_project/Blaster/Content/Assets/SylizedCity/Textures/Vehicles/T_PoliceLights_BC.uasset" 7300
"D:/UE_project/Blaster/Content/Assets/SylizedCity/Textures/Vehicles/T_PoliceLights_BC.uexp" 7301
"D:/UE_project/Blaster/Content/Assets/SylizedCity/Textures/Vehicles/T_PoliceLights_N.ubulk" 7302
"D:/UE_project/Blaster/Content/Assets/SylizedCity/Textures/Vehicles/T_PoliceLights_N.uasset" 7303
"D:/UE_project/Blaster/Content/Assets/SylizedCity/Textures/Vehicles/T_PoliceLights_N.uexp" 7304
"D:/UE_project/Blaster/Content/Assets/SylizedCity/Textures/Vehicles/T_PoliceLights_E.ubulk" 7305
"D:/UE_project/Blaster/Content/Assets/SylizedCity/Textures/Vehicles/T_PoliceLights_E.uasset" 7306
"D:/UE_project/Blaster/Content/Assets/SylizedCity/Textures/Vehicles/T_PoliceLights_E.uexp" 7307
"D:/UE_project/Blaster/Content/Assets/SylizedCity/Textures/Vehicles/T_PoliceLights_ORM.ubulk" 7308
"D:/UE_project/Blaster/Content/Assets/SylizedCity/Textures/Vehicles/T_PoliceLights_ORM.uasset" 7309
"D:/UE_project/Blaster/Content/Assets/SylizedCity/Textures/Vehicles/T_PoliceLights_ORM.uexp" 7310
"D:/UE_project/Blaster/Content/Assets/SylizedCity/Materials/M_PoliceLights_Blue.uasset" 7311
"D:/UE_project/Blaster/Content/Assets/SylizedCity/Materials/M_PoliceLights_Blue.uexp" 7312
"D:/UE_project/Blaster/Content/Assets/SylizedCity/Materials/MI_PoliceLights.uasset" 7313
"D:/UE_project/Blaster/Content/Assets/SylizedCity/Materials/MI_PoliceLights.uexp" 7314
"D:/UE_project/Blaster/Content/Assets/SylizedCity/Models/Vehicles/SM_PoliceLights.ubulk" 7315
"D:/UE_project/Blaster/Content/Assets/SylizedCity/Models/Vehicles/SM_PoliceLights.uasset" 7316
"D:/UE_project/Blaster/Content/Assets/SylizedCity/Models/Vehicles/SM_PoliceLights.uexp" 7317
"D:/UE_project/Blaster/Content/Assets/SylizedCity/Models/Vehicles/SM_CarTire2.ubulk" 7318
"D:/UE_project/Blaster/Content/Assets/SylizedCity/Models/Vehicles/SM_CarTire2.uasset" 7319
"D:/UE_project/Blaster/Content/Assets/SylizedCity/Models/Vehicles/SM_CarTire2.uexp" 7320
"D:/UE_project/Blaster/Content/Assets/SylizedCity/Models/Vehicles/SM_PoliceLights2.ubulk" 7321
"D:/UE_project/Blaster/Content/Assets/SylizedCity/Models/Vehicles/SM_PoliceLights2.uasset" 7322
"D:/UE_project/Blaster/Content/Assets/SylizedCity/Models/Vehicles/SM_PoliceLights2.uexp" 7323
"D:/UE_project/Blaster/Content/Assets/SylizedCity/Models/Vehicles/SM_CarTire4.ubulk" 7324
"D:/UE_project/Blaster/Content/Assets/SylizedCity/Models/Vehicles/SM_CarTire4.uasset" 7325
"D:/UE_project/Blaster/Content/Assets/SylizedCity/Models/Vehicles/SM_CarTire4.uexp" 7326
"D:/UE_project/Blaster/Content/Assets/SylizedCity/Models/Vehicles/SM_CarTire1.ubulk" 7327
"D:/UE_project/Blaster/Content/Assets/SylizedCity/Models/Vehicles/SM_CarTire1.uasset" 7328
"D:/UE_project/Blaster/Content/Assets/SylizedCity/Models/Vehicles/SM_CarTire1.uexp" 7329
"D:/UE_project/Blaster/Content/Assets/SylizedCity/Textures/Vehicles/T_CarPolice_BC.ubulk" 7330
"D:/UE_project/Blaster/Content/Assets/SylizedCity/Textures/Vehicles/T_CarPolice_BC.uasset" 7331
"D:/UE_project/Blaster/Content/Assets/SylizedCity/Textures/Vehicles/T_CarPolice_BC.uexp" 7332
"D:/UE_project/Blaster/Content/Assets/SylizedCity/Materials/MI_Car2.uasset" 7333
"D:/UE_project/Blaster/Content/Assets/SylizedCity/Materials/MI_Car2.uexp" 7334
"D:/UE_project/Blaster/Content/Assets/SylizedCity/Models/Vehicles/SM_PoliceCar.ubulk" 7335
"D:/UE_project/Blaster/Content/Assets/SylizedCity/Models/Vehicles/SM_PoliceCar.uasset" 7336
"D:/UE_project/Blaster/Content/Assets/SylizedCity/Models/Vehicles/SM_PoliceCar.uexp" 7337
"D:/UE_project/Blaster/Content/Assets/SylizedCity/Materials/MI_PoliceLights_Red.uasset" 7338
"D:/UE_project/Blaster/Content/Assets/SylizedCity/Materials/MI_PoliceLights_Red.uexp" 7339
"D:/UE_project/Blaster/Content/Assets/SylizedCity/Models/Vehicles/SM_PoliceLights1.ubulk" 7340
"D:/UE_project/Blaster/Content/Assets/SylizedCity/Models/Vehicles/SM_PoliceLights1.uasset" 7341
"D:/UE_project/Blaster/Content/Assets/SylizedCity/Models/Vehicles/SM_PoliceLights1.uexp" 7342
"D:/UE_project/Blaster/Content/Assets/SylizedCity/Blueprints/BP_PoliceCar.uasset" 7343
"D:/UE_project/Blaster/Content/Assets/SylizedCity/Blueprints/BP_PoliceCar.uexp" 7344
"D:/UE_project/Blaster/Content/Assets/SylizedCity/Textures/grafitti2.ubulk" 7345
"D:/UE_project/Blaster/Content/Assets/SylizedCity/Textures/grafitti2.uasset" 7346
"D:/UE_project/Blaster/Content/Assets/SylizedCity/Textures/grafitti2.uexp" 7347
"D:/UE_project/Blaster/Content/Assets/SylizedCity/Materials/MI_grafitti2.uasset" 7348
"D:/UE_project/Blaster/Content/Assets/SylizedCity/Materials/MI_grafitti2.uexp" 7349
"D:/UE_project/Blaster/Content/Assets/SylizedCity/Textures/grafitti4.ubulk" 7350
"D:/UE_project/Blaster/Content/Assets/SylizedCity/Textures/grafitti4.uasset" 7351
"D:/UE_project/Blaster/Content/Assets/SylizedCity/Textures/grafitti4.uexp" 7352
"D:/UE_project/Blaster/Content/Assets/SylizedCity/Materials/MI_Grafitti4.uasset" 7353
"D:/UE_project/Blaster/Content/Assets/SylizedCity/Materials/MI_Grafitti4.uexp" 7354
"D:/UE_project/Blaster/Content/Assets/SylizedCity/Materials/MI_Windows_Inst1.uasset" 7355
"D:/UE_project/Blaster/Content/Assets/SylizedCity/Materials/MI_Windows_Inst1.uexp" 7356
"D:/UE_project/Blaster/Content/Assets/SylizedCity/Models/Props/SM_Sign11.ubulk" 7357
"D:/UE_project/Blaster/Content/Assets/SylizedCity/Models/Props/SM_Sign11.uasset" 7358
"D:/UE_project/Blaster/Content/Assets/SylizedCity/Models/Props/SM_Sign11.uexp" 7359
"D:/UE_project/Blaster/Content/Assets/SylizedCity/Materials/MI_ConcreteWall3_Inst_2.uasset" 7360
"D:/UE_project/Blaster/Content/Assets/SylizedCity/Materials/MI_ConcreteWall3_Inst_2.uexp" 7361
"D:/UE_project/Blaster/Content/Assets/SylizedCity/Models/Props/SM_WindowRoof2.ubulk" 7362
"D:/UE_project/Blaster/Content/Assets/SylizedCity/Models/Props/SM_WindowRoof2.uasset" 7363
"D:/UE_project/Blaster/Content/Assets/SylizedCity/Models/Props/SM_WindowRoof2.uexp" 7364
"D:/UE_project/Blaster/Content/Assets/SylizedCity/Textures/T_Pavement_ORM.ubulk" 7365
"D:/UE_project/Blaster/Content/Assets/SylizedCity/Textures/T_Pavement_ORM.uasset" 7366
"D:/UE_project/Blaster/Content/Assets/SylizedCity/Textures/T_Pavement_ORM.uexp" 7367
"D:/UE_project/Blaster/Content/Assets/SylizedCity/Textures/T_Pavement_D.ubulk" 7368
"D:/UE_project/Blaster/Content/Assets/SylizedCity/Textures/T_Pavement_D.uasset" 7369
"D:/UE_project/Blaster/Content/Assets/SylizedCity/Textures/T_Pavement_D.uexp" 7370
"D:/UE_project/Blaster/Content/Assets/SylizedCity/Textures/T_Pavement_N.ubulk" 7371
"D:/UE_project/Blaster/Content/Assets/SylizedCity/Textures/T_Pavement_N.uasset" 7372
"D:/UE_project/Blaster/Content/Assets/SylizedCity/Textures/T_Pavement_N.uexp" 7373
"D:/UE_project/Blaster/Content/Assets/SylizedCity/Materials/MI_Pavement2.uasset" 7374
"D:/UE_project/Blaster/Content/Assets/SylizedCity/Materials/MI_Pavement2.uexp" 7375
"D:/UE_project/Blaster/Content/Assets/SylizedCity/Models/Props/SM_Sign10.ubulk" 7376
"D:/UE_project/Blaster/Content/Assets/SylizedCity/Models/Props/SM_Sign10.uasset" 7377
"D:/UE_project/Blaster/Content/Assets/SylizedCity/Models/Props/SM_Sign10.uexp" 7378
"D:/UE_project/Blaster/Content/Assets/SylizedCity/Models/SM_BlockC1.ubulk" 7379
"D:/UE_project/Blaster/Content/Assets/SylizedCity/Models/SM_BlockC1.uasset" 7380
"D:/UE_project/Blaster/Content/Assets/SylizedCity/Models/SM_BlockC1.uexp" 7381
"D:/UE_project/Blaster/Content/Assets/SylizedCity/Models/StreetSet/SM_Sidewalk4.ubulk" 7382
"D:/UE_project/Blaster/Content/Assets/SylizedCity/Models/StreetSet/SM_Sidewalk4.uasset" 7383
"D:/UE_project/Blaster/Content/Assets/SylizedCity/Models/StreetSet/SM_Sidewalk4.uexp" 7384
"D:/UE_project/Blaster/Content/Assets/SylizedCity/Textures/T_Plant_MT.ubulk" 7385
"D:/UE_project/Blaster/Content/Assets/SylizedCity/Textures/T_Plant_MT.uasset" 7386
"D:/UE_project/Blaster/Content/Assets/SylizedCity/Textures/T_Plant_MT.uexp" 7387
"D:/UE_project/Blaster/Content/Assets/SylizedCity/Textures/T_Plant_A.ubulk" 7388
"D:/UE_project/Blaster/Content/Assets/SylizedCity/Textures/T_Plant_A.uasset" 7389
"D:/UE_project/Blaster/Content/Assets/SylizedCity/Textures/T_Plant_A.uexp" 7390
"D:/UE_project/Blaster/Content/Assets/SylizedCity/Textures/T_Plant_N.ubulk" 7391
"D:/UE_project/Blaster/Content/Assets/SylizedCity/Textures/T_Plant_N.uasset" 7392
"D:/UE_project/Blaster/Content/Assets/SylizedCity/Textures/T_Plant_N.uexp" 7393
"D:/UE_project/Blaster/Content/Assets/SylizedCity/Materials/MI_Plant.uasset" 7394
"D:/UE_project/Blaster/Content/Assets/SylizedCity/Materials/MI_Plant.uexp" 7395
"D:/UE_project/Blaster/Content/Assets/SylizedCity/Models/Props/SM_Plant1.ubulk" 7396
"D:/UE_project/Blaster/Content/Assets/SylizedCity/Models/Props/SM_Plant1.uasset" 7397
"D:/UE_project/Blaster/Content/Assets/SylizedCity/Models/Props/SM_Plant1.uexp" 7398
"D:/UE_project/Blaster/Content/Assets/SylizedCity/Models/SM_SignWalk.ubulk" 7399
"D:/UE_project/Blaster/Content/Assets/SylizedCity/Models/SM_SignWalk.uasset" 7400
"D:/UE_project/Blaster/Content/Assets/SylizedCity/Models/SM_SignWalk.uexp" 7401
"D:/UE_project/Blaster/Content/Assets/SylizedCity/Models/RoofSet/SM_RoofC.ubulk" 7402
"D:/UE_project/Blaster/Content/Assets/SylizedCity/Models/RoofSet/SM_RoofC.uasset" 7403
"D:/UE_project/Blaster/Content/Assets/SylizedCity/Models/RoofSet/SM_RoofC.uexp" 7404
"D:/UE_project/Blaster/Content/Assets/SylizedCity/Models/SM_BlockD_001.ubulk" 7405
"D:/UE_project/Blaster/Content/Assets/SylizedCity/Models/SM_BlockD_001.uasset" 7406
"D:/UE_project/Blaster/Content/Assets/SylizedCity/Models/SM_BlockD_001.uexp" 7407
"D:/UE_project/Blaster/Content/Assets/SylizedCity/Textures/grafitti3.ubulk" 7408
"D:/UE_project/Blaster/Content/Assets/SylizedCity/Textures/grafitti3.uasset" 7409
"D:/UE_project/Blaster/Content/Assets/SylizedCity/Textures/grafitti3.uexp" 7410
"D:/UE_project/Blaster/Content/Assets/SylizedCity/Materials/MI_grafitti3.uasset" 7411
"D:/UE_project/Blaster/Content/Assets/SylizedCity/Materials/MI_grafitti3.uexp" 7412
"D:/UE_project/Blaster/Content/Assets/SylizedCity/Materials/M_BGB2.uasset" 7413
"D:/UE_project/Blaster/Content/Assets/SylizedCity/Materials/M_BGB2.uexp" 7414
"D:/UE_project/Blaster/Content/Assets/SylizedCity/Models/SM_Tunnel.ubulk" 7415
"D:/UE_project/Blaster/Content/Assets/SylizedCity/Models/SM_Tunnel.uasset" 7416
"D:/UE_project/Blaster/Content/Assets/SylizedCity/Models/SM_Tunnel.uexp" 7417
"D:/UE_project/Blaster/Content/Assets/SylizedCity/Materials/M_Window.uasset" 7418
"D:/UE_project/Blaster/Content/Assets/SylizedCity/Materials/M_Window.uexp" 7419
"D:/UE_project/Blaster/Content/Assets/SylizedCity/Models/TramSet/SM_TramStop.ubulk" 7420
"D:/UE_project/Blaster/Content/Assets/SylizedCity/Models/TramSet/SM_TramStop.uasset" 7421
"D:/UE_project/Blaster/Content/Assets/SylizedCity/Models/TramSet/SM_TramStop.uexp" 7422
"D:/UE_project/Blaster/Content/Assets/SylizedCity/Models/Props/SM_Sign7.ubulk" 7423
"D:/UE_project/Blaster/Content/Assets/SylizedCity/Models/Props/SM_Sign7.uasset" 7424
"D:/UE_project/Blaster/Content/Assets/SylizedCity/Models/Props/SM_Sign7.uexp" 7425
"D:/UE_project/Blaster/Content/Assets/SylizedCity/Models/SM_Passage.ubulk" 7426
"D:/UE_project/Blaster/Content/Assets/SylizedCity/Models/SM_Passage.uasset" 7427
"D:/UE_project/Blaster/Content/Assets/SylizedCity/Models/SM_Passage.uexp" 7428
"D:/UE_project/Blaster/Content/Assets/SylizedCity/Models/SM_ShopDoors2.ubulk" 7429
"D:/UE_project/Blaster/Content/Assets/SylizedCity/Models/SM_ShopDoors2.uasset" 7430
"D:/UE_project/Blaster/Content/Assets/SylizedCity/Models/SM_ShopDoors2.uexp" 7431
"D:/UE_project/Blaster/Content/Assets/SylizedCity/Models/Props/SM_Ivy2.ubulk" 7432
"D:/UE_project/Blaster/Content/Assets/SylizedCity/Models/Props/SM_Ivy2.uasset" 7433
"D:/UE_project/Blaster/Content/Assets/SylizedCity/Models/Props/SM_Ivy2.uexp" 7434
"D:/UE_project/Blaster/Content/Assets/SylizedCity/Models/StreetSet/SM_Sidewalk1.ubulk" 7435
"D:/UE_project/Blaster/Content/Assets/SylizedCity/Models/StreetSet/SM_Sidewalk1.uasset" 7436
"D:/UE_project/Blaster/Content/Assets/SylizedCity/Models/StreetSet/SM_Sidewalk1.uexp" 7437
"D:/UE_project/Blaster/Content/Assets/SylizedCity/Models/Props/SM_Plant2.ubulk" 7438
"D:/UE_project/Blaster/Content/Assets/SylizedCity/Models/Props/SM_Plant2.uasset" 7439
"D:/UE_project/Blaster/Content/Assets/SylizedCity/Models/Props/SM_Plant2.uexp" 7440
"D:/UE_project/Blaster/Content/Assets/SylizedCity/Models/TramSet/SM_Cable2.ubulk" 7441
"D:/UE_project/Blaster/Content/Assets/SylizedCity/Models/TramSet/SM_Cable2.uasset" 7442
"D:/UE_project/Blaster/Content/Assets/SylizedCity/Models/TramSet/SM_Cable2.uexp" 7443
"D:/UE_project/Blaster/Content/Assets/SylizedCity/Models/TramSet/SM_Pole.ubulk" 7444
"D:/UE_project/Blaster/Content/Assets/SylizedCity/Models/TramSet/SM_Pole.uasset" 7445
"D:/UE_project/Blaster/Content/Assets/SylizedCity/Models/TramSet/SM_Pole.uexp" 7446
"D:/UE_project/Blaster/Content/Assets/SylizedCity/Models/Props/SM_Sign5.ubulk" 7447
"D:/UE_project/Blaster/Content/Assets/SylizedCity/Models/Props/SM_Sign5.uasset" 7448
"D:/UE_project/Blaster/Content/Assets/SylizedCity/Models/Props/SM_Sign5.uexp" 7449
"D:/UE_project/Blaster/Content/Assets/SylizedCity/Models/StreetSet/SM_Road1.ubulk" 7450
"D:/UE_project/Blaster/Content/Assets/SylizedCity/Models/StreetSet/SM_Road1.uasset" 7451
"D:/UE_project/Blaster/Content/Assets/SylizedCity/Models/StreetSet/SM_Road1.uexp" 7452
"D:/UE_project/Blaster/Content/Assets/SylizedCity/Models/SM_Wall2.ubulk" 7453
"D:/UE_project/Blaster/Content/Assets/SylizedCity/Models/SM_Wall2.uasset" 7454
"D:/UE_project/Blaster/Content/Assets/SylizedCity/Models/SM_Wall2.uexp" 7455
"D:/UE_project/Blaster/Content/Assets/SylizedCity/Models/SM_Fence2.ubulk" 7456
"D:/UE_project/Blaster/Content/Assets/SylizedCity/Models/SM_Fence2.uasset" 7457
"D:/UE_project/Blaster/Content/Assets/SylizedCity/Models/SM_Fence2.uexp" 7458
"D:/UE_project/Blaster/Content/Assets/SylizedCity/Models/SM_Wall1.ubulk" 7459
"D:/UE_project/Blaster/Content/Assets/SylizedCity/Models/SM_Wall1.uasset" 7460
"D:/UE_project/Blaster/Content/Assets/SylizedCity/Models/SM_Wall1.uexp" 7461
"D:/UE_project/Blaster/Content/Assets/SylizedCity/Models/RoofSet/SM_RoofB1.ubulk" 7462
"D:/UE_project/Blaster/Content/Assets/SylizedCity/Models/RoofSet/SM_RoofB1.uasset" 7463
"D:/UE_project/Blaster/Content/Assets/SylizedCity/Models/RoofSet/SM_RoofB1.uexp" 7464
"D:/UE_project/Blaster/Content/Assets/SylizedCity/Models/BGBuildings/SM_BGBuilding2.ubulk" 7465
"D:/UE_project/Blaster/Content/Assets/SylizedCity/Models/BGBuildings/SM_BGBuilding2.uasset" 7466
"D:/UE_project/Blaster/Content/Assets/SylizedCity/Models/BGBuildings/SM_BGBuilding2.uexp" 7467
"D:/UE_project/Blaster/Content/Assets/SylizedCity/Materials/MI_StreetMarkings_Red.uasset" 7468
"D:/UE_project/Blaster/Content/Assets/SylizedCity/Materials/MI_StreetMarkings_Red.uexp" 7469
"D:/UE_project/Blaster/Content/Assets/SylizedCity/Models/SM_SignArrow.ubulk" 7470
"D:/UE_project/Blaster/Content/Assets/SylizedCity/Models/SM_SignArrow.uasset" 7471
"D:/UE_project/Blaster/Content/Assets/SylizedCity/Models/SM_SignArrow.uexp" 7472
"D:/UE_project/Blaster/Content/Assets/SylizedCity/Models/Lanterns/SM_Lantern1.ubulk" 7473
"D:/UE_project/Blaster/Content/Assets/SylizedCity/Models/Lanterns/SM_Lantern1.uasset" 7474
"D:/UE_project/Blaster/Content/Assets/SylizedCity/Models/Lanterns/SM_Lantern1.uexp" 7475
"D:/UE_project/Blaster/Content/Assets/SylizedCity/Models/Decals/SM_StreetMarkings_Arrow1.ubulk" 7476
"D:/UE_project/Blaster/Content/Assets/SylizedCity/Models/Decals/SM_StreetMarkings_Arrow1.uasset" 7477
"D:/UE_project/Blaster/Content/Assets/SylizedCity/Models/Decals/SM_StreetMarkings_Arrow1.uexp" 7478
"D:/UE_project/Blaster/Content/Assets/SylizedCity/Materials/MI_WallTile4_Inst.uasset" 7479
"D:/UE_project/Blaster/Content/Assets/SylizedCity/Materials/MI_WallTile4_Inst.uexp" 7480
"D:/UE_project/Blaster/Content/Assets/SylizedCity/Models/Props/SM_Sign9.ubulk" 7481
"D:/UE_project/Blaster/Content/Assets/SylizedCity/Models/Props/SM_Sign9.uasset" 7482
"D:/UE_project/Blaster/Content/Assets/SylizedCity/Models/Props/SM_Sign9.uexp" 7483
"D:/UE_project/Blaster/Content/Assets/SylizedCity/Models/SM_Fence2XL.ubulk" 7484
"D:/UE_project/Blaster/Content/Assets/SylizedCity/Models/SM_Fence2XL.uasset" 7485
"D:/UE_project/Blaster/Content/Assets/SylizedCity/Models/SM_Fence2XL.uexp" 7486
"D:/UE_project/Blaster/Content/Assets/SylizedCity/Models/SM_BlockA2.ubulk" 7487
"D:/UE_project/Blaster/Content/Assets/SylizedCity/Models/SM_BlockA2.uasset" 7488
"D:/UE_project/Blaster/Content/Assets/SylizedCity/Models/SM_BlockA2.uexp" 7489
"D:/UE_project/Blaster/Content/Assets/SylizedCity/Models/Props/SM_Tree2.uasset" 7490
"D:/UE_project/Blaster/Content/Assets/SylizedCity/Models/Props/SM_Tree2.uexp" 7491
"D:/UE_project/Blaster/Content/Assets/SylizedCity/Materials/MI_Windows_Inst_Inst_Inst1.uasset" 7492
"D:/UE_project/Blaster/Content/Assets/SylizedCity/Materials/MI_Windows_Inst_Inst_Inst1.uexp" 7493
"D:/UE_project/Blaster/Content/Assets/SylizedCity/Textures/Vehicles/T_Bike_BC.ubulk" 7494
"D:/UE_project/Blaster/Content/Assets/SylizedCity/Textures/Vehicles/T_Bike_BC.uasset" 7495
"D:/UE_project/Blaster/Content/Assets/SylizedCity/Textures/Vehicles/T_Bike_BC.uexp" 7496
"D:/UE_project/Blaster/Content/Assets/SylizedCity/Textures/Vehicles/T_Bike_N.ubulk" 7497
"D:/UE_project/Blaster/Content/Assets/SylizedCity/Textures/Vehicles/T_Bike_N.uasset" 7498
"D:/UE_project/Blaster/Content/Assets/SylizedCity/Textures/Vehicles/T_Bike_N.uexp" 7499
"D:/UE_project/Blaster/Content/Assets/SylizedCity/Textures/Vehicles/T_Bike_ORM.ubulk" 7500
"D:/UE_project/Blaster/Content/Assets/SylizedCity/Textures/Vehicles/T_Bike_ORM.uasset" 7501
"D:/UE_project/Blaster/Content/Assets/SylizedCity/Textures/Vehicles/T_Bike_ORM.uexp" 7502
"D:/UE_project/Blaster/Content/Assets/SylizedCity/Materials/MI_Bike.uasset" 7503
"D:/UE_project/Blaster/Content/Assets/SylizedCity/Materials/MI_Bike.uexp" 7504
"D:/UE_project/Blaster/Content/Assets/SylizedCity/Models/Vehicles/SM_BikeTIre1.ubulk" 7505
"D:/UE_project/Blaster/Content/Assets/SylizedCity/Models/Vehicles/SM_BikeTIre1.uasset" 7506
"D:/UE_project/Blaster/Content/Assets/SylizedCity/Models/Vehicles/SM_BikeTIre1.uexp" 7507
"D:/UE_project/Blaster/Content/Assets/SylizedCity/Models/Vehicles/SM_BikeTire2.ubulk" 7508
"D:/UE_project/Blaster/Content/Assets/SylizedCity/Models/Vehicles/SM_BikeTire2.uasset" 7509
"D:/UE_project/Blaster/Content/Assets/SylizedCity/Models/Vehicles/SM_BikeTire2.uexp" 7510
"D:/UE_project/Blaster/Content/Assets/SylizedCity/Models/Vehicles/SM_Bike.ubulk" 7511
"D:/UE_project/Blaster/Content/Assets/SylizedCity/Models/Vehicles/SM_Bike.uasset" 7512
"D:/UE_project/Blaster/Content/Assets/SylizedCity/Models/Vehicles/SM_Bike.uexp" 7513
"D:/UE_project/Blaster/Content/Assets/SylizedCity/Blueprints/BP_Bike.uasset" 7514
"D:/UE_project/Blaster/Content/Assets/SylizedCity/Blueprints/BP_Bike.uexp" 7515
"D:/UE_project/Blaster/Content/Assets/SylizedCity/Textures/poster3.ubulk" 7516
"D:/UE_project/Blaster/Content/Assets/SylizedCity/Textures/poster3.uasset" 7517
"D:/UE_project/Blaster/Content/Assets/SylizedCity/Textures/poster3.uexp" 7518
"D:/UE_project/Blaster/Content/Assets/SylizedCity/Materials/M_Signs4.uasset" 7519
"D:/UE_project/Blaster/Content/Assets/SylizedCity/Materials/M_Signs4.uexp" 7520
"D:/UE_project/Blaster/Content/Assets/SylizedCity/Models/SM_SignStop.ubulk" 7521
"D:/UE_project/Blaster/Content/Assets/SylizedCity/Models/SM_SignStop.uasset" 7522
"D:/UE_project/Blaster/Content/Assets/SylizedCity/Models/SM_SignStop.uexp" 7523
"D:/UE_project/Blaster/Content/Assets/SylizedCity/Models/Vehicles/SM_Car.ubulk" 7524
"D:/UE_project/Blaster/Content/Assets/SylizedCity/Models/Vehicles/SM_Car.uasset" 7525
"D:/UE_project/Blaster/Content/Assets/SylizedCity/Models/Vehicles/SM_Car.uexp" 7526
"D:/UE_project/Blaster/Content/Assets/SylizedCity/Blueprints/BP_Car1.uasset" 7527
"D:/UE_project/Blaster/Content/Assets/SylizedCity/Blueprints/BP_Car1.uexp" 7528
"D:/UE_project/Blaster/Content/Assets/SylizedCity/Textures/T_Stool_E.ubulk" 7529
"D:/UE_project/Blaster/Content/Assets/SylizedCity/Textures/T_Stool_E.uasset" 7530
"D:/UE_project/Blaster/Content/Assets/SylizedCity/Textures/T_Stool_E.uexp" 7531
"D:/UE_project/Blaster/Content/Assets/SylizedCity/Textures/T_Stool_BC.ubulk" 7532
"D:/UE_project/Blaster/Content/Assets/SylizedCity/Textures/T_Stool_BC.uasset" 7533
"D:/UE_project/Blaster/Content/Assets/SylizedCity/Textures/T_Stool_BC.uexp" 7534
"D:/UE_project/Blaster/Content/Assets/SylizedCity/Textures/T_Stool_N.ubulk" 7535
"D:/UE_project/Blaster/Content/Assets/SylizedCity/Textures/T_Stool_N.uasset" 7536
"D:/UE_project/Blaster/Content/Assets/SylizedCity/Textures/T_Stool_N.uexp" 7537
"D:/UE_project/Blaster/Content/Assets/SylizedCity/Textures/T_Stool_ORM.ubulk" 7538
"D:/UE_project/Blaster/Content/Assets/SylizedCity/Textures/T_Stool_ORM.uasset" 7539
"D:/UE_project/Blaster/Content/Assets/SylizedCity/Textures/T_Stool_ORM.uexp" 7540
"D:/UE_project/Blaster/Content/Assets/SylizedCity/Materials/MI_Stool.uasset" 7541
"D:/UE_project/Blaster/Content/Assets/SylizedCity/Materials/MI_Stool.uexp" 7542
"D:/UE_project/Blaster/Content/Assets/SylizedCity/Models/Props/SM_Stool.ubulk" 7543
"D:/UE_project/Blaster/Content/Assets/SylizedCity/Models/Props/SM_Stool.uasset" 7544
"D:/UE_project/Blaster/Content/Assets/SylizedCity/Models/Props/SM_Stool.uexp" 7545
"D:/UE_project/Blaster/Content/Assets/SylizedCity/Models/SM_signSushi.ubulk" 7546
"D:/UE_project/Blaster/Content/Assets/SylizedCity/Models/SM_signSushi.uasset" 7547
"D:/UE_project/Blaster/Content/Assets/SylizedCity/Models/SM_signSushi.uexp" 7548
"D:/UE_project/Blaster/Content/Assets/SylizedCity/Models/SM_BlockA4.ubulk" 7549
"D:/UE_project/Blaster/Content/Assets/SylizedCity/Models/SM_BlockA4.uasset" 7550
"D:/UE_project/Blaster/Content/Assets/SylizedCity/Models/SM_BlockA4.uexp" 7551
"D:/UE_project/Blaster/Content/Assets/SylizedCity/Models/SM_BlockB2.ubulk" 7552
"D:/UE_project/Blaster/Content/Assets/SylizedCity/Models/SM_BlockB2.uasset" 7553
"D:/UE_project/Blaster/Content/Assets/SylizedCity/Models/SM_BlockB2.uexp" 7554
"D:/UE_project/Blaster/Content/Assets/SylizedCity/Textures/Vehicles/T_Car_BC2.ubulk" 7555
"D:/UE_project/Blaster/Content/Assets/SylizedCity/Textures/Vehicles/T_Car_BC2.uasset" 7556
"D:/UE_project/Blaster/Content/Assets/SylizedCity/Textures/Vehicles/T_Car_BC2.uexp" 7557
"D:/UE_project/Blaster/Content/Assets/SylizedCity/Materials/MI_Car3.uasset" 7558
"D:/UE_project/Blaster/Content/Assets/SylizedCity/Materials/MI_Car3.uexp" 7559
"D:/UE_project/Blaster/Content/Assets/SylizedCity/Blueprints/BP_Car3.uasset" 7560
"D:/UE_project/Blaster/Content/Assets/SylizedCity/Blueprints/BP_Car3.uexp" 7561
"D:/UE_project/Blaster/Content/Assets/SylizedCity/Textures/T_Lamp1_N.ubulk" 7562
"D:/UE_project/Blaster/Content/Assets/SylizedCity/Textures/T_Lamp1_N.uasset" 7563
"D:/UE_project/Blaster/Content/Assets/SylizedCity/Textures/T_Lamp1_N.uexp" 7564
"D:/UE_project/Blaster/Content/Assets/SylizedCity/Textures/T_Lamp1_BC.ubulk" 7565
"D:/UE_project/Blaster/Content/Assets/SylizedCity/Textures/T_Lamp1_BC.uasset" 7566
"D:/UE_project/Blaster/Content/Assets/SylizedCity/Textures/T_Lamp1_BC.uexp" 7567
"D:/UE_project/Blaster/Content/Assets/SylizedCity/Textures/T_Lamp1_E.ubulk" 7568
"D:/UE_project/Blaster/Content/Assets/SylizedCity/Textures/T_Lamp1_E.uasset" 7569
"D:/UE_project/Blaster/Content/Assets/SylizedCity/Textures/T_Lamp1_E.uexp" 7570
"D:/UE_project/Blaster/Content/Assets/SylizedCity/Textures/T_Lamp1_ORM.ubulk" 7571
"D:/UE_project/Blaster/Content/Assets/SylizedCity/Textures/T_Lamp1_ORM.uasset" 7572
"D:/UE_project/Blaster/Content/Assets/SylizedCity/Textures/T_Lamp1_ORM.uexp" 7573
"D:/UE_project/Blaster/Content/Assets/SylizedCity/Materials/MI_Lamp1.uasset" 7574
"D:/UE_project/Blaster/Content/Assets/SylizedCity/Materials/MI_Lamp1.uexp" 7575
"D:/UE_project/Blaster/Content/Assets/SylizedCity/Models/Props/SM_Lamp.ubulk" 7576
"D:/UE_project/Blaster/Content/Assets/SylizedCity/Models/Props/SM_Lamp.uasset" 7577
"D:/UE_project/Blaster/Content/Assets/SylizedCity/Models/Props/SM_Lamp.uexp" 7578
"D:/UE_project/Blaster/Content/Assets/SylizedCity/Models/SM_Tower.ubulk" 7579
"D:/UE_project/Blaster/Content/Assets/SylizedCity/Models/SM_Tower.uasset" 7580
"D:/UE_project/Blaster/Content/Assets/SylizedCity/Models/SM_Tower.uexp" 7581
"D:/UE_project/Blaster/Content/Maps/GameStartupMap.uexp" 7582
"D:/UE_project/Blaster/Content/Maps/GameStartupMap.umap" 7583
"D:/UE_project/Blaster/Content/Blueprint/Pickups/BP_GrenadeSpawnPoint.uasset" 7584
"D:/UE_project/Blaster/Content/Blueprint/Pickups/BP_GrenadeSpawnPoint.uexp" 7585
"D:/UE_project/Blaster/Content/Blueprint/Pickups/BP_RocketSpawnPoint.uasset" 7586
"D:/UE_project/Blaster/Content/Blueprint/Pickups/BP_RocketSpawnPoint.uexp" 7587
"D:/UE_project/Blaster/Content/Blueprint/Pickups/BP_PistolSpawnPoint.uasset" 7588
"D:/UE_project/Blaster/Content/Blueprint/Pickups/BP_PistolSpawnPoint.uexp" 7589
"D:/UE_project/Blaster/Content/Maps/CaptureTheFlag.uexp" 7590
"D:/UE_project/Blaster/Content/Maps/CaptureTheFlag.umap" 7591
"D:/UE_project/Blaster/Content/Blueprint/PlayerController/BP_BlasterPlayerController.uasset" 7592
"D:/UE_project/Blaster/Content/Blueprint/PlayerController/BP_BlasterPlayerController.uexp" 7593
"D:/UE_project/Blaster/Content/Blueprint/GameMode/BP_BlasterGameMode.uasset" 7594
"D:/UE_project/Blaster/Content/Blueprint/GameMode/BP_BlasterGameMode.uexp" 7595
"D:/UE_project/Blaster/Content/Blueprint/Pickups/BP_ShotgunSpawnPoint.uasset" 7596
"D:/UE_project/Blaster/Content/Blueprint/Pickups/BP_ShotgunSpawnPoint.uexp" 7597
"D:/UE_project/Blaster/Content/Maps/BlasterMap.uexp" 7598
"D:/UE_project/Blaster/Content/Maps/BlasterMap.umap" 7599
